ISO-10303-21;
HEADER;
/* Generated by software containing ST-Developer
 * from STEP Tools, Inc. (www.steptools.com) 
 */

FILE_DESCRIPTION(
/* description */ (''),
/* implementation_level */ '2;1');

FILE_NAME(
/* name */ 'new assembly.step',
/* time_stamp */ '2026-09-28T11:44:52+05:30',
/* author */ (''),
/* organization */ (''),
/* preprocessor_version */ 'ST-DEVELOPER v20.2',
/* originating_system */ 'Autodesk Translation Framework v15.15.0.0',
/* authorisation */ '');

FILE_SCHEMA (('AUTOMOTIVE_DESIGN { 1 0 10303 214 3 1 1 }'));
ENDSEC;

DATA;
#10=MECHANICAL_DESIGN_GEOMETRIC_PRESENTATION_REPRESENTATION('',(#91,#92,
#93,#94,#95,#96,#97,#98,#99,#100),#6192);
#11=ITEM_DEFINED_TRANSFORMATION($,$,#3714,#3989);
#12=ITEM_DEFINED_TRANSFORMATION($,$,#3807,#3990);
#13=ITEM_DEFINED_TRANSFORMATION($,$,#3836,#3991);
#14=ITEM_DEFINED_TRANSFORMATION($,$,#3856,#3992);
#15=ITEM_DEFINED_TRANSFORMATION($,$,#3856,#3993);
#16=ITEM_DEFINED_TRANSFORMATION($,$,#3867,#3994);
#17=ITEM_DEFINED_TRANSFORMATION($,$,#3878,#3995);
#18=ITEM_DEFINED_TRANSFORMATION($,$,#3906,#3996);
#19=ITEM_DEFINED_TRANSFORMATION($,$,#3906,#3997);
#20=ITEM_DEFINED_TRANSFORMATION($,$,#3906,#3998);
#21=ITEM_DEFINED_TRANSFORMATION($,$,#3906,#3999);
#22=ITEM_DEFINED_TRANSFORMATION($,$,#3906,#4000);
#23=ITEM_DEFINED_TRANSFORMATION($,$,#3926,#4001);
#24=ITEM_DEFINED_TRANSFORMATION($,$,#3946,#4002);
#25=ITEM_DEFINED_TRANSFORMATION($,$,#3966,#4003);
#26=(
REPRESENTATION_RELATIONSHIP($,$,#6235,#6234)
REPRESENTATION_RELATIONSHIP_WITH_TRANSFORMATION(#11)
SHAPE_REPRESENTATION_RELATIONSHIP()
);
#27=(
REPRESENTATION_RELATIONSHIP($,$,#6236,#6234)
REPRESENTATION_RELATIONSHIP_WITH_TRANSFORMATION(#12)
SHAPE_REPRESENTATION_RELATIONSHIP()
);
#28=(
REPRESENTATION_RELATIONSHIP($,$,#6237,#6234)
REPRESENTATION_RELATIONSHIP_WITH_TRANSFORMATION(#13)
SHAPE_REPRESENTATION_RELATIONSHIP()
);
#29=(
REPRESENTATION_RELATIONSHIP($,$,#6238,#6234)
REPRESENTATION_RELATIONSHIP_WITH_TRANSFORMATION(#14)
SHAPE_REPRESENTATION_RELATIONSHIP()
);
#30=(
REPRESENTATION_RELATIONSHIP($,$,#6238,#6234)
REPRESENTATION_RELATIONSHIP_WITH_TRANSFORMATION(#15)
SHAPE_REPRESENTATION_RELATIONSHIP()
);
#31=(
REPRESENTATION_RELATIONSHIP($,$,#6239,#6234)
REPRESENTATION_RELATIONSHIP_WITH_TRANSFORMATION(#16)
SHAPE_REPRESENTATION_RELATIONSHIP()
);
#32=(
REPRESENTATION_RELATIONSHIP($,$,#6240,#6234)
REPRESENTATION_RELATIONSHIP_WITH_TRANSFORMATION(#17)
SHAPE_REPRESENTATION_RELATIONSHIP()
);
#33=(
REPRESENTATION_RELATIONSHIP($,$,#6241,#6234)
REPRESENTATION_RELATIONSHIP_WITH_TRANSFORMATION(#18)
SHAPE_REPRESENTATION_RELATIONSHIP()
);
#34=(
REPRESENTATION_RELATIONSHIP($,$,#6241,#6234)
REPRESENTATION_RELATIONSHIP_WITH_TRANSFORMATION(#19)
SHAPE_REPRESENTATION_RELATIONSHIP()
);
#35=(
REPRESENTATION_RELATIONSHIP($,$,#6241,#6234)
REPRESENTATION_RELATIONSHIP_WITH_TRANSFORMATION(#20)
SHAPE_REPRESENTATION_RELATIONSHIP()
);
#36=(
REPRESENTATION_RELATIONSHIP($,$,#6241,#6234)
REPRESENTATION_RELATIONSHIP_WITH_TRANSFORMATION(#21)
SHAPE_REPRESENTATION_RELATIONSHIP()
);
#37=(
REPRESENTATION_RELATIONSHIP($,$,#6241,#6234)
REPRESENTATION_RELATIONSHIP_WITH_TRANSFORMATION(#22)
SHAPE_REPRESENTATION_RELATIONSHIP()
);
#38=(
REPRESENTATION_RELATIONSHIP($,$,#6242,#6234)
REPRESENTATION_RELATIONSHIP_WITH_TRANSFORMATION(#23)
SHAPE_REPRESENTATION_RELATIONSHIP()
);
#39=(
REPRESENTATION_RELATIONSHIP($,$,#6243,#6234)
REPRESENTATION_RELATIONSHIP_WITH_TRANSFORMATION(#24)
SHAPE_REPRESENTATION_RELATIONSHIP()
);
#40=(
REPRESENTATION_RELATIONSHIP($,$,#6244,#6234)
REPRESENTATION_RELATIONSHIP_WITH_TRANSFORMATION(#25)
SHAPE_REPRESENTATION_RELATIONSHIP()
);
#41=CONTEXT_DEPENDENT_SHAPE_REPRESENTATION(#26,#6219);
#42=CONTEXT_DEPENDENT_SHAPE_REPRESENTATION(#27,#6220);
#43=CONTEXT_DEPENDENT_SHAPE_REPRESENTATION(#28,#6221);
#44=CONTEXT_DEPENDENT_SHAPE_REPRESENTATION(#29,#6222);
#45=CONTEXT_DEPENDENT_SHAPE_REPRESENTATION(#30,#6223);
#46=CONTEXT_DEPENDENT_SHAPE_REPRESENTATION(#31,#6224);
#47=CONTEXT_DEPENDENT_SHAPE_REPRESENTATION(#32,#6225);
#48=CONTEXT_DEPENDENT_SHAPE_REPRESENTATION(#33,#6226);
#49=CONTEXT_DEPENDENT_SHAPE_REPRESENTATION(#34,#6227);
#50=CONTEXT_DEPENDENT_SHAPE_REPRESENTATION(#35,#6228);
#51=CONTEXT_DEPENDENT_SHAPE_REPRESENTATION(#36,#6229);
#52=CONTEXT_DEPENDENT_SHAPE_REPRESENTATION(#37,#6230);
#53=CONTEXT_DEPENDENT_SHAPE_REPRESENTATION(#38,#6231);
#54=CONTEXT_DEPENDENT_SHAPE_REPRESENTATION(#39,#6232);
#55=CONTEXT_DEPENDENT_SHAPE_REPRESENTATION(#40,#6233);
#56=NEXT_ASSEMBLY_USAGE_OCCURRENCE('Base:1','Base:1','Base:1',#6246,#6247,
'Base:1');
#57=NEXT_ASSEMBLY_USAGE_OCCURRENCE('vertical lift:1','vertical lift:1',
'vertical lift:1',#6246,#6248,'vertical lift:1');
#58=NEXT_ASSEMBLY_USAGE_OCCURRENCE('arm1:1','arm1:1','arm1:1',#6246,#6249,
'arm1:1');
#59=NEXT_ASSEMBLY_USAGE_OCCURRENCE('arm2:1','arm2:1','arm2:1',#6246,#6250,
'arm2:1');
#60=NEXT_ASSEMBLY_USAGE_OCCURRENCE('arm2:2','arm2:2','arm2:2',#6246,#6250,
'arm2:2');
#61=NEXT_ASSEMBLY_USAGE_OCCURRENCE('arm3:1','arm3:1','arm3:1',#6246,#6251,
'arm3:1');
#62=NEXT_ASSEMBLY_USAGE_OCCURRENCE('arm4:1','arm4:1','arm4:1',#6246,#6252,
'arm4:1');
#63=NEXT_ASSEMBLY_USAGE_OCCURRENCE('gripper1:1','gripper1:1',
'gripper1:1',#6246,#6253,'gripper1:1');
#64=NEXT_ASSEMBLY_USAGE_OCCURRENCE('gripper1:2','gripper1:2',
'gripper1:2',#6246,#6253,'gripper1:2');
#65=NEXT_ASSEMBLY_USAGE_OCCURRENCE('gripper1:3','gripper1:3',
'gripper1:3',#6246,#6253,'gripper1:3');
#66=NEXT_ASSEMBLY_USAGE_OCCURRENCE('gripper1:4','gripper1:4',
'gripper1:4',#6246,#6253,'gripper1:4');
#67=NEXT_ASSEMBLY_USAGE_OCCURRENCE('gripper1:5','gripper1:5',
'gripper1:5',#6246,#6253,'gripper1:5');
#68=NEXT_ASSEMBLY_USAGE_OCCURRENCE('gripper1new:1','gripper1new:1',
'gripper1new:1',#6246,#6254,'gripper1new:1');
#69=NEXT_ASSEMBLY_USAGE_OCCURRENCE('gripper2:1','gripper2:1',
'gripper2:1',#6246,#6255,'gripper2:1');
#70=NEXT_ASSEMBLY_USAGE_OCCURRENCE('plate1:1','plate1:1','plate1:1',#6246,
#6256,'plate1:1');
#71=SHAPE_REPRESENTATION_RELATIONSHIP('SRR','None',#6235,#81);
#72=SHAPE_REPRESENTATION_RELATIONSHIP('SRR','None',#6236,#82);
#73=SHAPE_REPRESENTATION_RELATIONSHIP('SRR','None',#6237,#83);
#74=SHAPE_REPRESENTATION_RELATIONSHIP('SRR','None',#6238,#84);
#75=SHAPE_REPRESENTATION_RELATIONSHIP('SRR','None',#6239,#85);
#76=SHAPE_REPRESENTATION_RELATIONSHIP('SRR','None',#6240,#86);
#77=SHAPE_REPRESENTATION_RELATIONSHIP('SRR','None',#6241,#87);
#78=SHAPE_REPRESENTATION_RELATIONSHIP('SRR','None',#6242,#88);
#79=SHAPE_REPRESENTATION_RELATIONSHIP('SRR','None',#6243,#89);
#80=SHAPE_REPRESENTATION_RELATIONSHIP('SRR','None',#6244,#90);
#81=ADVANCED_BREP_SHAPE_REPRESENTATION('',(#101),#6182);
#82=ADVANCED_BREP_SHAPE_REPRESENTATION('',(#102),#6183);
#83=ADVANCED_BREP_SHAPE_REPRESENTATION('',(#103),#6184);
#84=ADVANCED_BREP_SHAPE_REPRESENTATION('',(#104),#6185);
#85=ADVANCED_BREP_SHAPE_REPRESENTATION('',(#105),#6186);
#86=ADVANCED_BREP_SHAPE_REPRESENTATION('',(#106),#6187);
#87=ADVANCED_BREP_SHAPE_REPRESENTATION('',(#107),#6188);
#88=ADVANCED_BREP_SHAPE_REPRESENTATION('',(#108),#6189);
#89=ADVANCED_BREP_SHAPE_REPRESENTATION('',(#109),#6190);
#90=ADVANCED_BREP_SHAPE_REPRESENTATION('',(#110),#6191);
#91=STYLED_ITEM('',(#6293),#101);
#92=STYLED_ITEM('',(#6293),#102);
#93=STYLED_ITEM('',(#6293),#103);
#94=STYLED_ITEM('',(#6293),#104);
#95=STYLED_ITEM('',(#6293),#105);
#96=STYLED_ITEM('',(#6293),#106);
#97=STYLED_ITEM('',(#6293),#107);
#98=STYLED_ITEM('',(#6294),#108);
#99=STYLED_ITEM('',(#6293),#109);
#100=STYLED_ITEM('',(#6293),#110);
#101=MANIFOLD_SOLID_BREP('Body1',#3592);
#102=MANIFOLD_SOLID_BREP('Body1',#3593);
#103=MANIFOLD_SOLID_BREP('Body1',#3594);
#104=MANIFOLD_SOLID_BREP('Body1',#3595);
#105=MANIFOLD_SOLID_BREP('Body1',#3596);
#106=MANIFOLD_SOLID_BREP('Body1',#3597);
#107=MANIFOLD_SOLID_BREP('Body1',#3598);
#108=MANIFOLD_SOLID_BREP('Body1',#3599);
#109=MANIFOLD_SOLID_BREP('Body1',#3600);
#110=MANIFOLD_SOLID_BREP('Body1',#3601);
#111=CYLINDRICAL_SURFACE('',#3720,100.);
#112=CYLINDRICAL_SURFACE('',#3725,12.5);
#113=CYLINDRICAL_SURFACE('',#3727,125.);
#114=CYLINDRICAL_SURFACE('',#3734,100.);
#115=CYLINDRICAL_SURFACE('',#3739,12.5);
#116=CYLINDRICAL_SURFACE('',#3741,125.);
#117=CYLINDRICAL_SURFACE('',#3756,12.5);
#118=CYLINDRICAL_SURFACE('',#3759,12.5);
#119=CYLINDRICAL_SURFACE('',#3762,12.5);
#120=CYLINDRICAL_SURFACE('',#3765,12.5);
#121=CYLINDRICAL_SURFACE('',#3783,100.);
#122=CYLINDRICAL_SURFACE('',#3788,12.5);
#123=CYLINDRICAL_SURFACE('',#3790,125.);
#124=CYLINDRICAL_SURFACE('',#3798,100.);
#125=CYLINDRICAL_SURFACE('',#3803,12.5);
#126=CYLINDRICAL_SURFACE('',#3805,125.);
#127=CYLINDRICAL_SURFACE('',#3808,12.5);
#128=CYLINDRICAL_SURFACE('',#3813,12.5);
#129=CYLINDRICAL_SURFACE('',#3883,9.7917669254727);
#130=CYLINDRICAL_SURFACE('',#3887,9.7917669254727);
#131=CYLINDRICAL_SURFACE('',#3918,3.);
#132=CYLINDRICAL_SURFACE('',#3921,3.);
#133=CYLINDRICAL_SURFACE('',#3938,3.);
#134=CYLINDRICAL_SURFACE('',#3941,3.);
#135=CYLINDRICAL_SURFACE('',#3957,4.);
#136=CYLINDRICAL_SURFACE('',#3961,4.);
#137=CYLINDRICAL_SURFACE('',#3967,45.);
#138=CYLINDRICAL_SURFACE('',#3971,45.);
#139=CYLINDRICAL_SURFACE('',#3975,45.);
#140=CYLINDRICAL_SURFACE('',#3979,45.);
#141=FACE_BOUND('',#1335,.T.);
#142=FACE_BOUND('',#1338,.T.);
#143=FACE_BOUND('',#1344,.T.);
#144=FACE_BOUND('',#1347,.T.);
#145=FACE_BOUND('',#1368,.T.);
#146=FACE_BOUND('',#1369,.T.);
#147=FACE_BOUND('',#1372,.T.);
#148=FACE_BOUND('',#1373,.T.);
#149=FACE_BOUND('',#1377,.T.);
#150=FACE_BOUND('',#1378,.T.);
#151=FACE_BOUND('',#1381,.T.);
#152=FACE_BOUND('',#1382,.T.);
#153=FACE_BOUND('',#1384,.T.);
#154=FACE_BOUND('',#1386,.T.);
#155=FACE_BOUND('',#1389,.T.);
#156=FACE_BOUND('',#1392,.T.);
#157=FACE_BOUND('',#1399,.T.);
#158=FACE_BOUND('',#1402,.T.);
#159=FACE_BOUND('',#1408,.T.);
#160=FACE_BOUND('',#1418,.T.);
#161=FACE_BOUND('',#1419,.T.);
#162=FACE_BOUND('',#1425,.T.);
#163=FACE_BOUND('',#1426,.T.);
#164=FACE_BOUND('',#1435,.T.);
#165=FACE_BOUND('',#1459,.T.);
#166=FACE_BOUND('',#1461,.T.);
#167=FACE_BOUND('',#1471,.T.);
#168=FACE_BOUND('',#1473,.T.);
#169=FACE_BOUND('',#1483,.T.);
#170=FACE_BOUND('',#1488,.T.);
#171=FACE_BOUND('',#1499,.T.);
#172=FACE_BOUND('',#1501,.T.);
#173=FACE_BOUND('',#1518,.T.);
#174=FACE_BOUND('',#1534,.T.);
#175=FACE_BOUND('',#1561,.T.);
#176=FACE_BOUND('',#1562,.T.);
#177=FACE_BOUND('',#1563,.T.);
#178=FACE_BOUND('',#1564,.T.);
#179=LINE('',#5040,#578);
#180=LINE('',#5041,#579);
#181=LINE('',#5048,#580);
#182=LINE('',#5054,#581);
#183=LINE('',#5058,#582);
#184=LINE('',#5061,#583);
#185=LINE('',#5115,#584);
#186=LINE('',#5116,#585);
#187=LINE('',#5123,#586);
#188=LINE('',#5129,#587);
#189=LINE('',#5133,#588);
#190=LINE('',#5136,#589);
#191=LINE('',#5138,#590);
#192=LINE('',#5140,#591);
#193=LINE('',#5142,#592);
#194=LINE('',#5143,#593);
#195=LINE('',#5146,#594);
#196=LINE('',#5148,#595);
#197=LINE('',#5173,#596);
#198=LINE('',#5175,#597);
#199=LINE('',#5177,#598);
#200=LINE('',#5202,#599);
#201=LINE('',#5203,#600);
#202=LINE('',#5206,#601);
#203=LINE('',#5208,#602);
#204=LINE('',#5213,#603);
#205=LINE('',#5215,#604);
#206=LINE('',#5217,#605);
#207=LINE('',#5218,#606);
#208=LINE('',#5221,#607);
#209=LINE('',#5223,#608);
#210=LINE('',#5224,#609);
#211=LINE('',#5227,#610);
#212=LINE('',#5229,#611);
#213=LINE('',#5230,#612);
#214=LINE('',#5233,#613);
#215=LINE('',#5235,#614);
#216=LINE('',#5236,#615);
#217=LINE('',#5240,#616);
#218=LINE('',#5242,#617);
#219=LINE('',#5244,#618);
#220=LINE('',#5245,#619);
#221=LINE('',#5248,#620);
#222=LINE('',#5250,#621);
#223=LINE('',#5251,#622);
#224=LINE('',#5254,#623);
#225=LINE('',#5256,#624);
#226=LINE('',#5257,#625);
#227=LINE('',#5260,#626);
#228=LINE('',#5262,#627);
#229=LINE('',#5263,#628);
#230=LINE('',#5266,#629);
#231=LINE('',#5267,#630);
#232=LINE('',#5269,#631);
#233=LINE('',#5270,#632);
#234=LINE('',#5275,#633);
#235=LINE('',#5281,#634);
#236=LINE('',#5287,#635);
#237=LINE('',#5293,#636);
#238=LINE('',#5297,#637);
#239=LINE('',#5298,#638);
#240=LINE('',#5301,#639);
#241=LINE('',#5302,#640);
#242=LINE('',#5304,#641);
#243=LINE('',#5306,#642);
#244=LINE('',#5310,#643);
#245=LINE('',#5312,#644);
#246=LINE('',#5314,#645);
#247=LINE('',#5315,#646);
#248=LINE('',#5318,#647);
#249=LINE('',#5320,#648);
#250=LINE('',#5321,#649);
#251=LINE('',#5324,#650);
#252=LINE('',#5326,#651);
#253=LINE('',#5327,#652);
#254=LINE('',#5329,#653);
#255=LINE('',#5330,#654);
#256=LINE('',#5334,#655);
#257=LINE('',#5335,#656);
#258=LINE('',#5364,#657);
#259=LINE('',#5371,#658);
#260=LINE('',#5377,#659);
#261=LINE('',#5381,#660);
#262=LINE('',#5384,#661);
#263=LINE('',#5413,#662);
#264=LINE('',#5420,#663);
#265=LINE('',#5426,#664);
#266=LINE('',#5429,#665);
#267=LINE('',#5436,#666);
#268=LINE('',#5442,#667);
#269=LINE('',#5445,#668);
#270=LINE('',#5450,#669);
#271=LINE('',#5454,#670);
#272=LINE('',#5458,#671);
#273=LINE('',#5463,#672);
#274=LINE('',#5467,#673);
#275=LINE('',#5469,#674);
#276=LINE('',#5471,#675);
#277=LINE('',#5473,#676);
#278=LINE('',#5474,#677);
#279=LINE('',#5477,#678);
#280=LINE('',#5478,#679);
#281=LINE('',#5481,#680);
#282=LINE('',#5483,#681);
#283=LINE('',#5485,#682);
#284=LINE('',#5487,#683);
#285=LINE('',#5488,#684);
#286=LINE('',#5491,#685);
#287=LINE('',#5492,#686);
#288=LINE('',#5495,#687);
#289=LINE('',#5497,#688);
#290=LINE('',#5499,#689);
#291=LINE('',#5500,#690);
#292=LINE('',#5502,#691);
#293=LINE('',#5505,#692);
#294=LINE('',#5507,#693);
#295=LINE('',#5508,#694);
#296=LINE('',#5511,#695);
#297=LINE('',#5513,#696);
#298=LINE('',#5514,#697);
#299=LINE('',#5517,#698);
#300=LINE('',#5519,#699);
#301=LINE('',#5520,#700);
#302=LINE('',#5523,#701);
#303=LINE('',#5524,#702);
#304=LINE('',#5525,#703);
#305=LINE('',#5527,#704);
#306=LINE('',#5530,#705);
#307=LINE('',#5532,#706);
#308=LINE('',#5533,#707);
#309=LINE('',#5536,#708);
#310=LINE('',#5538,#709);
#311=LINE('',#5539,#710);
#312=LINE('',#5541,#711);
#313=LINE('',#5542,#712);
#314=LINE('',#5549,#713);
#315=LINE('',#5551,#714);
#316=LINE('',#5553,#715);
#317=LINE('',#5554,#716);
#318=LINE('',#5557,#717);
#319=LINE('',#5559,#718);
#320=LINE('',#5560,#719);
#321=LINE('',#5563,#720);
#322=LINE('',#5565,#721);
#323=LINE('',#5566,#722);
#324=LINE('',#5568,#723);
#325=LINE('',#5569,#724);
#326=LINE('',#5573,#725);
#327=LINE('',#5575,#726);
#328=LINE('',#5577,#727);
#329=LINE('',#5578,#728);
#330=LINE('',#5582,#729);
#331=LINE('',#5584,#730);
#332=LINE('',#5586,#731);
#333=LINE('',#5587,#732);
#334=LINE('',#5590,#733);
#335=LINE('',#5592,#734);
#336=LINE('',#5593,#735);
#337=LINE('',#5596,#736);
#338=LINE('',#5598,#737);
#339=LINE('',#5599,#738);
#340=LINE('',#5602,#739);
#341=LINE('',#5604,#740);
#342=LINE('',#5605,#741);
#343=LINE('',#5608,#742);
#344=LINE('',#5610,#743);
#345=LINE('',#5611,#744);
#346=LINE('',#5614,#745);
#347=LINE('',#5616,#746);
#348=LINE('',#5617,#747);
#349=LINE('',#5619,#748);
#350=LINE('',#5620,#749);
#351=LINE('',#5624,#750);
#352=LINE('',#5626,#751);
#353=LINE('',#5627,#752);
#354=LINE('',#5630,#753);
#355=LINE('',#5632,#754);
#356=LINE('',#5633,#755);
#357=LINE('',#5636,#756);
#358=LINE('',#5638,#757);
#359=LINE('',#5639,#758);
#360=LINE('',#5641,#759);
#361=LINE('',#5642,#760);
#362=LINE('',#5649,#761);
#363=LINE('',#5651,#762);
#364=LINE('',#5653,#763);
#365=LINE('',#5654,#764);
#366=LINE('',#5657,#765);
#367=LINE('',#5659,#766);
#368=LINE('',#5660,#767);
#369=LINE('',#5663,#768);
#370=LINE('',#5665,#769);
#371=LINE('',#5666,#770);
#372=LINE('',#5668,#771);
#373=LINE('',#5669,#772);
#374=LINE('',#5673,#773);
#375=LINE('',#5675,#774);
#376=LINE('',#5677,#775);
#377=LINE('',#5678,#776);
#378=LINE('',#5681,#777);
#379=LINE('',#5683,#778);
#380=LINE('',#5684,#779);
#381=LINE('',#5687,#780);
#382=LINE('',#5689,#781);
#383=LINE('',#5690,#782);
#384=LINE('',#5692,#783);
#385=LINE('',#5693,#784);
#386=LINE('',#5700,#785);
#387=LINE('',#5702,#786);
#388=LINE('',#5704,#787);
#389=LINE('',#5705,#788);
#390=LINE('',#5708,#789);
#391=LINE('',#5710,#790);
#392=LINE('',#5711,#791);
#393=LINE('',#5714,#792);
#394=LINE('',#5716,#793);
#395=LINE('',#5717,#794);
#396=LINE('',#5719,#795);
#397=LINE('',#5720,#796);
#398=LINE('',#5724,#797);
#399=LINE('',#5726,#798);
#400=LINE('',#5728,#799);
#401=LINE('',#5729,#800);
#402=LINE('',#5732,#801);
#403=LINE('',#5734,#802);
#404=LINE('',#5735,#803);
#405=LINE('',#5738,#804);
#406=LINE('',#5740,#805);
#407=LINE('',#5741,#806);
#408=LINE('',#5743,#807);
#409=LINE('',#5744,#808);
#410=LINE('',#5751,#809);
#411=LINE('',#5753,#810);
#412=LINE('',#5755,#811);
#413=LINE('',#5756,#812);
#414=LINE('',#5759,#813);
#415=LINE('',#5761,#814);
#416=LINE('',#5762,#815);
#417=LINE('',#5765,#816);
#418=LINE('',#5767,#817);
#419=LINE('',#5768,#818);
#420=LINE('',#5772,#819);
#421=LINE('',#5774,#820);
#422=LINE('',#5776,#821);
#423=LINE('',#5777,#822);
#424=LINE('',#5783,#823);
#425=LINE('',#5786,#824);
#426=LINE('',#5788,#825);
#427=LINE('',#5789,#826);
#428=LINE('',#5795,#827);
#429=LINE('',#5797,#828);
#430=LINE('',#5798,#829);
#431=LINE('',#5801,#830);
#432=LINE('',#5803,#831);
#433=LINE('',#5805,#832);
#434=LINE('',#5806,#833);
#435=LINE('',#5810,#834);
#436=LINE('',#5812,#835);
#437=LINE('',#5814,#836);
#438=LINE('',#5815,#837);
#439=LINE('',#5819,#838);
#440=LINE('',#5821,#839);
#441=LINE('',#5823,#840);
#442=LINE('',#5824,#841);
#443=LINE('',#5828,#842);
#444=LINE('',#5829,#843);
#445=LINE('',#5830,#844);
#446=LINE('',#5833,#845);
#447=LINE('',#5834,#846);
#448=LINE('',#5835,#847);
#449=LINE('',#5837,#848);
#450=LINE('',#5840,#849);
#451=LINE('',#5842,#850);
#452=LINE('',#5843,#851);
#453=LINE('',#5847,#852);
#454=LINE('',#5848,#853);
#455=LINE('',#5849,#854);
#456=LINE('',#5852,#855);
#457=LINE('',#5853,#856);
#458=LINE('',#5856,#857);
#459=LINE('',#5857,#858);
#460=LINE('',#5859,#859);
#461=LINE('',#5862,#860);
#462=LINE('',#5863,#861);
#463=LINE('',#5866,#862);
#464=LINE('',#5867,#863);
#465=LINE('',#5869,#864);
#466=LINE('',#5875,#865);
#467=LINE('',#5877,#866);
#468=LINE('',#5879,#867);
#469=LINE('',#5880,#868);
#470=LINE('',#5883,#869);
#471=LINE('',#5885,#870);
#472=LINE('',#5887,#871);
#473=LINE('',#5888,#872);
#474=LINE('',#5891,#873);
#475=LINE('',#5893,#874);
#476=LINE('',#5894,#875);
#477=LINE('',#5897,#876);
#478=LINE('',#5898,#877);
#479=LINE('',#5901,#878);
#480=LINE('',#5902,#879);
#481=LINE('',#5904,#880);
#482=LINE('',#5909,#881);
#483=LINE('',#5910,#882);
#484=LINE('',#5911,#883);
#485=LINE('',#5914,#884);
#486=LINE('',#5915,#885);
#487=LINE('',#5918,#886);
#488=LINE('',#5919,#887);
#489=LINE('',#5922,#888);
#490=LINE('',#5924,#889);
#491=LINE('',#5926,#890);
#492=LINE('',#5928,#891);
#493=LINE('',#5929,#892);
#494=LINE('',#5933,#893);
#495=LINE('',#5935,#894);
#496=LINE('',#5937,#895);
#497=LINE('',#5938,#896);
#498=LINE('',#5951,#897);
#499=LINE('',#5953,#898);
#500=LINE('',#5955,#899);
#501=LINE('',#5956,#900);
#502=LINE('',#5960,#901);
#503=LINE('',#5962,#902);
#504=LINE('',#5964,#903);
#505=LINE('',#5965,#904);
#506=LINE('',#5968,#905);
#507=LINE('',#5970,#906);
#508=LINE('',#5972,#907);
#509=LINE('',#5973,#908);
#510=LINE('',#5975,#909);
#511=LINE('',#5976,#910);
#512=LINE('',#5978,#911);
#513=LINE('',#5980,#912);
#514=LINE('',#5985,#913);
#515=LINE('',#5986,#914);
#516=LINE('',#5987,#915);
#517=LINE('',#5990,#916);
#518=LINE('',#5991,#917);
#519=LINE('',#5994,#918);
#520=LINE('',#5995,#919);
#521=LINE('',#5998,#920);
#522=LINE('',#6000,#921);
#523=LINE('',#6002,#922);
#524=LINE('',#6004,#923);
#525=LINE('',#6005,#924);
#526=LINE('',#6009,#925);
#527=LINE('',#6011,#926);
#528=LINE('',#6013,#927);
#529=LINE('',#6014,#928);
#530=LINE('',#6027,#929);
#531=LINE('',#6029,#930);
#532=LINE('',#6031,#931);
#533=LINE('',#6032,#932);
#534=LINE('',#6036,#933);
#535=LINE('',#6038,#934);
#536=LINE('',#6040,#935);
#537=LINE('',#6041,#936);
#538=LINE('',#6044,#937);
#539=LINE('',#6046,#938);
#540=LINE('',#6048,#939);
#541=LINE('',#6049,#940);
#542=LINE('',#6051,#941);
#543=LINE('',#6052,#942);
#544=LINE('',#6054,#943);
#545=LINE('',#6056,#944);
#546=LINE('',#6061,#945);
#547=LINE('',#6062,#946);
#548=LINE('',#6063,#947);
#549=LINE('',#6066,#948);
#550=LINE('',#6067,#949);
#551=LINE('',#6070,#950);
#552=LINE('',#6071,#951);
#553=LINE('',#6074,#952);
#554=LINE('',#6076,#953);
#555=LINE('',#6078,#954);
#556=LINE('',#6080,#955);
#557=LINE('',#6081,#956);
#558=LINE('',#6087,#957);
#559=LINE('',#6090,#958);
#560=LINE('',#6092,#959);
#561=LINE('',#6093,#960);
#562=LINE('',#6104,#961);
#563=LINE('',#6111,#962);
#564=LINE('',#6118,#963);
#565=LINE('',#6125,#964);
#566=LINE('',#6131,#965);
#567=LINE('',#6133,#966);
#568=LINE('',#6135,#967);
#569=LINE('',#6136,#968);
#570=LINE('',#6139,#969);
#571=LINE('',#6141,#970);
#572=LINE('',#6142,#971);
#573=LINE('',#6145,#972);
#574=LINE('',#6147,#973);
#575=LINE('',#6148,#974);
#576=LINE('',#6150,#975);
#577=LINE('',#6151,#976);
#578=VECTOR('',#4016,10.);
#579=VECTOR('',#4017,10.);
#580=VECTOR('',#4024,100.);
#581=VECTOR('',#4033,12.5);
#582=VECTOR('',#4038,10.);
#583=VECTOR('',#4041,10.);
#584=VECTOR('',#4050,10.);
#585=VECTOR('',#4051,10.);
#586=VECTOR('',#4058,100.);
#587=VECTOR('',#4067,12.5);
#588=VECTOR('',#4072,10.);
#589=VECTOR('',#4075,10.);
#590=VECTOR('',#4078,10.);
#591=VECTOR('',#4079,10.);
#592=VECTOR('',#4080,10.);
#593=VECTOR('',#4081,10.);
#594=VECTOR('',#4084,10.);
#595=VECTOR('',#4085,10.);
#596=VECTOR('',#4086,10.);
#597=VECTOR('',#4087,10.);
#598=VECTOR('',#4088,10.);
#599=VECTOR('',#4089,10.);
#600=VECTOR('',#4090,10.);
#601=VECTOR('',#4093,10.);
#602=VECTOR('',#4094,10.);
#603=VECTOR('',#4099,10.);
#604=VECTOR('',#4100,10.);
#605=VECTOR('',#4101,10.);
#606=VECTOR('',#4102,10.);
#607=VECTOR('',#4105,10.);
#608=VECTOR('',#4106,10.);
#609=VECTOR('',#4107,10.);
#610=VECTOR('',#4110,10.);
#611=VECTOR('',#4111,10.);
#612=VECTOR('',#4112,10.);
#613=VECTOR('',#4115,10.);
#614=VECTOR('',#4116,10.);
#615=VECTOR('',#4117,10.);
#616=VECTOR('',#4120,10.);
#617=VECTOR('',#4121,10.);
#618=VECTOR('',#4122,10.);
#619=VECTOR('',#4123,10.);
#620=VECTOR('',#4126,10.);
#621=VECTOR('',#4127,10.);
#622=VECTOR('',#4128,10.);
#623=VECTOR('',#4131,10.);
#624=VECTOR('',#4132,10.);
#625=VECTOR('',#4133,10.);
#626=VECTOR('',#4136,10.);
#627=VECTOR('',#4137,10.);
#628=VECTOR('',#4138,10.);
#629=VECTOR('',#4141,10.);
#630=VECTOR('',#4142,10.);
#631=VECTOR('',#4143,10.);
#632=VECTOR('',#4144,10.);
#633=VECTOR('',#4149,12.5);
#634=VECTOR('',#4156,12.5);
#635=VECTOR('',#4163,12.5);
#636=VECTOR('',#4170,12.5);
#637=VECTOR('',#4175,10.);
#638=VECTOR('',#4176,10.);
#639=VECTOR('',#4179,10.);
#640=VECTOR('',#4180,10.);
#641=VECTOR('',#4183,10.);
#642=VECTOR('',#4186,10.);
#643=VECTOR('',#4189,10.);
#644=VECTOR('',#4190,10.);
#645=VECTOR('',#4191,10.);
#646=VECTOR('',#4192,10.);
#647=VECTOR('',#4195,10.);
#648=VECTOR('',#4196,10.);
#649=VECTOR('',#4197,10.);
#650=VECTOR('',#4200,10.);
#651=VECTOR('',#4201,10.);
#652=VECTOR('',#4202,10.);
#653=VECTOR('',#4205,10.);
#654=VECTOR('',#4206,10.);
#655=VECTOR('',#4211,10.);
#656=VECTOR('',#4212,10.);
#657=VECTOR('',#4221,10.);
#658=VECTOR('',#4228,100.);
#659=VECTOR('',#4237,12.5);
#660=VECTOR('',#4242,10.);
#661=VECTOR('',#4247,10.);
#662=VECTOR('',#4256,10.);
#663=VECTOR('',#4263,100.);
#664=VECTOR('',#4272,12.5);
#665=VECTOR('',#4277,10.);
#666=VECTOR('',#4286,12.5);
#667=VECTOR('',#4291,10.);
#668=VECTOR('',#4294,10.);
#669=VECTOR('',#4299,12.5);
#670=VECTOR('',#4302,10.);
#671=VECTOR('',#4305,12.5);
#672=VECTOR('',#4310,10.);
#673=VECTOR('',#4315,10.);
#674=VECTOR('',#4316,10.);
#675=VECTOR('',#4317,10.);
#676=VECTOR('',#4318,10.);
#677=VECTOR('',#4319,10.);
#678=VECTOR('',#4322,10.);
#679=VECTOR('',#4323,10.);
#680=VECTOR('',#4326,10.);
#681=VECTOR('',#4327,10.);
#682=VECTOR('',#4328,10.);
#683=VECTOR('',#4329,10.);
#684=VECTOR('',#4330,10.);
#685=VECTOR('',#4333,10.);
#686=VECTOR('',#4334,10.);
#687=VECTOR('',#4337,10.);
#688=VECTOR('',#4338,10.);
#689=VECTOR('',#4339,10.);
#690=VECTOR('',#4340,10.);
#691=VECTOR('',#4343,10.);
#692=VECTOR('',#4346,10.);
#693=VECTOR('',#4347,10.);
#694=VECTOR('',#4348,10.);
#695=VECTOR('',#4351,10.);
#696=VECTOR('',#4352,10.);
#697=VECTOR('',#4353,10.);
#698=VECTOR('',#4356,10.);
#699=VECTOR('',#4357,10.);
#700=VECTOR('',#4358,10.);
#701=VECTOR('',#4361,10.);
#702=VECTOR('',#4362,10.);
#703=VECTOR('',#4363,10.);
#704=VECTOR('',#4366,10.);
#705=VECTOR('',#4369,10.);
#706=VECTOR('',#4370,10.);
#707=VECTOR('',#4371,10.);
#708=VECTOR('',#4374,10.);
#709=VECTOR('',#4375,10.);
#710=VECTOR('',#4376,10.);
#711=VECTOR('',#4379,10.);
#712=VECTOR('',#4380,10.);
#713=VECTOR('',#4389,10.);
#714=VECTOR('',#4390,10.);
#715=VECTOR('',#4391,10.);
#716=VECTOR('',#4392,10.);
#717=VECTOR('',#4395,10.);
#718=VECTOR('',#4396,10.);
#719=VECTOR('',#4397,10.);
#720=VECTOR('',#4400,10.);
#721=VECTOR('',#4401,10.);
#722=VECTOR('',#4402,10.);
#723=VECTOR('',#4405,10.);
#724=VECTOR('',#4406,10.);
#725=VECTOR('',#4409,10.);
#726=VECTOR('',#4410,10.);
#727=VECTOR('',#4411,10.);
#728=VECTOR('',#4412,10.);
#729=VECTOR('',#4415,10.);
#730=VECTOR('',#4416,10.);
#731=VECTOR('',#4417,10.);
#732=VECTOR('',#4418,10.);
#733=VECTOR('',#4421,10.);
#734=VECTOR('',#4422,10.);
#735=VECTOR('',#4423,10.);
#736=VECTOR('',#4426,10.);
#737=VECTOR('',#4427,10.);
#738=VECTOR('',#4428,10.);
#739=VECTOR('',#4431,10.);
#740=VECTOR('',#4432,10.);
#741=VECTOR('',#4433,10.);
#742=VECTOR('',#4436,10.);
#743=VECTOR('',#4437,10.);
#744=VECTOR('',#4438,10.);
#745=VECTOR('',#4441,10.);
#746=VECTOR('',#4442,10.);
#747=VECTOR('',#4443,10.);
#748=VECTOR('',#4446,10.);
#749=VECTOR('',#4447,10.);
#750=VECTOR('',#4452,10.);
#751=VECTOR('',#4453,10.);
#752=VECTOR('',#4454,10.);
#753=VECTOR('',#4457,10.);
#754=VECTOR('',#4458,10.);
#755=VECTOR('',#4459,10.);
#756=VECTOR('',#4462,10.);
#757=VECTOR('',#4463,10.);
#758=VECTOR('',#4464,10.);
#759=VECTOR('',#4467,10.);
#760=VECTOR('',#4468,10.);
#761=VECTOR('',#4477,10.);
#762=VECTOR('',#4478,10.);
#763=VECTOR('',#4479,10.);
#764=VECTOR('',#4480,10.);
#765=VECTOR('',#4483,10.);
#766=VECTOR('',#4484,10.);
#767=VECTOR('',#4485,10.);
#768=VECTOR('',#4488,10.);
#769=VECTOR('',#4489,10.);
#770=VECTOR('',#4490,10.);
#771=VECTOR('',#4493,10.);
#772=VECTOR('',#4494,10.);
#773=VECTOR('',#4497,10.);
#774=VECTOR('',#4498,10.);
#775=VECTOR('',#4499,10.);
#776=VECTOR('',#4500,10.);
#777=VECTOR('',#4503,10.);
#778=VECTOR('',#4504,10.);
#779=VECTOR('',#4505,10.);
#780=VECTOR('',#4508,10.);
#781=VECTOR('',#4509,10.);
#782=VECTOR('',#4510,10.);
#783=VECTOR('',#4513,10.);
#784=VECTOR('',#4514,10.);
#785=VECTOR('',#4523,10.);
#786=VECTOR('',#4524,10.);
#787=VECTOR('',#4525,10.);
#788=VECTOR('',#4526,10.);
#789=VECTOR('',#4529,10.);
#790=VECTOR('',#4530,10.);
#791=VECTOR('',#4531,10.);
#792=VECTOR('',#4534,10.);
#793=VECTOR('',#4535,10.);
#794=VECTOR('',#4536,10.);
#795=VECTOR('',#4539,10.);
#796=VECTOR('',#4540,10.);
#797=VECTOR('',#4543,10.);
#798=VECTOR('',#4544,10.);
#799=VECTOR('',#4545,10.);
#800=VECTOR('',#4546,10.);
#801=VECTOR('',#4549,10.);
#802=VECTOR('',#4550,10.);
#803=VECTOR('',#4551,10.);
#804=VECTOR('',#4554,10.);
#805=VECTOR('',#4555,10.);
#806=VECTOR('',#4556,10.);
#807=VECTOR('',#4559,10.);
#808=VECTOR('',#4560,10.);
#809=VECTOR('',#4569,10.);
#810=VECTOR('',#4570,10.);
#811=VECTOR('',#4571,10.);
#812=VECTOR('',#4572,10.);
#813=VECTOR('',#4575,10.);
#814=VECTOR('',#4576,10.);
#815=VECTOR('',#4577,10.);
#816=VECTOR('',#4580,10.);
#817=VECTOR('',#4581,10.);
#818=VECTOR('',#4582,10.);
#819=VECTOR('',#4585,10.);
#820=VECTOR('',#4586,10.);
#821=VECTOR('',#4587,10.);
#822=VECTOR('',#4588,10.);
#823=VECTOR('',#4595,10.);
#824=VECTOR('',#4598,10.);
#825=VECTOR('',#4599,10.);
#826=VECTOR('',#4600,10.);
#827=VECTOR('',#4609,10.);
#828=VECTOR('',#4610,10.);
#829=VECTOR('',#4611,10.);
#830=VECTOR('',#4614,10.);
#831=VECTOR('',#4615,10.);
#832=VECTOR('',#4616,10.);
#833=VECTOR('',#4617,10.);
#834=VECTOR('',#4620,10.);
#835=VECTOR('',#4621,10.);
#836=VECTOR('',#4622,10.);
#837=VECTOR('',#4623,10.);
#838=VECTOR('',#4626,10.);
#839=VECTOR('',#4627,10.);
#840=VECTOR('',#4628,10.);
#841=VECTOR('',#4629,10.);
#842=VECTOR('',#4632,10.);
#843=VECTOR('',#4633,10.);
#844=VECTOR('',#4634,10.);
#845=VECTOR('',#4637,10.);
#846=VECTOR('',#4638,10.);
#847=VECTOR('',#4639,10.);
#848=VECTOR('',#4642,10.);
#849=VECTOR('',#4645,10.);
#850=VECTOR('',#4646,10.);
#851=VECTOR('',#4647,10.);
#852=VECTOR('',#4650,10.);
#853=VECTOR('',#4651,10.);
#854=VECTOR('',#4652,10.);
#855=VECTOR('',#4655,10.);
#856=VECTOR('',#4656,10.);
#857=VECTOR('',#4659,10.);
#858=VECTOR('',#4660,10.);
#859=VECTOR('',#4663,10.);
#860=VECTOR('',#4666,10.);
#861=VECTOR('',#4667,10.);
#862=VECTOR('',#4670,10.);
#863=VECTOR('',#4671,10.);
#864=VECTOR('',#4674,10.);
#865=VECTOR('',#4681,10.);
#866=VECTOR('',#4682,10.);
#867=VECTOR('',#4683,10.);
#868=VECTOR('',#4684,10.);
#869=VECTOR('',#4685,10.);
#870=VECTOR('',#4686,10.);
#871=VECTOR('',#4687,10.);
#872=VECTOR('',#4688,10.);
#873=VECTOR('',#4691,10.);
#874=VECTOR('',#4692,10.);
#875=VECTOR('',#4693,10.);
#876=VECTOR('',#4696,10.);
#877=VECTOR('',#4697,10.);
#878=VECTOR('',#4700,10.);
#879=VECTOR('',#4701,10.);
#880=VECTOR('',#4704,10.);
#881=VECTOR('',#4709,10.);
#882=VECTOR('',#4710,10.);
#883=VECTOR('',#4711,10.);
#884=VECTOR('',#4714,10.);
#885=VECTOR('',#4715,10.);
#886=VECTOR('',#4718,10.);
#887=VECTOR('',#4719,10.);
#888=VECTOR('',#4722,10.);
#889=VECTOR('',#4723,10.);
#890=VECTOR('',#4724,10.);
#891=VECTOR('',#4725,10.);
#892=VECTOR('',#4726,10.);
#893=VECTOR('',#4729,10.);
#894=VECTOR('',#4730,10.);
#895=VECTOR('',#4731,10.);
#896=VECTOR('',#4732,10.);
#897=VECTOR('',#4753,10.);
#898=VECTOR('',#4754,10.);
#899=VECTOR('',#4755,10.);
#900=VECTOR('',#4756,10.);
#901=VECTOR('',#4759,10.);
#902=VECTOR('',#4760,10.);
#903=VECTOR('',#4761,10.);
#904=VECTOR('',#4762,10.);
#905=VECTOR('',#4763,10.);
#906=VECTOR('',#4764,10.);
#907=VECTOR('',#4765,10.);
#908=VECTOR('',#4766,10.);
#909=VECTOR('',#4769,10.);
#910=VECTOR('',#4770,10.);
#911=VECTOR('',#4773,10.);
#912=VECTOR('',#4776,10.);
#913=VECTOR('',#4781,10.);
#914=VECTOR('',#4782,10.);
#915=VECTOR('',#4783,10.);
#916=VECTOR('',#4786,10.);
#917=VECTOR('',#4787,10.);
#918=VECTOR('',#4790,10.);
#919=VECTOR('',#4791,10.);
#920=VECTOR('',#4794,10.);
#921=VECTOR('',#4795,10.);
#922=VECTOR('',#4796,10.);
#923=VECTOR('',#4797,10.);
#924=VECTOR('',#4798,10.);
#925=VECTOR('',#4801,10.);
#926=VECTOR('',#4802,10.);
#927=VECTOR('',#4803,10.);
#928=VECTOR('',#4804,10.);
#929=VECTOR('',#4825,10.);
#930=VECTOR('',#4826,10.);
#931=VECTOR('',#4827,10.);
#932=VECTOR('',#4828,10.);
#933=VECTOR('',#4831,10.);
#934=VECTOR('',#4832,10.);
#935=VECTOR('',#4833,10.);
#936=VECTOR('',#4834,10.);
#937=VECTOR('',#4835,10.);
#938=VECTOR('',#4836,10.);
#939=VECTOR('',#4837,10.);
#940=VECTOR('',#4838,10.);
#941=VECTOR('',#4841,10.);
#942=VECTOR('',#4842,10.);
#943=VECTOR('',#4845,10.);
#944=VECTOR('',#4848,10.);
#945=VECTOR('',#4853,10.);
#946=VECTOR('',#4854,10.);
#947=VECTOR('',#4855,10.);
#948=VECTOR('',#4858,10.);
#949=VECTOR('',#4859,10.);
#950=VECTOR('',#4862,10.);
#951=VECTOR('',#4863,10.);
#952=VECTOR('',#4866,10.);
#953=VECTOR('',#4867,10.);
#954=VECTOR('',#4868,10.);
#955=VECTOR('',#4869,10.);
#956=VECTOR('',#4870,10.);
#957=VECTOR('',#4877,10.);
#958=VECTOR('',#4880,10.);
#959=VECTOR('',#4881,10.);
#960=VECTOR('',#4882,10.);
#961=VECTOR('',#4899,45.);
#962=VECTOR('',#4908,45.);
#963=VECTOR('',#4917,45.);
#964=VECTOR('',#4926,45.);
#965=VECTOR('',#4933,10.);
#966=VECTOR('',#4934,10.);
#967=VECTOR('',#4935,10.);
#968=VECTOR('',#4936,10.);
#969=VECTOR('',#4939,10.);
#970=VECTOR('',#4940,10.);
#971=VECTOR('',#4941,10.);
#972=VECTOR('',#4944,10.);
#973=VECTOR('',#4945,10.);
#974=VECTOR('',#4946,10.);
#975=VECTOR('',#4949,10.);
#976=VECTOR('',#4950,10.);
#977=PLANE('',#3718);
#978=PLANE('',#3723);
#979=PLANE('',#3726);
#980=PLANE('',#3732);
#981=PLANE('',#3737);
#982=PLANE('',#3740);
#983=PLANE('',#3743);
#984=PLANE('',#3744);
#985=PLANE('',#3745);
#986=PLANE('',#3747);
#987=PLANE('',#3748);
#988=PLANE('',#3749);
#989=PLANE('',#3750);
#990=PLANE('',#3751);
#991=PLANE('',#3752);
#992=PLANE('',#3753);
#993=PLANE('',#3754);
#994=PLANE('',#3755);
#995=PLANE('',#3768);
#996=PLANE('',#3769);
#997=PLANE('',#3770);
#998=PLANE('',#3771);
#999=PLANE('',#3772);
#1000=PLANE('',#3773);
#1001=PLANE('',#3774);
#1002=PLANE('',#3775);
#1003=PLANE('',#3776);
#1004=PLANE('',#3777);
#1005=PLANE('',#3781);
#1006=PLANE('',#3786);
#1007=PLANE('',#3789);
#1008=PLANE('',#3792);
#1009=PLANE('',#3796);
#1010=PLANE('',#3801);
#1011=PLANE('',#3804);
#1012=PLANE('',#3806);
#1013=PLANE('',#3820);
#1014=PLANE('',#3821);
#1015=PLANE('',#3822);
#1016=PLANE('',#3823);
#1017=PLANE('',#3824);
#1018=PLANE('',#3825);
#1019=PLANE('',#3826);
#1020=PLANE('',#3827);
#1021=PLANE('',#3828);
#1022=PLANE('',#3829);
#1023=PLANE('',#3830);
#1024=PLANE('',#3831);
#1025=PLANE('',#3832);
#1026=PLANE('',#3833);
#1027=PLANE('',#3834);
#1028=PLANE('',#3835);
#1029=PLANE('',#3837);
#1030=PLANE('',#3838);
#1031=PLANE('',#3839);
#1032=PLANE('',#3840);
#1033=PLANE('',#3841);
#1034=PLANE('',#3842);
#1035=PLANE('',#3843);
#1036=PLANE('',#3844);
#1037=PLANE('',#3845);
#1038=PLANE('',#3846);
#1039=PLANE('',#3847);
#1040=PLANE('',#3848);
#1041=PLANE('',#3849);
#1042=PLANE('',#3850);
#1043=PLANE('',#3851);
#1044=PLANE('',#3852);
#1045=PLANE('',#3853);
#1046=PLANE('',#3854);
#1047=PLANE('',#3855);
#1048=PLANE('',#3857);
#1049=PLANE('',#3858);
#1050=PLANE('',#3859);
#1051=PLANE('',#3860);
#1052=PLANE('',#3861);
#1053=PLANE('',#3862);
#1054=PLANE('',#3863);
#1055=PLANE('',#3864);
#1056=PLANE('',#3865);
#1057=PLANE('',#3866);
#1058=PLANE('',#3868);
#1059=PLANE('',#3869);
#1060=PLANE('',#3870);
#1061=PLANE('',#3871);
#1062=PLANE('',#3872);
#1063=PLANE('',#3873);
#1064=PLANE('',#3874);
#1065=PLANE('',#3875);
#1066=PLANE('',#3876);
#1067=PLANE('',#3877);
#1068=PLANE('',#3879);
#1069=PLANE('',#3880);
#1070=PLANE('',#3881);
#1071=PLANE('',#3882);
#1072=PLANE('',#3886);
#1073=PLANE('',#3890);
#1074=PLANE('',#3891);
#1075=PLANE('',#3892);
#1076=PLANE('',#3893);
#1077=PLANE('',#3894);
#1078=PLANE('',#3895);
#1079=PLANE('',#3896);
#1080=PLANE('',#3897);
#1081=PLANE('',#3898);
#1082=PLANE('',#3899);
#1083=PLANE('',#3900);
#1084=PLANE('',#3901);
#1085=PLANE('',#3902);
#1086=PLANE('',#3903);
#1087=PLANE('',#3904);
#1088=PLANE('',#3905);
#1089=PLANE('',#3907);
#1090=PLANE('',#3908);
#1091=PLANE('',#3909);
#1092=PLANE('',#3910);
#1093=PLANE('',#3911);
#1094=PLANE('',#3912);
#1095=PLANE('',#3913);
#1096=PLANE('',#3914);
#1097=PLANE('',#3915);
#1098=PLANE('',#3916);
#1099=PLANE('',#3917);
#1100=PLANE('',#3924);
#1101=PLANE('',#3925);
#1102=PLANE('',#3927);
#1103=PLANE('',#3928);
#1104=PLANE('',#3929);
#1105=PLANE('',#3930);
#1106=PLANE('',#3931);
#1107=PLANE('',#3932);
#1108=PLANE('',#3933);
#1109=PLANE('',#3934);
#1110=PLANE('',#3935);
#1111=PLANE('',#3936);
#1112=PLANE('',#3937);
#1113=PLANE('',#3944);
#1114=PLANE('',#3945);
#1115=PLANE('',#3947);
#1116=PLANE('',#3948);
#1117=PLANE('',#3949);
#1118=PLANE('',#3950);
#1119=PLANE('',#3951);
#1120=PLANE('',#3952);
#1121=PLANE('',#3953);
#1122=PLANE('',#3954);
#1123=PLANE('',#3955);
#1124=PLANE('',#3956);
#1125=PLANE('',#3960);
#1126=PLANE('',#3964);
#1127=PLANE('',#3965);
#1128=PLANE('',#3970);
#1129=PLANE('',#3974);
#1130=PLANE('',#3978);
#1131=PLANE('',#3982);
#1132=PLANE('',#3983);
#1133=PLANE('',#3984);
#1134=PLANE('',#3985);
#1135=PLANE('',#3986);
#1136=PLANE('',#3987);
#1137=PLANE('',#3988);
#1138=FACE_OUTER_BOUND('',#1333,.T.);
#1139=FACE_OUTER_BOUND('',#1334,.T.);
#1140=FACE_OUTER_BOUND('',#1336,.T.);
#1141=FACE_OUTER_BOUND('',#1337,.T.);
#1142=FACE_OUTER_BOUND('',#1339,.T.);
#1143=FACE_OUTER_BOUND('',#1340,.T.);
#1144=FACE_OUTER_BOUND('',#1341,.T.);
#1145=FACE_OUTER_BOUND('',#1342,.T.);
#1146=FACE_OUTER_BOUND('',#1343,.T.);
#1147=FACE_OUTER_BOUND('',#1345,.T.);
#1148=FACE_OUTER_BOUND('',#1346,.T.);
#1149=FACE_OUTER_BOUND('',#1348,.T.);
#1150=FACE_OUTER_BOUND('',#1349,.T.);
#1151=FACE_OUTER_BOUND('',#1350,.T.);
#1152=FACE_OUTER_BOUND('',#1351,.T.);
#1153=FACE_OUTER_BOUND('',#1352,.T.);
#1154=FACE_OUTER_BOUND('',#1353,.T.);
#1155=FACE_OUTER_BOUND('',#1354,.T.);
#1156=FACE_OUTER_BOUND('',#1355,.T.);
#1157=FACE_OUTER_BOUND('',#1356,.T.);
#1158=FACE_OUTER_BOUND('',#1357,.T.);
#1159=FACE_OUTER_BOUND('',#1358,.T.);
#1160=FACE_OUTER_BOUND('',#1359,.T.);
#1161=FACE_OUTER_BOUND('',#1360,.T.);
#1162=FACE_OUTER_BOUND('',#1361,.T.);
#1163=FACE_OUTER_BOUND('',#1362,.T.);
#1164=FACE_OUTER_BOUND('',#1363,.T.);
#1165=FACE_OUTER_BOUND('',#1364,.T.);
#1166=FACE_OUTER_BOUND('',#1365,.T.);
#1167=FACE_OUTER_BOUND('',#1366,.T.);
#1168=FACE_OUTER_BOUND('',#1367,.T.);
#1169=FACE_OUTER_BOUND('',#1370,.T.);
#1170=FACE_OUTER_BOUND('',#1371,.T.);
#1171=FACE_OUTER_BOUND('',#1374,.T.);
#1172=FACE_OUTER_BOUND('',#1375,.T.);
#1173=FACE_OUTER_BOUND('',#1376,.T.);
#1174=FACE_OUTER_BOUND('',#1379,.T.);
#1175=FACE_OUTER_BOUND('',#1380,.T.);
#1176=FACE_OUTER_BOUND('',#1383,.T.);
#1177=FACE_OUTER_BOUND('',#1385,.T.);
#1178=FACE_OUTER_BOUND('',#1387,.T.);
#1179=FACE_OUTER_BOUND('',#1388,.T.);
#1180=FACE_OUTER_BOUND('',#1390,.T.);
#1181=FACE_OUTER_BOUND('',#1391,.T.);
#1182=FACE_OUTER_BOUND('',#1393,.T.);
#1183=FACE_OUTER_BOUND('',#1394,.T.);
#1184=FACE_OUTER_BOUND('',#1395,.T.);
#1185=FACE_OUTER_BOUND('',#1396,.T.);
#1186=FACE_OUTER_BOUND('',#1397,.T.);
#1187=FACE_OUTER_BOUND('',#1398,.T.);
#1188=FACE_OUTER_BOUND('',#1400,.T.);
#1189=FACE_OUTER_BOUND('',#1401,.T.);
#1190=FACE_OUTER_BOUND('',#1403,.T.);
#1191=FACE_OUTER_BOUND('',#1404,.T.);
#1192=FACE_OUTER_BOUND('',#1405,.T.);
#1193=FACE_OUTER_BOUND('',#1406,.T.);
#1194=FACE_OUTER_BOUND('',#1407,.T.);
#1195=FACE_OUTER_BOUND('',#1409,.T.);
#1196=FACE_OUTER_BOUND('',#1410,.T.);
#1197=FACE_OUTER_BOUND('',#1411,.T.);
#1198=FACE_OUTER_BOUND('',#1412,.T.);
#1199=FACE_OUTER_BOUND('',#1413,.T.);
#1200=FACE_OUTER_BOUND('',#1414,.T.);
#1201=FACE_OUTER_BOUND('',#1415,.T.);
#1202=FACE_OUTER_BOUND('',#1416,.T.);
#1203=FACE_OUTER_BOUND('',#1417,.T.);
#1204=FACE_OUTER_BOUND('',#1420,.T.);
#1205=FACE_OUTER_BOUND('',#1421,.T.);
#1206=FACE_OUTER_BOUND('',#1422,.T.);
#1207=FACE_OUTER_BOUND('',#1423,.T.);
#1208=FACE_OUTER_BOUND('',#1424,.T.);
#1209=FACE_OUTER_BOUND('',#1427,.T.);
#1210=FACE_OUTER_BOUND('',#1428,.T.);
#1211=FACE_OUTER_BOUND('',#1429,.T.);
#1212=FACE_OUTER_BOUND('',#1430,.T.);
#1213=FACE_OUTER_BOUND('',#1431,.T.);
#1214=FACE_OUTER_BOUND('',#1432,.T.);
#1215=FACE_OUTER_BOUND('',#1433,.T.);
#1216=FACE_OUTER_BOUND('',#1434,.T.);
#1217=FACE_OUTER_BOUND('',#1436,.T.);
#1218=FACE_OUTER_BOUND('',#1437,.T.);
#1219=FACE_OUTER_BOUND('',#1438,.T.);
#1220=FACE_OUTER_BOUND('',#1439,.T.);
#1221=FACE_OUTER_BOUND('',#1440,.T.);
#1222=FACE_OUTER_BOUND('',#1441,.T.);
#1223=FACE_OUTER_BOUND('',#1442,.T.);
#1224=FACE_OUTER_BOUND('',#1443,.T.);
#1225=FACE_OUTER_BOUND('',#1444,.T.);
#1226=FACE_OUTER_BOUND('',#1445,.T.);
#1227=FACE_OUTER_BOUND('',#1446,.T.);
#1228=FACE_OUTER_BOUND('',#1447,.T.);
#1229=FACE_OUTER_BOUND('',#1448,.T.);
#1230=FACE_OUTER_BOUND('',#1449,.T.);
#1231=FACE_OUTER_BOUND('',#1450,.T.);
#1232=FACE_OUTER_BOUND('',#1451,.T.);
#1233=FACE_OUTER_BOUND('',#1452,.T.);
#1234=FACE_OUTER_BOUND('',#1453,.T.);
#1235=FACE_OUTER_BOUND('',#1454,.T.);
#1236=FACE_OUTER_BOUND('',#1455,.T.);
#1237=FACE_OUTER_BOUND('',#1456,.T.);
#1238=FACE_OUTER_BOUND('',#1457,.T.);
#1239=FACE_OUTER_BOUND('',#1458,.T.);
#1240=FACE_OUTER_BOUND('',#1460,.T.);
#1241=FACE_OUTER_BOUND('',#1462,.T.);
#1242=FACE_OUTER_BOUND('',#1463,.T.);
#1243=FACE_OUTER_BOUND('',#1464,.T.);
#1244=FACE_OUTER_BOUND('',#1465,.T.);
#1245=FACE_OUTER_BOUND('',#1466,.T.);
#1246=FACE_OUTER_BOUND('',#1467,.T.);
#1247=FACE_OUTER_BOUND('',#1468,.T.);
#1248=FACE_OUTER_BOUND('',#1469,.T.);
#1249=FACE_OUTER_BOUND('',#1470,.T.);
#1250=FACE_OUTER_BOUND('',#1472,.T.);
#1251=FACE_OUTER_BOUND('',#1474,.T.);
#1252=FACE_OUTER_BOUND('',#1475,.T.);
#1253=FACE_OUTER_BOUND('',#1476,.T.);
#1254=FACE_OUTER_BOUND('',#1477,.T.);
#1255=FACE_OUTER_BOUND('',#1478,.T.);
#1256=FACE_OUTER_BOUND('',#1479,.T.);
#1257=FACE_OUTER_BOUND('',#1480,.T.);
#1258=FACE_OUTER_BOUND('',#1481,.T.);
#1259=FACE_OUTER_BOUND('',#1482,.T.);
#1260=FACE_OUTER_BOUND('',#1484,.T.);
#1261=FACE_OUTER_BOUND('',#1485,.T.);
#1262=FACE_OUTER_BOUND('',#1486,.T.);
#1263=FACE_OUTER_BOUND('',#1487,.T.);
#1264=FACE_OUTER_BOUND('',#1489,.T.);
#1265=FACE_OUTER_BOUND('',#1490,.T.);
#1266=FACE_OUTER_BOUND('',#1491,.T.);
#1267=FACE_OUTER_BOUND('',#1492,.T.);
#1268=FACE_OUTER_BOUND('',#1493,.T.);
#1269=FACE_OUTER_BOUND('',#1494,.T.);
#1270=FACE_OUTER_BOUND('',#1495,.T.);
#1271=FACE_OUTER_BOUND('',#1496,.T.);
#1272=FACE_OUTER_BOUND('',#1497,.T.);
#1273=FACE_OUTER_BOUND('',#1498,.T.);
#1274=FACE_OUTER_BOUND('',#1500,.T.);
#1275=FACE_OUTER_BOUND('',#1502,.T.);
#1276=FACE_OUTER_BOUND('',#1503,.T.);
#1277=FACE_OUTER_BOUND('',#1504,.T.);
#1278=FACE_OUTER_BOUND('',#1505,.T.);
#1279=FACE_OUTER_BOUND('',#1506,.T.);
#1280=FACE_OUTER_BOUND('',#1507,.T.);
#1281=FACE_OUTER_BOUND('',#1508,.T.);
#1282=FACE_OUTER_BOUND('',#1509,.T.);
#1283=FACE_OUTER_BOUND('',#1510,.T.);
#1284=FACE_OUTER_BOUND('',#1511,.T.);
#1285=FACE_OUTER_BOUND('',#1512,.T.);
#1286=FACE_OUTER_BOUND('',#1513,.T.);
#1287=FACE_OUTER_BOUND('',#1514,.T.);
#1288=FACE_OUTER_BOUND('',#1515,.T.);
#1289=FACE_OUTER_BOUND('',#1516,.T.);
#1290=FACE_OUTER_BOUND('',#1517,.T.);
#1291=FACE_OUTER_BOUND('',#1519,.T.);
#1292=FACE_OUTER_BOUND('',#1520,.T.);
#1293=FACE_OUTER_BOUND('',#1521,.T.);
#1294=FACE_OUTER_BOUND('',#1522,.T.);
#1295=FACE_OUTER_BOUND('',#1523,.T.);
#1296=FACE_OUTER_BOUND('',#1524,.T.);
#1297=FACE_OUTER_BOUND('',#1525,.T.);
#1298=FACE_OUTER_BOUND('',#1526,.T.);
#1299=FACE_OUTER_BOUND('',#1527,.T.);
#1300=FACE_OUTER_BOUND('',#1528,.T.);
#1301=FACE_OUTER_BOUND('',#1529,.T.);
#1302=FACE_OUTER_BOUND('',#1530,.T.);
#1303=FACE_OUTER_BOUND('',#1531,.T.);
#1304=FACE_OUTER_BOUND('',#1532,.T.);
#1305=FACE_OUTER_BOUND('',#1533,.T.);
#1306=FACE_OUTER_BOUND('',#1535,.T.);
#1307=FACE_OUTER_BOUND('',#1536,.T.);
#1308=FACE_OUTER_BOUND('',#1537,.T.);
#1309=FACE_OUTER_BOUND('',#1538,.T.);
#1310=FACE_OUTER_BOUND('',#1539,.T.);
#1311=FACE_OUTER_BOUND('',#1540,.T.);
#1312=FACE_OUTER_BOUND('',#1541,.T.);
#1313=FACE_OUTER_BOUND('',#1542,.T.);
#1314=FACE_OUTER_BOUND('',#1543,.T.);
#1315=FACE_OUTER_BOUND('',#1544,.T.);
#1316=FACE_OUTER_BOUND('',#1545,.T.);
#1317=FACE_OUTER_BOUND('',#1546,.T.);
#1318=FACE_OUTER_BOUND('',#1547,.T.);
#1319=FACE_OUTER_BOUND('',#1548,.T.);
#1320=FACE_OUTER_BOUND('',#1549,.T.);
#1321=FACE_OUTER_BOUND('',#1550,.T.);
#1322=FACE_OUTER_BOUND('',#1551,.T.);
#1323=FACE_OUTER_BOUND('',#1552,.T.);
#1324=FACE_OUTER_BOUND('',#1553,.T.);
#1325=FACE_OUTER_BOUND('',#1554,.T.);
#1326=FACE_OUTER_BOUND('',#1555,.T.);
#1327=FACE_OUTER_BOUND('',#1556,.T.);
#1328=FACE_OUTER_BOUND('',#1557,.T.);
#1329=FACE_OUTER_BOUND('',#1558,.T.);
#1330=FACE_OUTER_BOUND('',#1559,.T.);
#1331=FACE_OUTER_BOUND('',#1560,.T.);
#1332=FACE_OUTER_BOUND('',#1565,.T.);
#1333=EDGE_LOOP('',(#2439,#2440,#2441,#2442));
#1334=EDGE_LOOP('',(#2443,#2444,#2445));
#1335=EDGE_LOOP('',(#2446));
#1336=EDGE_LOOP('',(#2447,#2448,#2449,#2450));
#1337=EDGE_LOOP('',(#2451));
#1338=EDGE_LOOP('',(#2452));
#1339=EDGE_LOOP('',(#2453,#2454,#2455,#2456));
#1340=EDGE_LOOP('',(#2457));
#1341=EDGE_LOOP('',(#2458,#2459,#2460,#2461));
#1342=EDGE_LOOP('',(#2462,#2463,#2464,#2465));
#1343=EDGE_LOOP('',(#2466,#2467,#2468));
#1344=EDGE_LOOP('',(#2469));
#1345=EDGE_LOOP('',(#2470,#2471,#2472,#2473));
#1346=EDGE_LOOP('',(#2474));
#1347=EDGE_LOOP('',(#2475));
#1348=EDGE_LOOP('',(#2476,#2477,#2478,#2479));
#1349=EDGE_LOOP('',(#2480));
#1350=EDGE_LOOP('',(#2481,#2482,#2483,#2484));
#1351=EDGE_LOOP('',(#2485,#2486,#2487,#2488,#2489,#2490,#2491,#2492,#2493,
#2494));
#1352=EDGE_LOOP('',(#2495,#2496,#2497,#2498,#2499,#2500,#2501,#2502,#2503,
#2504,#2505,#2506,#2507,#2508,#2509,#2510));
#1353=EDGE_LOOP('',(#2511,#2512,#2513,#2514,#2515,#2516));
#1354=EDGE_LOOP('',(#2517,#2518,#2519,#2520));
#1355=EDGE_LOOP('',(#2521,#2522,#2523,#2524));
#1356=EDGE_LOOP('',(#2525,#2526,#2527,#2528));
#1357=EDGE_LOOP('',(#2529,#2530,#2531,#2532));
#1358=EDGE_LOOP('',(#2533,#2534,#2535,#2536));
#1359=EDGE_LOOP('',(#2537,#2538,#2539,#2540));
#1360=EDGE_LOOP('',(#2541,#2542,#2543,#2544));
#1361=EDGE_LOOP('',(#2545,#2546,#2547,#2548));
#1362=EDGE_LOOP('',(#2549,#2550,#2551,#2552,#2553,#2554,#2555,#2556,#2557,
#2558,#2559,#2560));
#1363=EDGE_LOOP('',(#2561,#2562,#2563,#2564));
#1364=EDGE_LOOP('',(#2565,#2566,#2567,#2568));
#1365=EDGE_LOOP('',(#2569,#2570,#2571,#2572));
#1366=EDGE_LOOP('',(#2573,#2574,#2575,#2576));
#1367=EDGE_LOOP('',(#2577,#2578,#2579,#2580));
#1368=EDGE_LOOP('',(#2581));
#1369=EDGE_LOOP('',(#2582));
#1370=EDGE_LOOP('',(#2583,#2584,#2585,#2586));
#1371=EDGE_LOOP('',(#2587,#2588,#2589,#2590));
#1372=EDGE_LOOP('',(#2591));
#1373=EDGE_LOOP('',(#2592));
#1374=EDGE_LOOP('',(#2593,#2594,#2595,#2596));
#1375=EDGE_LOOP('',(#2597,#2598,#2599,#2600));
#1376=EDGE_LOOP('',(#2601,#2602,#2603,#2604));
#1377=EDGE_LOOP('',(#2605));
#1378=EDGE_LOOP('',(#2606));
#1379=EDGE_LOOP('',(#2607,#2608,#2609,#2610));
#1380=EDGE_LOOP('',(#2611,#2612,#2613,#2614));
#1381=EDGE_LOOP('',(#2615));
#1382=EDGE_LOOP('',(#2616));
#1383=EDGE_LOOP('',(#2617,#2618,#2619,#2620));
#1384=EDGE_LOOP('',(#2621,#2622,#2623,#2624,#2625,#2626,#2627,#2628,#2629,
#2630,#2631,#2632));
#1385=EDGE_LOOP('',(#2633,#2634,#2635,#2636));
#1386=EDGE_LOOP('',(#2637,#2638,#2639,#2640));
#1387=EDGE_LOOP('',(#2641,#2642,#2643,#2644));
#1388=EDGE_LOOP('',(#2645,#2646,#2647));
#1389=EDGE_LOOP('',(#2648));
#1390=EDGE_LOOP('',(#2649,#2650,#2651,#2652));
#1391=EDGE_LOOP('',(#2653));
#1392=EDGE_LOOP('',(#2654));
#1393=EDGE_LOOP('',(#2655,#2656,#2657,#2658));
#1394=EDGE_LOOP('',(#2659));
#1395=EDGE_LOOP('',(#2660,#2661,#2662,#2663));
#1396=EDGE_LOOP('',(#2664,#2665,#2666,#2667,#2668,#2669));
#1397=EDGE_LOOP('',(#2670,#2671,#2672,#2673));
#1398=EDGE_LOOP('',(#2674,#2675,#2676));
#1399=EDGE_LOOP('',(#2677));
#1400=EDGE_LOOP('',(#2678,#2679,#2680,#2681));
#1401=EDGE_LOOP('',(#2682));
#1402=EDGE_LOOP('',(#2683));
#1403=EDGE_LOOP('',(#2684,#2685,#2686,#2687));
#1404=EDGE_LOOP('',(#2688));
#1405=EDGE_LOOP('',(#2689,#2690,#2691,#2692));
#1406=EDGE_LOOP('',(#2693,#2694,#2695,#2696,#2697,#2698,#2699,#2700,#2701,
#2702));
#1407=EDGE_LOOP('',(#2703,#2704,#2705,#2706));
#1408=EDGE_LOOP('',(#2707,#2708,#2709,#2710));
#1409=EDGE_LOOP('',(#2711,#2712,#2713,#2714,#2715,#2716,#2717,#2718,#2719,
#2720,#2721,#2722));
#1410=EDGE_LOOP('',(#2723,#2724,#2725,#2726,#2727,#2728));
#1411=EDGE_LOOP('',(#2729,#2730,#2731,#2732));
#1412=EDGE_LOOP('',(#2733,#2734,#2735,#2736,#2737,#2738,#2739));
#1413=EDGE_LOOP('',(#2740,#2741,#2742,#2743));
#1414=EDGE_LOOP('',(#2744,#2745,#2746,#2747,#2748,#2749));
#1415=EDGE_LOOP('',(#2750,#2751,#2752,#2753));
#1416=EDGE_LOOP('',(#2754,#2755,#2756,#2757));
#1417=EDGE_LOOP('',(#2758,#2759,#2760,#2761));
#1418=EDGE_LOOP('',(#2762));
#1419=EDGE_LOOP('',(#2763));
#1420=EDGE_LOOP('',(#2764,#2765,#2766,#2767));
#1421=EDGE_LOOP('',(#2768,#2769,#2770,#2771,#2772,#2773,#2774));
#1422=EDGE_LOOP('',(#2775,#2776,#2777,#2778));
#1423=EDGE_LOOP('',(#2779,#2780,#2781,#2782));
#1424=EDGE_LOOP('',(#2783,#2784,#2785,#2786));
#1425=EDGE_LOOP('',(#2787));
#1426=EDGE_LOOP('',(#2788));
#1427=EDGE_LOOP('',(#2789,#2790,#2791,#2792));
#1428=EDGE_LOOP('',(#2793,#2794,#2795,#2796,#2797,#2798,#2799,#2800,#2801,
#2802,#2803,#2804));
#1429=EDGE_LOOP('',(#2805,#2806,#2807,#2808,#2809,#2810,#2811,#2812,#2813,
#2814,#2815,#2816));
#1430=EDGE_LOOP('',(#2817,#2818,#2819,#2820));
#1431=EDGE_LOOP('',(#2821,#2822,#2823,#2824));
#1432=EDGE_LOOP('',(#2825,#2826,#2827,#2828));
#1433=EDGE_LOOP('',(#2829,#2830,#2831,#2832));
#1434=EDGE_LOOP('',(#2833,#2834,#2835,#2836));
#1435=EDGE_LOOP('',(#2837,#2838,#2839,#2840));
#1436=EDGE_LOOP('',(#2841,#2842,#2843,#2844));
#1437=EDGE_LOOP('',(#2845,#2846,#2847,#2848));
#1438=EDGE_LOOP('',(#2849,#2850,#2851,#2852));
#1439=EDGE_LOOP('',(#2853,#2854,#2855,#2856));
#1440=EDGE_LOOP('',(#2857,#2858,#2859,#2860));
#1441=EDGE_LOOP('',(#2861,#2862,#2863,#2864));
#1442=EDGE_LOOP('',(#2865,#2866,#2867,#2868));
#1443=EDGE_LOOP('',(#2869,#2870,#2871,#2872));
#1444=EDGE_LOOP('',(#2873,#2874,#2875,#2876));
#1445=EDGE_LOOP('',(#2877,#2878,#2879,#2880));
#1446=EDGE_LOOP('',(#2881,#2882,#2883,#2884));
#1447=EDGE_LOOP('',(#2885,#2886,#2887,#2888));
#1448=EDGE_LOOP('',(#2889,#2890,#2891,#2892,#2893,#2894,#2895,#2896,#2897,
#2898,#2899,#2900));
#1449=EDGE_LOOP('',(#2901,#2902,#2903,#2904,#2905,#2906,#2907,#2908,#2909,
#2910,#2911,#2912));
#1450=EDGE_LOOP('',(#2913,#2914,#2915,#2916));
#1451=EDGE_LOOP('',(#2917,#2918,#2919,#2920));
#1452=EDGE_LOOP('',(#2921,#2922,#2923,#2924));
#1453=EDGE_LOOP('',(#2925,#2926,#2927,#2928));
#1454=EDGE_LOOP('',(#2929,#2930,#2931,#2932));
#1455=EDGE_LOOP('',(#2933,#2934,#2935,#2936));
#1456=EDGE_LOOP('',(#2937,#2938,#2939,#2940));
#1457=EDGE_LOOP('',(#2941,#2942,#2943,#2944));
#1458=EDGE_LOOP('',(#2945,#2946,#2947,#2948));
#1459=EDGE_LOOP('',(#2949,#2950,#2951,#2952));
#1460=EDGE_LOOP('',(#2953,#2954,#2955,#2956));
#1461=EDGE_LOOP('',(#2957,#2958,#2959,#2960));
#1462=EDGE_LOOP('',(#2961,#2962,#2963,#2964));
#1463=EDGE_LOOP('',(#2965,#2966,#2967,#2968));
#1464=EDGE_LOOP('',(#2969,#2970,#2971,#2972));
#1465=EDGE_LOOP('',(#2973,#2974,#2975,#2976));
#1466=EDGE_LOOP('',(#2977,#2978,#2979,#2980));
#1467=EDGE_LOOP('',(#2981,#2982,#2983,#2984));
#1468=EDGE_LOOP('',(#2985,#2986,#2987,#2988));
#1469=EDGE_LOOP('',(#2989,#2990,#2991,#2992));
#1470=EDGE_LOOP('',(#2993,#2994,#2995,#2996));
#1471=EDGE_LOOP('',(#2997,#2998,#2999,#3000));
#1472=EDGE_LOOP('',(#3001,#3002,#3003,#3004));
#1473=EDGE_LOOP('',(#3005,#3006,#3007,#3008));
#1474=EDGE_LOOP('',(#3009,#3010,#3011,#3012));
#1475=EDGE_LOOP('',(#3013,#3014,#3015,#3016));
#1476=EDGE_LOOP('',(#3017,#3018,#3019,#3020));
#1477=EDGE_LOOP('',(#3021,#3022,#3023,#3024));
#1478=EDGE_LOOP('',(#3025,#3026,#3027,#3028));
#1479=EDGE_LOOP('',(#3029,#3030,#3031,#3032));
#1480=EDGE_LOOP('',(#3033,#3034,#3035,#3036));
#1481=EDGE_LOOP('',(#3037,#3038,#3039,#3040));
#1482=EDGE_LOOP('',(#3041,#3042,#3043,#3044,#3045,#3046,#3047,#3048));
#1483=EDGE_LOOP('',(#3049,#3050,#3051,#3052));
#1484=EDGE_LOOP('',(#3053,#3054,#3055,#3056));
#1485=EDGE_LOOP('',(#3057,#3058,#3059,#3060));
#1486=EDGE_LOOP('',(#3061,#3062,#3063,#3064));
#1487=EDGE_LOOP('',(#3065,#3066,#3067,#3068,#3069,#3070,#3071,#3072));
#1488=EDGE_LOOP('',(#3073,#3074,#3075,#3076));
#1489=EDGE_LOOP('',(#3077,#3078,#3079,#3080));
#1490=EDGE_LOOP('',(#3081,#3082,#3083,#3084,#3085,#3086,#3087,#3088));
#1491=EDGE_LOOP('',(#3089,#3090,#3091,#3092));
#1492=EDGE_LOOP('',(#3093,#3094,#3095,#3096));
#1493=EDGE_LOOP('',(#3097,#3098,#3099,#3100));
#1494=EDGE_LOOP('',(#3101,#3102,#3103,#3104));
#1495=EDGE_LOOP('',(#3105,#3106,#3107,#3108));
#1496=EDGE_LOOP('',(#3109,#3110,#3111,#3112,#3113,#3114,#3115,#3116));
#1497=EDGE_LOOP('',(#3117,#3118,#3119,#3120));
#1498=EDGE_LOOP('',(#3121,#3122,#3123,#3124));
#1499=EDGE_LOOP('',(#3125,#3126,#3127,#3128));
#1500=EDGE_LOOP('',(#3129,#3130,#3131,#3132));
#1501=EDGE_LOOP('',(#3133,#3134,#3135,#3136));
#1502=EDGE_LOOP('',(#3137,#3138,#3139,#3140));
#1503=EDGE_LOOP('',(#3141,#3142,#3143,#3144));
#1504=EDGE_LOOP('',(#3145,#3146,#3147,#3148));
#1505=EDGE_LOOP('',(#3149,#3150,#3151,#3152));
#1506=EDGE_LOOP('',(#3153,#3154,#3155,#3156));
#1507=EDGE_LOOP('',(#3157,#3158,#3159,#3160));
#1508=EDGE_LOOP('',(#3161,#3162,#3163,#3164));
#1509=EDGE_LOOP('',(#3165,#3166,#3167,#3168));
#1510=EDGE_LOOP('',(#3169,#3170,#3171,#3172,#3173,#3174,#3175,#3176));
#1511=EDGE_LOOP('',(#3177,#3178,#3179,#3180));
#1512=EDGE_LOOP('',(#3181,#3182,#3183,#3184));
#1513=EDGE_LOOP('',(#3185,#3186,#3187,#3188));
#1514=EDGE_LOOP('',(#3189,#3190,#3191,#3192));
#1515=EDGE_LOOP('',(#3193,#3194,#3195,#3196,#3197,#3198,#3199,#3200));
#1516=EDGE_LOOP('',(#3201,#3202,#3203,#3204));
#1517=EDGE_LOOP('',(#3205,#3206,#3207,#3208));
#1518=EDGE_LOOP('',(#3209,#3210,#3211,#3212));
#1519=EDGE_LOOP('',(#3213,#3214,#3215,#3216));
#1520=EDGE_LOOP('',(#3217,#3218,#3219,#3220));
#1521=EDGE_LOOP('',(#3221,#3222,#3223,#3224));
#1522=EDGE_LOOP('',(#3225,#3226,#3227,#3228));
#1523=EDGE_LOOP('',(#3229,#3230,#3231,#3232));
#1524=EDGE_LOOP('',(#3233,#3234,#3235,#3236));
#1525=EDGE_LOOP('',(#3237,#3238,#3239,#3240));
#1526=EDGE_LOOP('',(#3241,#3242,#3243,#3244,#3245,#3246,#3247,#3248));
#1527=EDGE_LOOP('',(#3249,#3250,#3251,#3252));
#1528=EDGE_LOOP('',(#3253,#3254,#3255,#3256));
#1529=EDGE_LOOP('',(#3257,#3258,#3259,#3260));
#1530=EDGE_LOOP('',(#3261,#3262,#3263,#3264));
#1531=EDGE_LOOP('',(#3265,#3266,#3267,#3268,#3269,#3270,#3271,#3272));
#1532=EDGE_LOOP('',(#3273,#3274,#3275,#3276));
#1533=EDGE_LOOP('',(#3277,#3278,#3279,#3280));
#1534=EDGE_LOOP('',(#3281,#3282,#3283,#3284));
#1535=EDGE_LOOP('',(#3285,#3286,#3287,#3288));
#1536=EDGE_LOOP('',(#3289,#3290,#3291,#3292));
#1537=EDGE_LOOP('',(#3293,#3294,#3295,#3296));
#1538=EDGE_LOOP('',(#3297,#3298,#3299,#3300));
#1539=EDGE_LOOP('',(#3301,#3302,#3303,#3304));
#1540=EDGE_LOOP('',(#3305,#3306,#3307,#3308));
#1541=EDGE_LOOP('',(#3309,#3310,#3311,#3312));
#1542=EDGE_LOOP('',(#3313,#3314,#3315,#3316,#3317,#3318,#3319,#3320));
#1543=EDGE_LOOP('',(#3321,#3322,#3323,#3324));
#1544=EDGE_LOOP('',(#3325,#3326,#3327,#3328));
#1545=EDGE_LOOP('',(#3329,#3330,#3331,#3332));
#1546=EDGE_LOOP('',(#3333,#3334,#3335,#3336,#3337,#3338,#3339,#3340));
#1547=EDGE_LOOP('',(#3341,#3342,#3343,#3344));
#1548=EDGE_LOOP('',(#3345,#3346,#3347,#3348));
#1549=EDGE_LOOP('',(#3349));
#1550=EDGE_LOOP('',(#3350,#3351,#3352,#3353));
#1551=EDGE_LOOP('',(#3354));
#1552=EDGE_LOOP('',(#3355,#3356,#3357,#3358));
#1553=EDGE_LOOP('',(#3359));
#1554=EDGE_LOOP('',(#3360,#3361,#3362,#3363));
#1555=EDGE_LOOP('',(#3364));
#1556=EDGE_LOOP('',(#3365,#3366,#3367,#3368));
#1557=EDGE_LOOP('',(#3369,#3370,#3371,#3372));
#1558=EDGE_LOOP('',(#3373,#3374,#3375,#3376));
#1559=EDGE_LOOP('',(#3377,#3378,#3379,#3380));
#1560=EDGE_LOOP('',(#3381,#3382,#3383,#3384));
#1561=EDGE_LOOP('',(#3385));
#1562=EDGE_LOOP('',(#3386));
#1563=EDGE_LOOP('',(#3387));
#1564=EDGE_LOOP('',(#3388));
#1565=EDGE_LOOP('',(#3389,#3390,#3391,#3392));
#1566=CIRCLE('',#3716,75.);
#1567=CIRCLE('',#3717,125.);
#1568=CIRCLE('',#3719,12.5);
#1569=CIRCLE('',#3721,100.);
#1570=CIRCLE('',#3722,100.);
#1571=CIRCLE('',#3724,12.5);
#1572=CIRCLE('',#3728,125.);
#1573=CIRCLE('',#3730,125.);
#1574=CIRCLE('',#3731,75.);
#1575=CIRCLE('',#3733,12.5);
#1576=CIRCLE('',#3735,100.);
#1577=CIRCLE('',#3736,100.);
#1578=CIRCLE('',#3738,12.5);
#1579=CIRCLE('',#3742,125.);
#1580=CIRCLE('',#3746,125.);
#1581=CIRCLE('',#3757,12.5);
#1582=CIRCLE('',#3758,12.5);
#1583=CIRCLE('',#3760,12.5);
#1584=CIRCLE('',#3761,12.5);
#1585=CIRCLE('',#3763,12.5);
#1586=CIRCLE('',#3764,12.5);
#1587=CIRCLE('',#3766,12.5);
#1588=CIRCLE('',#3767,12.5);
#1589=CIRCLE('',#3779,125.);
#1590=CIRCLE('',#3780,75.);
#1591=CIRCLE('',#3782,12.5);
#1592=CIRCLE('',#3784,100.);
#1593=CIRCLE('',#3785,100.);
#1594=CIRCLE('',#3787,12.5);
#1595=CIRCLE('',#3791,125.);
#1596=CIRCLE('',#3794,75.);
#1597=CIRCLE('',#3795,125.);
#1598=CIRCLE('',#3797,12.5);
#1599=CIRCLE('',#3799,100.);
#1600=CIRCLE('',#3800,100.);
#1601=CIRCLE('',#3802,12.5);
#1602=CIRCLE('',#3809,12.5);
#1603=CIRCLE('',#3810,12.5);
#1604=CIRCLE('',#3811,12.5);
#1605=CIRCLE('',#3812,12.5);
#1606=CIRCLE('',#3814,12.5);
#1607=CIRCLE('',#3815,12.5);
#1608=CIRCLE('',#3816,12.5);
#1609=CIRCLE('',#3817,12.5);
#1610=CIRCLE('',#3818,12.5);
#1611=CIRCLE('',#3819,12.5);
#1612=CIRCLE('',#3884,9.7917669254727);
#1613=CIRCLE('',#3885,9.7917669254727);
#1614=CIRCLE('',#3888,9.7917669254727);
#1615=CIRCLE('',#3889,9.7917669254727);
#1616=CIRCLE('',#3919,3.);
#1617=CIRCLE('',#3920,3.);
#1618=CIRCLE('',#3922,3.);
#1619=CIRCLE('',#3923,3.);
#1620=CIRCLE('',#3939,3.);
#1621=CIRCLE('',#3940,3.);
#1622=CIRCLE('',#3942,3.);
#1623=CIRCLE('',#3943,3.);
#1624=CIRCLE('',#3958,4.);
#1625=CIRCLE('',#3959,4.);
#1626=CIRCLE('',#3962,4.);
#1627=CIRCLE('',#3963,4.);
#1628=CIRCLE('',#3968,45.);
#1629=CIRCLE('',#3969,45.);
#1630=CIRCLE('',#3972,45.);
#1631=CIRCLE('',#3973,45.);
#1632=CIRCLE('',#3976,45.);
#1633=CIRCLE('',#3977,45.);
#1634=CIRCLE('',#3980,45.);
#1635=CIRCLE('',#3981,45.);
#1636=B_SPLINE_CURVE_WITH_KNOTS('',3,(#4990,#4991,#4992,#4993,#4994,#4995,
#4996,#4997,#4998,#4999,#5000,#5001,#5002,#5003,#5004,#5005,#5006,#5007,
#5008,#5009,#5010,#5011),.UNSPECIFIED.,.F.,.F.,(4,2,2,2,2,2,2,2,2,2,4),
(13.4094730125712,14.2951966683214,15.1809203240715,16.1064626016113,17.032004879151,
17.5374439080405,18.0428829369301,19.0537609947092,19.6702680428301,20.2867750909511,
21.5197891871931),.UNSPECIFIED.);
#1637=B_SPLINE_CURVE_WITH_KNOTS('',3,(#5015,#5016,#5017,#5018,#5019,#5020,
#5021,#5022,#5023,#5024,#5025,#5026,#5027,#5028,#5029,#5030,#5031,#5032,
#5033,#5034,#5035,#5036),.UNSPECIFIED.,.F.,.F.,(4,2,2,2,2,2,2,2,2,2,4),
(32.1181028630918,33.3511169593338,33.9676240074548,34.5841310555757,35.5950091133548,
36.1004481422444,36.6058871711339,37.5314294486736,38.4569717262134,39.3426953819635,
40.2284190377137),.UNSPECIFIED.);
#1638=B_SPLINE_CURVE_WITH_KNOTS('',3,(#5065,#5066,#5067,#5068,#5069,#5070,
#5071,#5072,#5073,#5074,#5075,#5076,#5077,#5078,#5079,#5080,#5081,#5082,
#5083,#5084,#5085,#5086),.UNSPECIFIED.,.F.,.F.,(4,2,2,2,2,2,2,2,2,2,4),
(13.4094730125712,14.2951966683214,15.1809203240715,16.1064626016113,17.032004879151,
17.5374439080405,18.0428829369301,19.0537609947092,19.6702680428301,20.2867750909511,
21.5197891871931),.UNSPECIFIED.);
#1639=B_SPLINE_CURVE_WITH_KNOTS('',3,(#5090,#5091,#5092,#5093,#5094,#5095,
#5096,#5097,#5098,#5099,#5100,#5101,#5102,#5103,#5104,#5105,#5106,#5107,
#5108,#5109,#5110,#5111),.UNSPECIFIED.,.F.,.F.,(4,2,2,2,2,2,2,2,2,2,4),
(32.1181028630918,33.3511169593338,33.9676240074548,34.5841310555757,35.5950091133548,
36.1004481422444,36.6058871711339,37.5314294486736,38.4569717262134,39.3426953819635,
40.2284190377137),.UNSPECIFIED.);
#1640=B_SPLINE_CURVE_WITH_KNOTS('',3,(#5150,#5151,#5152,#5153,#5154,#5155,
#5156,#5157,#5158,#5159,#5160,#5161,#5162,#5163,#5164,#5165,#5166,#5167,
#5168,#5169,#5170,#5171),.UNSPECIFIED.,.F.,.F.,(4,2,2,2,2,2,2,2,2,2,4),
(32.1181028630918,33.3511169593338,33.9676240074548,34.5841310555757,35.5950091133548,
36.1004481422444,36.6058871711339,37.5314294486736,38.4569717262134,39.3426953819635,
40.2284190377137),.UNSPECIFIED.);
#1641=B_SPLINE_CURVE_WITH_KNOTS('',3,(#5179,#5180,#5181,#5182,#5183,#5184,
#5185,#5186,#5187,#5188,#5189,#5190,#5191,#5192,#5193,#5194,#5195,#5196,
#5197,#5198,#5199,#5200),.UNSPECIFIED.,.F.,.F.,(4,2,2,2,2,2,2,2,2,2,4),
(32.1181028630918,33.3511169593338,33.9676240074548,34.5841310555757,35.5950091133548,
36.1004481422444,36.6058871711339,37.5314294486736,38.4569717262134,39.3426953819635,
40.2284190377137),.UNSPECIFIED.);
#1642=B_SPLINE_CURVE_WITH_KNOTS('',3,(#5339,#5340,#5341,#5342,#5343,#5344,
#5345,#5346,#5347,#5348,#5349,#5350,#5351,#5352,#5353,#5354,#5355,#5356,
#5357,#5358,#5359,#5360),.UNSPECIFIED.,.F.,.F.,(4,2,2,2,2,2,2,2,2,2,4),
(13.4094730125712,14.2951966683214,15.1809203240715,16.1064626016113,17.032004879151,
17.5374439080405,18.0428829369301,19.0537609947092,19.6702680428301,20.2867750909511,
21.5197891871931),.UNSPECIFIED.);
#1643=B_SPLINE_CURVE_WITH_KNOTS('',3,(#5388,#5389,#5390,#5391,#5392,#5393,
#5394,#5395,#5396,#5397,#5398,#5399,#5400,#5401,#5402,#5403,#5404,#5405,
#5406,#5407,#5408,#5409),.UNSPECIFIED.,.F.,.F.,(4,2,2,2,2,2,2,2,2,2,4),
(13.4094730125712,14.2951966683214,15.1809203240715,16.1064626016113,17.032004879151,
17.5374439080405,18.0428829369301,19.0537609947092,19.6702680428301,20.2867750909511,
21.5197891871931),.UNSPECIFIED.);
#1644=VERTEX_POINT('',#4988);
#1645=VERTEX_POINT('',#4989);
#1646=VERTEX_POINT('',#5012);
#1647=VERTEX_POINT('',#5014);
#1648=VERTEX_POINT('',#5039);
#1649=VERTEX_POINT('',#5042);
#1650=VERTEX_POINT('',#5045);
#1651=VERTEX_POINT('',#5047);
#1652=VERTEX_POINT('',#5051);
#1653=VERTEX_POINT('',#5057);
#1654=VERTEX_POINT('',#5059);
#1655=VERTEX_POINT('',#5063);
#1656=VERTEX_POINT('',#5064);
#1657=VERTEX_POINT('',#5087);
#1658=VERTEX_POINT('',#5089);
#1659=VERTEX_POINT('',#5114);
#1660=VERTEX_POINT('',#5117);
#1661=VERTEX_POINT('',#5120);
#1662=VERTEX_POINT('',#5122);
#1663=VERTEX_POINT('',#5126);
#1664=VERTEX_POINT('',#5132);
#1665=VERTEX_POINT('',#5134);
#1666=VERTEX_POINT('',#5139);
#1667=VERTEX_POINT('',#5141);
#1668=VERTEX_POINT('',#5145);
#1669=VERTEX_POINT('',#5147);
#1670=VERTEX_POINT('',#5149);
#1671=VERTEX_POINT('',#5172);
#1672=VERTEX_POINT('',#5174);
#1673=VERTEX_POINT('',#5176);
#1674=VERTEX_POINT('',#5178);
#1675=VERTEX_POINT('',#5201);
#1676=VERTEX_POINT('',#5205);
#1677=VERTEX_POINT('',#5207);
#1678=VERTEX_POINT('',#5211);
#1679=VERTEX_POINT('',#5212);
#1680=VERTEX_POINT('',#5214);
#1681=VERTEX_POINT('',#5216);
#1682=VERTEX_POINT('',#5220);
#1683=VERTEX_POINT('',#5222);
#1684=VERTEX_POINT('',#5226);
#1685=VERTEX_POINT('',#5228);
#1686=VERTEX_POINT('',#5232);
#1687=VERTEX_POINT('',#5234);
#1688=VERTEX_POINT('',#5238);
#1689=VERTEX_POINT('',#5239);
#1690=VERTEX_POINT('',#5241);
#1691=VERTEX_POINT('',#5243);
#1692=VERTEX_POINT('',#5247);
#1693=VERTEX_POINT('',#5249);
#1694=VERTEX_POINT('',#5253);
#1695=VERTEX_POINT('',#5255);
#1696=VERTEX_POINT('',#5259);
#1697=VERTEX_POINT('',#5261);
#1698=VERTEX_POINT('',#5265);
#1699=VERTEX_POINT('',#5268);
#1700=VERTEX_POINT('',#5272);
#1701=VERTEX_POINT('',#5274);
#1702=VERTEX_POINT('',#5278);
#1703=VERTEX_POINT('',#5280);
#1704=VERTEX_POINT('',#5284);
#1705=VERTEX_POINT('',#5286);
#1706=VERTEX_POINT('',#5290);
#1707=VERTEX_POINT('',#5292);
#1708=VERTEX_POINT('',#5296);
#1709=VERTEX_POINT('',#5300);
#1710=VERTEX_POINT('',#5308);
#1711=VERTEX_POINT('',#5309);
#1712=VERTEX_POINT('',#5311);
#1713=VERTEX_POINT('',#5313);
#1714=VERTEX_POINT('',#5317);
#1715=VERTEX_POINT('',#5319);
#1716=VERTEX_POINT('',#5323);
#1717=VERTEX_POINT('',#5325);
#1718=VERTEX_POINT('',#5333);
#1719=VERTEX_POINT('',#5337);
#1720=VERTEX_POINT('',#5338);
#1721=VERTEX_POINT('',#5365);
#1722=VERTEX_POINT('',#5368);
#1723=VERTEX_POINT('',#5370);
#1724=VERTEX_POINT('',#5374);
#1725=VERTEX_POINT('',#5380);
#1726=VERTEX_POINT('',#5386);
#1727=VERTEX_POINT('',#5387);
#1728=VERTEX_POINT('',#5414);
#1729=VERTEX_POINT('',#5417);
#1730=VERTEX_POINT('',#5419);
#1731=VERTEX_POINT('',#5423);
#1732=VERTEX_POINT('',#5433);
#1733=VERTEX_POINT('',#5435);
#1734=VERTEX_POINT('',#5438);
#1735=VERTEX_POINT('',#5439);
#1736=VERTEX_POINT('',#5441);
#1737=VERTEX_POINT('',#5443);
#1738=VERTEX_POINT('',#5447);
#1739=VERTEX_POINT('',#5449);
#1740=VERTEX_POINT('',#5451);
#1741=VERTEX_POINT('',#5453);
#1742=VERTEX_POINT('',#5455);
#1743=VERTEX_POINT('',#5457);
#1744=VERTEX_POINT('',#5460);
#1745=VERTEX_POINT('',#5462);
#1746=VERTEX_POINT('',#5466);
#1747=VERTEX_POINT('',#5468);
#1748=VERTEX_POINT('',#5470);
#1749=VERTEX_POINT('',#5472);
#1750=VERTEX_POINT('',#5476);
#1751=VERTEX_POINT('',#5480);
#1752=VERTEX_POINT('',#5482);
#1753=VERTEX_POINT('',#5484);
#1754=VERTEX_POINT('',#5486);
#1755=VERTEX_POINT('',#5490);
#1756=VERTEX_POINT('',#5494);
#1757=VERTEX_POINT('',#5496);
#1758=VERTEX_POINT('',#5498);
#1759=VERTEX_POINT('',#5504);
#1760=VERTEX_POINT('',#5506);
#1761=VERTEX_POINT('',#5510);
#1762=VERTEX_POINT('',#5512);
#1763=VERTEX_POINT('',#5516);
#1764=VERTEX_POINT('',#5518);
#1765=VERTEX_POINT('',#5522);
#1766=VERTEX_POINT('',#5529);
#1767=VERTEX_POINT('',#5531);
#1768=VERTEX_POINT('',#5535);
#1769=VERTEX_POINT('',#5537);
#1770=VERTEX_POINT('',#5547);
#1771=VERTEX_POINT('',#5548);
#1772=VERTEX_POINT('',#5550);
#1773=VERTEX_POINT('',#5552);
#1774=VERTEX_POINT('',#5556);
#1775=VERTEX_POINT('',#5558);
#1776=VERTEX_POINT('',#5562);
#1777=VERTEX_POINT('',#5564);
#1778=VERTEX_POINT('',#5571);
#1779=VERTEX_POINT('',#5572);
#1780=VERTEX_POINT('',#5574);
#1781=VERTEX_POINT('',#5576);
#1782=VERTEX_POINT('',#5580);
#1783=VERTEX_POINT('',#5581);
#1784=VERTEX_POINT('',#5583);
#1785=VERTEX_POINT('',#5585);
#1786=VERTEX_POINT('',#5589);
#1787=VERTEX_POINT('',#5591);
#1788=VERTEX_POINT('',#5595);
#1789=VERTEX_POINT('',#5597);
#1790=VERTEX_POINT('',#5601);
#1791=VERTEX_POINT('',#5603);
#1792=VERTEX_POINT('',#5607);
#1793=VERTEX_POINT('',#5609);
#1794=VERTEX_POINT('',#5613);
#1795=VERTEX_POINT('',#5615);
#1796=VERTEX_POINT('',#5623);
#1797=VERTEX_POINT('',#5625);
#1798=VERTEX_POINT('',#5629);
#1799=VERTEX_POINT('',#5631);
#1800=VERTEX_POINT('',#5635);
#1801=VERTEX_POINT('',#5637);
#1802=VERTEX_POINT('',#5647);
#1803=VERTEX_POINT('',#5648);
#1804=VERTEX_POINT('',#5650);
#1805=VERTEX_POINT('',#5652);
#1806=VERTEX_POINT('',#5656);
#1807=VERTEX_POINT('',#5658);
#1808=VERTEX_POINT('',#5662);
#1809=VERTEX_POINT('',#5664);
#1810=VERTEX_POINT('',#5671);
#1811=VERTEX_POINT('',#5672);
#1812=VERTEX_POINT('',#5674);
#1813=VERTEX_POINT('',#5676);
#1814=VERTEX_POINT('',#5680);
#1815=VERTEX_POINT('',#5682);
#1816=VERTEX_POINT('',#5686);
#1817=VERTEX_POINT('',#5688);
#1818=VERTEX_POINT('',#5698);
#1819=VERTEX_POINT('',#5699);
#1820=VERTEX_POINT('',#5701);
#1821=VERTEX_POINT('',#5703);
#1822=VERTEX_POINT('',#5707);
#1823=VERTEX_POINT('',#5709);
#1824=VERTEX_POINT('',#5713);
#1825=VERTEX_POINT('',#5715);
#1826=VERTEX_POINT('',#5722);
#1827=VERTEX_POINT('',#5723);
#1828=VERTEX_POINT('',#5725);
#1829=VERTEX_POINT('',#5727);
#1830=VERTEX_POINT('',#5731);
#1831=VERTEX_POINT('',#5733);
#1832=VERTEX_POINT('',#5737);
#1833=VERTEX_POINT('',#5739);
#1834=VERTEX_POINT('',#5749);
#1835=VERTEX_POINT('',#5750);
#1836=VERTEX_POINT('',#5752);
#1837=VERTEX_POINT('',#5754);
#1838=VERTEX_POINT('',#5758);
#1839=VERTEX_POINT('',#5760);
#1840=VERTEX_POINT('',#5764);
#1841=VERTEX_POINT('',#5766);
#1842=VERTEX_POINT('',#5770);
#1843=VERTEX_POINT('',#5771);
#1844=VERTEX_POINT('',#5773);
#1845=VERTEX_POINT('',#5775);
#1846=VERTEX_POINT('',#5779);
#1847=VERTEX_POINT('',#5781);
#1848=VERTEX_POINT('',#5785);
#1849=VERTEX_POINT('',#5787);
#1850=VERTEX_POINT('',#5794);
#1851=VERTEX_POINT('',#5796);
#1852=VERTEX_POINT('',#5800);
#1853=VERTEX_POINT('',#5802);
#1854=VERTEX_POINT('',#5804);
#1855=VERTEX_POINT('',#5808);
#1856=VERTEX_POINT('',#5809);
#1857=VERTEX_POINT('',#5811);
#1858=VERTEX_POINT('',#5813);
#1859=VERTEX_POINT('',#5817);
#1860=VERTEX_POINT('',#5818);
#1861=VERTEX_POINT('',#5820);
#1862=VERTEX_POINT('',#5822);
#1863=VERTEX_POINT('',#5826);
#1864=VERTEX_POINT('',#5827);
#1865=VERTEX_POINT('',#5832);
#1866=VERTEX_POINT('',#5839);
#1867=VERTEX_POINT('',#5841);
#1868=VERTEX_POINT('',#5845);
#1869=VERTEX_POINT('',#5846);
#1870=VERTEX_POINT('',#5851);
#1871=VERTEX_POINT('',#5855);
#1872=VERTEX_POINT('',#5861);
#1873=VERTEX_POINT('',#5865);
#1874=VERTEX_POINT('',#5873);
#1875=VERTEX_POINT('',#5874);
#1876=VERTEX_POINT('',#5876);
#1877=VERTEX_POINT('',#5878);
#1878=VERTEX_POINT('',#5881);
#1879=VERTEX_POINT('',#5882);
#1880=VERTEX_POINT('',#5884);
#1881=VERTEX_POINT('',#5886);
#1882=VERTEX_POINT('',#5890);
#1883=VERTEX_POINT('',#5892);
#1884=VERTEX_POINT('',#5896);
#1885=VERTEX_POINT('',#5900);
#1886=VERTEX_POINT('',#5907);
#1887=VERTEX_POINT('',#5908);
#1888=VERTEX_POINT('',#5913);
#1889=VERTEX_POINT('',#5917);
#1890=VERTEX_POINT('',#5921);
#1891=VERTEX_POINT('',#5923);
#1892=VERTEX_POINT('',#5925);
#1893=VERTEX_POINT('',#5927);
#1894=VERTEX_POINT('',#5931);
#1895=VERTEX_POINT('',#5932);
#1896=VERTEX_POINT('',#5934);
#1897=VERTEX_POINT('',#5936);
#1898=VERTEX_POINT('',#5949);
#1899=VERTEX_POINT('',#5950);
#1900=VERTEX_POINT('',#5952);
#1901=VERTEX_POINT('',#5954);
#1902=VERTEX_POINT('',#5958);
#1903=VERTEX_POINT('',#5959);
#1904=VERTEX_POINT('',#5961);
#1905=VERTEX_POINT('',#5963);
#1906=VERTEX_POINT('',#5966);
#1907=VERTEX_POINT('',#5967);
#1908=VERTEX_POINT('',#5969);
#1909=VERTEX_POINT('',#5971);
#1910=VERTEX_POINT('',#5983);
#1911=VERTEX_POINT('',#5984);
#1912=VERTEX_POINT('',#5989);
#1913=VERTEX_POINT('',#5993);
#1914=VERTEX_POINT('',#5997);
#1915=VERTEX_POINT('',#5999);
#1916=VERTEX_POINT('',#6001);
#1917=VERTEX_POINT('',#6003);
#1918=VERTEX_POINT('',#6007);
#1919=VERTEX_POINT('',#6008);
#1920=VERTEX_POINT('',#6010);
#1921=VERTEX_POINT('',#6012);
#1922=VERTEX_POINT('',#6025);
#1923=VERTEX_POINT('',#6026);
#1924=VERTEX_POINT('',#6028);
#1925=VERTEX_POINT('',#6030);
#1926=VERTEX_POINT('',#6034);
#1927=VERTEX_POINT('',#6035);
#1928=VERTEX_POINT('',#6037);
#1929=VERTEX_POINT('',#6039);
#1930=VERTEX_POINT('',#6042);
#1931=VERTEX_POINT('',#6043);
#1932=VERTEX_POINT('',#6045);
#1933=VERTEX_POINT('',#6047);
#1934=VERTEX_POINT('',#6059);
#1935=VERTEX_POINT('',#6060);
#1936=VERTEX_POINT('',#6065);
#1937=VERTEX_POINT('',#6069);
#1938=VERTEX_POINT('',#6073);
#1939=VERTEX_POINT('',#6075);
#1940=VERTEX_POINT('',#6077);
#1941=VERTEX_POINT('',#6079);
#1942=VERTEX_POINT('',#6083);
#1943=VERTEX_POINT('',#6085);
#1944=VERTEX_POINT('',#6089);
#1945=VERTEX_POINT('',#6091);
#1946=VERTEX_POINT('',#6101);
#1947=VERTEX_POINT('',#6103);
#1948=VERTEX_POINT('',#6108);
#1949=VERTEX_POINT('',#6110);
#1950=VERTEX_POINT('',#6115);
#1951=VERTEX_POINT('',#6117);
#1952=VERTEX_POINT('',#6122);
#1953=VERTEX_POINT('',#6124);
#1954=VERTEX_POINT('',#6129);
#1955=VERTEX_POINT('',#6130);
#1956=VERTEX_POINT('',#6132);
#1957=VERTEX_POINT('',#6134);
#1958=VERTEX_POINT('',#6138);
#1959=VERTEX_POINT('',#6140);
#1960=VERTEX_POINT('',#6144);
#1961=VERTEX_POINT('',#6146);
#1962=EDGE_CURVE('',#1644,#1645,#1636,.T.);
#1963=EDGE_CURVE('',#1645,#1646,#1566,.T.);
#1964=EDGE_CURVE('',#1646,#1647,#1637,.T.);
#1965=EDGE_CURVE('',#1647,#1644,#1567,.T.);
#1966=EDGE_CURVE('',#1648,#1645,#179,.T.);
#1967=EDGE_CURVE('',#1646,#1648,#180,.T.);
#1968=EDGE_CURVE('',#1649,#1649,#1568,.T.);
#1969=EDGE_CURVE('',#1650,#1650,#1569,.T.);
#1970=EDGE_CURVE('',#1650,#1651,#181,.T.);
#1971=EDGE_CURVE('',#1651,#1651,#1570,.T.);
#1972=EDGE_CURVE('',#1652,#1652,#1571,.T.);
#1973=EDGE_CURVE('',#1649,#1652,#182,.T.);
#1974=EDGE_CURVE('',#1653,#1647,#183,.T.);
#1975=EDGE_CURVE('',#1654,#1653,#1572,.T.);
#1976=EDGE_CURVE('',#1644,#1654,#184,.T.);
#1977=EDGE_CURVE('',#1655,#1656,#1638,.T.);
#1978=EDGE_CURVE('',#1657,#1655,#1573,.T.);
#1979=EDGE_CURVE('',#1658,#1657,#1639,.T.);
#1980=EDGE_CURVE('',#1656,#1658,#1574,.T.);
#1981=EDGE_CURVE('',#1658,#1659,#185,.T.);
#1982=EDGE_CURVE('',#1659,#1656,#186,.T.);
#1983=EDGE_CURVE('',#1660,#1660,#1575,.T.);
#1984=EDGE_CURVE('',#1661,#1661,#1576,.T.);
#1985=EDGE_CURVE('',#1661,#1662,#187,.T.);
#1986=EDGE_CURVE('',#1662,#1662,#1577,.T.);
#1987=EDGE_CURVE('',#1663,#1663,#1578,.T.);
#1988=EDGE_CURVE('',#1660,#1663,#188,.T.);
#1989=EDGE_CURVE('',#1655,#1664,#189,.T.);
#1990=EDGE_CURVE('',#1664,#1665,#1579,.T.);
#1991=EDGE_CURVE('',#1665,#1657,#190,.T.);
#1992=EDGE_CURVE('',#1659,#1648,#191,.T.);
#1993=EDGE_CURVE('',#1654,#1666,#192,.T.);
#1994=EDGE_CURVE('',#1666,#1667,#193,.T.);
#1995=EDGE_CURVE('',#1664,#1667,#194,.T.);
#1996=EDGE_CURVE('',#1665,#1668,#195,.T.);
#1997=EDGE_CURVE('',#1668,#1669,#196,.T.);
#1998=EDGE_CURVE('',#1670,#1669,#1640,.T.);
#1999=EDGE_CURVE('',#1670,#1671,#197,.T.);
#2000=EDGE_CURVE('',#1671,#1672,#198,.T.);
#2001=EDGE_CURVE('',#1673,#1672,#199,.T.);
#2002=EDGE_CURVE('',#1673,#1674,#1641,.T.);
#2003=EDGE_CURVE('',#1675,#1674,#200,.T.);
#2004=EDGE_CURVE('',#1653,#1675,#201,.T.);
#2005=EDGE_CURVE('',#1676,#1667,#202,.T.);
#2006=EDGE_CURVE('',#1677,#1676,#203,.T.);
#2007=EDGE_CURVE('',#1677,#1668,#1580,.T.);
#2008=EDGE_CURVE('',#1678,#1679,#204,.T.);
#2009=EDGE_CURVE('',#1678,#1680,#205,.T.);
#2010=EDGE_CURVE('',#1681,#1680,#206,.T.);
#2011=EDGE_CURVE('',#1679,#1681,#207,.T.);
#2012=EDGE_CURVE('',#1679,#1682,#208,.T.);
#2013=EDGE_CURVE('',#1683,#1681,#209,.T.);
#2014=EDGE_CURVE('',#1682,#1683,#210,.T.);
#2015=EDGE_CURVE('',#1684,#1678,#211,.T.);
#2016=EDGE_CURVE('',#1685,#1684,#212,.T.);
#2017=EDGE_CURVE('',#1680,#1685,#213,.T.);
#2018=EDGE_CURVE('',#1686,#1684,#214,.T.);
#2019=EDGE_CURVE('',#1686,#1687,#215,.T.);
#2020=EDGE_CURVE('',#1685,#1687,#216,.T.);
#2021=EDGE_CURVE('',#1688,#1689,#217,.T.);
#2022=EDGE_CURVE('',#1690,#1688,#218,.T.);
#2023=EDGE_CURVE('',#1691,#1690,#219,.T.);
#2024=EDGE_CURVE('',#1689,#1691,#220,.T.);
#2025=EDGE_CURVE('',#1689,#1692,#221,.T.);
#2026=EDGE_CURVE('',#1693,#1691,#222,.T.);
#2027=EDGE_CURVE('',#1692,#1693,#223,.T.);
#2028=EDGE_CURVE('',#1692,#1694,#224,.T.);
#2029=EDGE_CURVE('',#1695,#1693,#225,.T.);
#2030=EDGE_CURVE('',#1694,#1695,#226,.T.);
#2031=EDGE_CURVE('',#1696,#1688,#227,.T.);
#2032=EDGE_CURVE('',#1696,#1697,#228,.T.);
#2033=EDGE_CURVE('',#1690,#1697,#229,.T.);
#2034=EDGE_CURVE('',#1682,#1698,#230,.T.);
#2035=EDGE_CURVE('',#1698,#1696,#231,.T.);
#2036=EDGE_CURVE('',#1694,#1699,#232,.T.);
#2037=EDGE_CURVE('',#1699,#1686,#233,.T.);
#2038=EDGE_CURVE('',#1700,#1700,#1581,.T.);
#2039=EDGE_CURVE('',#1700,#1701,#234,.T.);
#2040=EDGE_CURVE('',#1701,#1701,#1582,.T.);
#2041=EDGE_CURVE('',#1702,#1702,#1583,.T.);
#2042=EDGE_CURVE('',#1702,#1703,#235,.T.);
#2043=EDGE_CURVE('',#1703,#1703,#1584,.T.);
#2044=EDGE_CURVE('',#1704,#1704,#1585,.T.);
#2045=EDGE_CURVE('',#1704,#1705,#236,.T.);
#2046=EDGE_CURVE('',#1705,#1705,#1586,.T.);
#2047=EDGE_CURVE('',#1706,#1706,#1587,.T.);
#2048=EDGE_CURVE('',#1706,#1707,#237,.T.);
#2049=EDGE_CURVE('',#1707,#1707,#1588,.T.);
#2050=EDGE_CURVE('',#1698,#1708,#238,.T.);
#2051=EDGE_CURVE('',#1697,#1708,#239,.T.);
#2052=EDGE_CURVE('',#1709,#1695,#240,.T.);
#2053=EDGE_CURVE('',#1699,#1709,#241,.T.);
#2054=EDGE_CURVE('',#1687,#1709,#242,.T.);
#2055=EDGE_CURVE('',#1708,#1683,#243,.T.);
#2056=EDGE_CURVE('',#1710,#1711,#244,.T.);
#2057=EDGE_CURVE('',#1710,#1712,#245,.T.);
#2058=EDGE_CURVE('',#1713,#1712,#246,.T.);
#2059=EDGE_CURVE('',#1711,#1713,#247,.T.);
#2060=EDGE_CURVE('',#1711,#1714,#248,.T.);
#2061=EDGE_CURVE('',#1715,#1713,#249,.T.);
#2062=EDGE_CURVE('',#1714,#1715,#250,.T.);
#2063=EDGE_CURVE('',#1714,#1716,#251,.T.);
#2064=EDGE_CURVE('',#1717,#1715,#252,.T.);
#2065=EDGE_CURVE('',#1716,#1717,#253,.T.);
#2066=EDGE_CURVE('',#1716,#1710,#254,.T.);
#2067=EDGE_CURVE('',#1712,#1717,#255,.T.);
#2068=EDGE_CURVE('',#1718,#1666,#256,.T.);
#2069=EDGE_CURVE('',#1718,#1676,#257,.T.);
#2070=EDGE_CURVE('',#1719,#1720,#1642,.T.);
#2071=EDGE_CURVE('',#1674,#1719,#1589,.T.);
#2072=EDGE_CURVE('',#1720,#1673,#1590,.T.);
#2073=EDGE_CURVE('',#1672,#1720,#258,.T.);
#2074=EDGE_CURVE('',#1721,#1721,#1591,.T.);
#2075=EDGE_CURVE('',#1722,#1722,#1592,.T.);
#2076=EDGE_CURVE('',#1722,#1723,#259,.T.);
#2077=EDGE_CURVE('',#1723,#1723,#1593,.T.);
#2078=EDGE_CURVE('',#1724,#1724,#1594,.T.);
#2079=EDGE_CURVE('',#1721,#1724,#260,.T.);
#2080=EDGE_CURVE('',#1719,#1725,#261,.T.);
#2081=EDGE_CURVE('',#1725,#1675,#1595,.T.);
#2082=EDGE_CURVE('',#1725,#1718,#262,.T.);
#2083=EDGE_CURVE('',#1726,#1727,#1643,.T.);
#2084=EDGE_CURVE('',#1727,#1670,#1596,.T.);
#2085=EDGE_CURVE('',#1669,#1726,#1597,.T.);
#2086=EDGE_CURVE('',#1671,#1727,#263,.T.);
#2087=EDGE_CURVE('',#1728,#1728,#1598,.T.);
#2088=EDGE_CURVE('',#1729,#1729,#1599,.T.);
#2089=EDGE_CURVE('',#1729,#1730,#264,.T.);
#2090=EDGE_CURVE('',#1730,#1730,#1600,.T.);
#2091=EDGE_CURVE('',#1731,#1731,#1601,.T.);
#2092=EDGE_CURVE('',#1728,#1731,#265,.T.);
#2093=EDGE_CURVE('',#1726,#1677,#266,.T.);
#2094=EDGE_CURVE('',#1732,#1732,#1602,.T.);
#2095=EDGE_CURVE('',#1732,#1733,#267,.T.);
#2096=EDGE_CURVE('',#1733,#1733,#1603,.T.);
#2097=EDGE_CURVE('',#1734,#1735,#1604,.T.);
#2098=EDGE_CURVE('',#1736,#1734,#268,.T.);
#2099=EDGE_CURVE('',#1737,#1736,#1605,.T.);
#2100=EDGE_CURVE('',#1735,#1737,#269,.T.);
#2101=EDGE_CURVE('',#1738,#1738,#1606,.T.);
#2102=EDGE_CURVE('',#1738,#1739,#270,.T.);
#2103=EDGE_CURVE('',#1740,#1739,#1607,.T.);
#2104=EDGE_CURVE('',#1741,#1740,#271,.T.);
#2105=EDGE_CURVE('',#1742,#1741,#1608,.T.);
#2106=EDGE_CURVE('',#1742,#1743,#272,.T.);
#2107=EDGE_CURVE('',#1743,#1743,#1609,.T.);
#2108=EDGE_CURVE('',#1744,#1742,#1610,.T.);
#2109=EDGE_CURVE('',#1745,#1744,#273,.T.);
#2110=EDGE_CURVE('',#1739,#1745,#1611,.T.);
#2111=EDGE_CURVE('',#1736,#1746,#274,.T.);
#2112=EDGE_CURVE('',#1747,#1746,#275,.T.);
#2113=EDGE_CURVE('',#1748,#1747,#276,.T.);
#2114=EDGE_CURVE('',#1749,#1748,#277,.T.);
#2115=EDGE_CURVE('',#1749,#1737,#278,.T.);
#2116=EDGE_CURVE('',#1734,#1750,#279,.T.);
#2117=EDGE_CURVE('',#1746,#1750,#280,.T.);
#2118=EDGE_CURVE('',#1741,#1751,#281,.T.);
#2119=EDGE_CURVE('',#1752,#1751,#282,.T.);
#2120=EDGE_CURVE('',#1753,#1752,#283,.T.);
#2121=EDGE_CURVE('',#1753,#1754,#284,.T.);
#2122=EDGE_CURVE('',#1754,#1744,#285,.T.);
#2123=EDGE_CURVE('',#1740,#1755,#286,.T.);
#2124=EDGE_CURVE('',#1751,#1755,#287,.T.);
#2125=EDGE_CURVE('',#1756,#1735,#288,.T.);
#2126=EDGE_CURVE('',#1757,#1756,#289,.T.);
#2127=EDGE_CURVE('',#1757,#1758,#290,.T.);
#2128=EDGE_CURVE('',#1750,#1758,#291,.T.);
#2129=EDGE_CURVE('',#1756,#1749,#292,.T.);
#2130=EDGE_CURVE('',#1759,#1748,#293,.T.);
#2131=EDGE_CURVE('',#1760,#1747,#294,.T.);
#2132=EDGE_CURVE('',#1759,#1760,#295,.T.);
#2133=EDGE_CURVE('',#1761,#1759,#296,.T.);
#2134=EDGE_CURVE('',#1762,#1760,#297,.T.);
#2135=EDGE_CURVE('',#1761,#1762,#298,.T.);
#2136=EDGE_CURVE('',#1763,#1761,#299,.T.);
#2137=EDGE_CURVE('',#1764,#1762,#300,.T.);
#2138=EDGE_CURVE('',#1763,#1764,#301,.T.);
#2139=EDGE_CURVE('',#1765,#1745,#302,.T.);
#2140=EDGE_CURVE('',#1765,#1763,#303,.T.);
#2141=EDGE_CURVE('',#1755,#1764,#304,.T.);
#2142=EDGE_CURVE('',#1754,#1765,#305,.T.);
#2143=EDGE_CURVE('',#1766,#1753,#306,.T.);
#2144=EDGE_CURVE('',#1767,#1752,#307,.T.);
#2145=EDGE_CURVE('',#1766,#1767,#308,.T.);
#2146=EDGE_CURVE('',#1768,#1766,#309,.T.);
#2147=EDGE_CURVE('',#1769,#1767,#310,.T.);
#2148=EDGE_CURVE('',#1768,#1769,#311,.T.);
#2149=EDGE_CURVE('',#1757,#1768,#312,.T.);
#2150=EDGE_CURVE('',#1758,#1769,#313,.T.);
#2151=EDGE_CURVE('',#1770,#1771,#314,.T.);
#2152=EDGE_CURVE('',#1770,#1772,#315,.T.);
#2153=EDGE_CURVE('',#1773,#1772,#316,.T.);
#2154=EDGE_CURVE('',#1771,#1773,#317,.T.);
#2155=EDGE_CURVE('',#1771,#1774,#318,.T.);
#2156=EDGE_CURVE('',#1775,#1773,#319,.T.);
#2157=EDGE_CURVE('',#1774,#1775,#320,.T.);
#2158=EDGE_CURVE('',#1774,#1776,#321,.T.);
#2159=EDGE_CURVE('',#1777,#1775,#322,.T.);
#2160=EDGE_CURVE('',#1776,#1777,#323,.T.);
#2161=EDGE_CURVE('',#1776,#1770,#324,.T.);
#2162=EDGE_CURVE('',#1772,#1777,#325,.T.);
#2163=EDGE_CURVE('',#1778,#1779,#326,.T.);
#2164=EDGE_CURVE('',#1779,#1780,#327,.T.);
#2165=EDGE_CURVE('',#1780,#1781,#328,.T.);
#2166=EDGE_CURVE('',#1781,#1778,#329,.T.);
#2167=EDGE_CURVE('',#1782,#1783,#330,.T.);
#2168=EDGE_CURVE('',#1782,#1784,#331,.T.);
#2169=EDGE_CURVE('',#1785,#1784,#332,.T.);
#2170=EDGE_CURVE('',#1783,#1785,#333,.T.);
#2171=EDGE_CURVE('',#1783,#1786,#334,.T.);
#2172=EDGE_CURVE('',#1787,#1785,#335,.T.);
#2173=EDGE_CURVE('',#1786,#1787,#336,.T.);
#2174=EDGE_CURVE('',#1786,#1788,#337,.T.);
#2175=EDGE_CURVE('',#1789,#1787,#338,.T.);
#2176=EDGE_CURVE('',#1788,#1789,#339,.T.);
#2177=EDGE_CURVE('',#1788,#1790,#340,.T.);
#2178=EDGE_CURVE('',#1791,#1789,#341,.T.);
#2179=EDGE_CURVE('',#1790,#1791,#342,.T.);
#2180=EDGE_CURVE('',#1790,#1792,#343,.T.);
#2181=EDGE_CURVE('',#1793,#1791,#344,.T.);
#2182=EDGE_CURVE('',#1792,#1793,#345,.T.);
#2183=EDGE_CURVE('',#1792,#1794,#346,.T.);
#2184=EDGE_CURVE('',#1795,#1793,#347,.T.);
#2185=EDGE_CURVE('',#1794,#1795,#348,.T.);
#2186=EDGE_CURVE('',#1794,#1778,#349,.T.);
#2187=EDGE_CURVE('',#1795,#1779,#350,.T.);
#2188=EDGE_CURVE('',#1781,#1796,#351,.T.);
#2189=EDGE_CURVE('',#1797,#1780,#352,.T.);
#2190=EDGE_CURVE('',#1796,#1797,#353,.T.);
#2191=EDGE_CURVE('',#1796,#1798,#354,.T.);
#2192=EDGE_CURVE('',#1799,#1797,#355,.T.);
#2193=EDGE_CURVE('',#1798,#1799,#356,.T.);
#2194=EDGE_CURVE('',#1798,#1800,#357,.T.);
#2195=EDGE_CURVE('',#1801,#1799,#358,.T.);
#2196=EDGE_CURVE('',#1800,#1801,#359,.T.);
#2197=EDGE_CURVE('',#1800,#1782,#360,.T.);
#2198=EDGE_CURVE('',#1784,#1801,#361,.T.);
#2199=EDGE_CURVE('',#1802,#1803,#362,.T.);
#2200=EDGE_CURVE('',#1803,#1804,#363,.T.);
#2201=EDGE_CURVE('',#1805,#1804,#364,.T.);
#2202=EDGE_CURVE('',#1802,#1805,#365,.T.);
#2203=EDGE_CURVE('',#1806,#1802,#366,.T.);
#2204=EDGE_CURVE('',#1807,#1805,#367,.T.);
#2205=EDGE_CURVE('',#1806,#1807,#368,.T.);
#2206=EDGE_CURVE('',#1808,#1806,#369,.T.);
#2207=EDGE_CURVE('',#1809,#1807,#370,.T.);
#2208=EDGE_CURVE('',#1808,#1809,#371,.T.);
#2209=EDGE_CURVE('',#1803,#1808,#372,.T.);
#2210=EDGE_CURVE('',#1804,#1809,#373,.T.);
#2211=EDGE_CURVE('',#1810,#1811,#374,.T.);
#2212=EDGE_CURVE('',#1810,#1812,#375,.T.);
#2213=EDGE_CURVE('',#1813,#1812,#376,.T.);
#2214=EDGE_CURVE('',#1811,#1813,#377,.T.);
#2215=EDGE_CURVE('',#1811,#1814,#378,.T.);
#2216=EDGE_CURVE('',#1815,#1813,#379,.T.);
#2217=EDGE_CURVE('',#1814,#1815,#380,.T.);
#2218=EDGE_CURVE('',#1814,#1816,#381,.T.);
#2219=EDGE_CURVE('',#1817,#1815,#382,.T.);
#2220=EDGE_CURVE('',#1816,#1817,#383,.T.);
#2221=EDGE_CURVE('',#1816,#1810,#384,.T.);
#2222=EDGE_CURVE('',#1812,#1817,#385,.T.);
#2223=EDGE_CURVE('',#1818,#1819,#386,.T.);
#2224=EDGE_CURVE('',#1819,#1820,#387,.T.);
#2225=EDGE_CURVE('',#1821,#1820,#388,.T.);
#2226=EDGE_CURVE('',#1818,#1821,#389,.T.);
#2227=EDGE_CURVE('',#1822,#1818,#390,.T.);
#2228=EDGE_CURVE('',#1823,#1821,#391,.T.);
#2229=EDGE_CURVE('',#1822,#1823,#392,.T.);
#2230=EDGE_CURVE('',#1824,#1822,#393,.T.);
#2231=EDGE_CURVE('',#1825,#1823,#394,.T.);
#2232=EDGE_CURVE('',#1824,#1825,#395,.T.);
#2233=EDGE_CURVE('',#1819,#1824,#396,.T.);
#2234=EDGE_CURVE('',#1820,#1825,#397,.T.);
#2235=EDGE_CURVE('',#1826,#1827,#398,.T.);
#2236=EDGE_CURVE('',#1826,#1828,#399,.T.);
#2237=EDGE_CURVE('',#1829,#1828,#400,.T.);
#2238=EDGE_CURVE('',#1827,#1829,#401,.T.);
#2239=EDGE_CURVE('',#1827,#1830,#402,.T.);
#2240=EDGE_CURVE('',#1831,#1829,#403,.T.);
#2241=EDGE_CURVE('',#1830,#1831,#404,.T.);
#2242=EDGE_CURVE('',#1830,#1832,#405,.T.);
#2243=EDGE_CURVE('',#1833,#1831,#406,.T.);
#2244=EDGE_CURVE('',#1832,#1833,#407,.T.);
#2245=EDGE_CURVE('',#1832,#1826,#408,.T.);
#2246=EDGE_CURVE('',#1828,#1833,#409,.T.);
#2247=EDGE_CURVE('',#1834,#1835,#410,.T.);
#2248=EDGE_CURVE('',#1836,#1834,#411,.T.);
#2249=EDGE_CURVE('',#1837,#1836,#412,.T.);
#2250=EDGE_CURVE('',#1837,#1835,#413,.T.);
#2251=EDGE_CURVE('',#1835,#1838,#414,.T.);
#2252=EDGE_CURVE('',#1839,#1837,#415,.T.);
#2253=EDGE_CURVE('',#1839,#1838,#416,.T.);
#2254=EDGE_CURVE('',#1838,#1840,#417,.T.);
#2255=EDGE_CURVE('',#1841,#1839,#418,.T.);
#2256=EDGE_CURVE('',#1840,#1841,#419,.T.);
#2257=EDGE_CURVE('',#1842,#1843,#420,.T.);
#2258=EDGE_CURVE('',#1844,#1842,#421,.T.);
#2259=EDGE_CURVE('',#1845,#1844,#422,.T.);
#2260=EDGE_CURVE('',#1845,#1843,#423,.T.);
#2261=EDGE_CURVE('',#1843,#1846,#1612,.T.);
#2262=EDGE_CURVE('',#1847,#1845,#1613,.T.);
#2263=EDGE_CURVE('',#1847,#1846,#424,.T.);
#2264=EDGE_CURVE('',#1846,#1848,#425,.T.);
#2265=EDGE_CURVE('',#1849,#1847,#426,.T.);
#2266=EDGE_CURVE('',#1849,#1848,#427,.T.);
#2267=EDGE_CURVE('',#1848,#1842,#1614,.T.);
#2268=EDGE_CURVE('',#1844,#1849,#1615,.T.);
#2269=EDGE_CURVE('',#1834,#1850,#428,.T.);
#2270=EDGE_CURVE('',#1850,#1851,#429,.T.);
#2271=EDGE_CURVE('',#1851,#1836,#430,.T.);
#2272=EDGE_CURVE('',#1852,#1851,#431,.T.);
#2273=EDGE_CURVE('',#1853,#1852,#432,.T.);
#2274=EDGE_CURVE('',#1853,#1854,#433,.T.);
#2275=EDGE_CURVE('',#1841,#1854,#434,.T.);
#2276=EDGE_CURVE('',#1855,#1856,#435,.T.);
#2277=EDGE_CURVE('',#1856,#1857,#436,.T.);
#2278=EDGE_CURVE('',#1857,#1858,#437,.T.);
#2279=EDGE_CURVE('',#1858,#1855,#438,.T.);
#2280=EDGE_CURVE('',#1859,#1860,#439,.T.);
#2281=EDGE_CURVE('',#1860,#1861,#440,.T.);
#2282=EDGE_CURVE('',#1861,#1862,#441,.T.);
#2283=EDGE_CURVE('',#1862,#1859,#442,.T.);
#2284=EDGE_CURVE('',#1863,#1864,#443,.T.);
#2285=EDGE_CURVE('',#1864,#1853,#444,.T.);
#2286=EDGE_CURVE('',#1852,#1863,#445,.T.);
#2287=EDGE_CURVE('',#1865,#1840,#446,.T.);
#2288=EDGE_CURVE('',#1862,#1865,#447,.T.);
#2289=EDGE_CURVE('',#1861,#1850,#448,.T.);
#2290=EDGE_CURVE('',#1854,#1865,#449,.T.);
#2291=EDGE_CURVE('',#1866,#1864,#450,.T.);
#2292=EDGE_CURVE('',#1867,#1866,#451,.T.);
#2293=EDGE_CURVE('',#1867,#1859,#452,.T.);
#2294=EDGE_CURVE('',#1868,#1869,#453,.T.);
#2295=EDGE_CURVE('',#1869,#1856,#454,.T.);
#2296=EDGE_CURVE('',#1868,#1855,#455,.T.);
#2297=EDGE_CURVE('',#1870,#1868,#456,.T.);
#2298=EDGE_CURVE('',#1870,#1858,#457,.T.);
#2299=EDGE_CURVE('',#1871,#1870,#458,.T.);
#2300=EDGE_CURVE('',#1871,#1857,#459,.T.);
#2301=EDGE_CURVE('',#1869,#1871,#460,.T.);
#2302=EDGE_CURVE('',#1866,#1872,#461,.T.);
#2303=EDGE_CURVE('',#1872,#1863,#462,.T.);
#2304=EDGE_CURVE('',#1873,#1860,#463,.T.);
#2305=EDGE_CURVE('',#1872,#1873,#464,.T.);
#2306=EDGE_CURVE('',#1873,#1867,#465,.T.);
#2307=EDGE_CURVE('',#1874,#1875,#466,.T.);
#2308=EDGE_CURVE('',#1875,#1876,#467,.T.);
#2309=EDGE_CURVE('',#1876,#1877,#468,.T.);
#2310=EDGE_CURVE('',#1877,#1874,#469,.T.);
#2311=EDGE_CURVE('',#1878,#1879,#470,.T.);
#2312=EDGE_CURVE('',#1879,#1880,#471,.T.);
#2313=EDGE_CURVE('',#1880,#1881,#472,.T.);
#2314=EDGE_CURVE('',#1881,#1878,#473,.T.);
#2315=EDGE_CURVE('',#1875,#1882,#474,.T.);
#2316=EDGE_CURVE('',#1883,#1882,#475,.T.);
#2317=EDGE_CURVE('',#1876,#1883,#476,.T.);
#2318=EDGE_CURVE('',#1884,#1883,#477,.T.);
#2319=EDGE_CURVE('',#1877,#1884,#478,.T.);
#2320=EDGE_CURVE('',#1885,#1884,#479,.T.);
#2321=EDGE_CURVE('',#1874,#1885,#480,.T.);
#2322=EDGE_CURVE('',#1882,#1885,#481,.T.);
#2323=EDGE_CURVE('',#1886,#1887,#482,.T.);
#2324=EDGE_CURVE('',#1886,#1879,#483,.T.);
#2325=EDGE_CURVE('',#1887,#1878,#484,.T.);
#2326=EDGE_CURVE('',#1887,#1888,#485,.T.);
#2327=EDGE_CURVE('',#1888,#1881,#486,.T.);
#2328=EDGE_CURVE('',#1888,#1889,#487,.T.);
#2329=EDGE_CURVE('',#1889,#1880,#488,.T.);
#2330=EDGE_CURVE('',#1889,#1890,#489,.T.);
#2331=EDGE_CURVE('',#1890,#1891,#490,.T.);
#2332=EDGE_CURVE('',#1892,#1891,#491,.T.);
#2333=EDGE_CURVE('',#1893,#1892,#492,.T.);
#2334=EDGE_CURVE('',#1893,#1886,#493,.T.);
#2335=EDGE_CURVE('',#1894,#1895,#494,.T.);
#2336=EDGE_CURVE('',#1895,#1896,#495,.T.);
#2337=EDGE_CURVE('',#1897,#1896,#496,.T.);
#2338=EDGE_CURVE('',#1894,#1897,#497,.T.);
#2339=EDGE_CURVE('',#1890,#1894,#1616,.T.);
#2340=EDGE_CURVE('',#1891,#1897,#1617,.T.);
#2341=EDGE_CURVE('',#1895,#1893,#1618,.T.);
#2342=EDGE_CURVE('',#1896,#1892,#1619,.T.);
#2343=EDGE_CURVE('',#1898,#1899,#498,.T.);
#2344=EDGE_CURVE('',#1899,#1900,#499,.T.);
#2345=EDGE_CURVE('',#1900,#1901,#500,.T.);
#2346=EDGE_CURVE('',#1901,#1898,#501,.T.);
#2347=EDGE_CURVE('',#1902,#1903,#502,.T.);
#2348=EDGE_CURVE('',#1903,#1904,#503,.T.);
#2349=EDGE_CURVE('',#1904,#1905,#504,.T.);
#2350=EDGE_CURVE('',#1905,#1902,#505,.T.);
#2351=EDGE_CURVE('',#1906,#1907,#506,.T.);
#2352=EDGE_CURVE('',#1907,#1908,#507,.T.);
#2353=EDGE_CURVE('',#1908,#1909,#508,.T.);
#2354=EDGE_CURVE('',#1909,#1906,#509,.T.);
#2355=EDGE_CURVE('',#1903,#1900,#510,.T.);
#2356=EDGE_CURVE('',#1904,#1899,#511,.T.);
#2357=EDGE_CURVE('',#1905,#1898,#512,.T.);
#2358=EDGE_CURVE('',#1902,#1901,#513,.T.);
#2359=EDGE_CURVE('',#1910,#1911,#514,.T.);
#2360=EDGE_CURVE('',#1910,#1907,#515,.T.);
#2361=EDGE_CURVE('',#1911,#1906,#516,.T.);
#2362=EDGE_CURVE('',#1911,#1912,#517,.T.);
#2363=EDGE_CURVE('',#1912,#1909,#518,.T.);
#2364=EDGE_CURVE('',#1912,#1913,#519,.T.);
#2365=EDGE_CURVE('',#1913,#1908,#520,.T.);
#2366=EDGE_CURVE('',#1913,#1914,#521,.T.);
#2367=EDGE_CURVE('',#1914,#1915,#522,.T.);
#2368=EDGE_CURVE('',#1916,#1915,#523,.T.);
#2369=EDGE_CURVE('',#1917,#1916,#524,.T.);
#2370=EDGE_CURVE('',#1917,#1910,#525,.T.);
#2371=EDGE_CURVE('',#1918,#1919,#526,.T.);
#2372=EDGE_CURVE('',#1919,#1920,#527,.T.);
#2373=EDGE_CURVE('',#1921,#1920,#528,.T.);
#2374=EDGE_CURVE('',#1918,#1921,#529,.T.);
#2375=EDGE_CURVE('',#1914,#1918,#1620,.T.);
#2376=EDGE_CURVE('',#1915,#1921,#1621,.T.);
#2377=EDGE_CURVE('',#1919,#1917,#1622,.T.);
#2378=EDGE_CURVE('',#1920,#1916,#1623,.T.);
#2379=EDGE_CURVE('',#1922,#1923,#530,.T.);
#2380=EDGE_CURVE('',#1923,#1924,#531,.T.);
#2381=EDGE_CURVE('',#1924,#1925,#532,.T.);
#2382=EDGE_CURVE('',#1925,#1922,#533,.T.);
#2383=EDGE_CURVE('',#1926,#1927,#534,.T.);
#2384=EDGE_CURVE('',#1927,#1928,#535,.T.);
#2385=EDGE_CURVE('',#1928,#1929,#536,.T.);
#2386=EDGE_CURVE('',#1929,#1926,#537,.T.);
#2387=EDGE_CURVE('',#1930,#1931,#538,.T.);
#2388=EDGE_CURVE('',#1931,#1932,#539,.T.);
#2389=EDGE_CURVE('',#1932,#1933,#540,.T.);
#2390=EDGE_CURVE('',#1933,#1930,#541,.T.);
#2391=EDGE_CURVE('',#1927,#1924,#542,.T.);
#2392=EDGE_CURVE('',#1928,#1923,#543,.T.);
#2393=EDGE_CURVE('',#1929,#1922,#544,.T.);
#2394=EDGE_CURVE('',#1926,#1925,#545,.T.);
#2395=EDGE_CURVE('',#1934,#1935,#546,.T.);
#2396=EDGE_CURVE('',#1934,#1931,#547,.T.);
#2397=EDGE_CURVE('',#1935,#1930,#548,.T.);
#2398=EDGE_CURVE('',#1935,#1936,#549,.T.);
#2399=EDGE_CURVE('',#1936,#1933,#550,.T.);
#2400=EDGE_CURVE('',#1936,#1937,#551,.T.);
#2401=EDGE_CURVE('',#1937,#1932,#552,.T.);
#2402=EDGE_CURVE('',#1938,#1937,#553,.T.);
#2403=EDGE_CURVE('',#1939,#1938,#554,.T.);
#2404=EDGE_CURVE('',#1939,#1940,#555,.T.);
#2405=EDGE_CURVE('',#1940,#1941,#556,.T.);
#2406=EDGE_CURVE('',#1934,#1941,#557,.T.);
#2407=EDGE_CURVE('',#1942,#1939,#1624,.T.);
#2408=EDGE_CURVE('',#1943,#1938,#1625,.T.);
#2409=EDGE_CURVE('',#1942,#1943,#558,.T.);
#2410=EDGE_CURVE('',#1944,#1942,#559,.T.);
#2411=EDGE_CURVE('',#1945,#1943,#560,.T.);
#2412=EDGE_CURVE('',#1944,#1945,#561,.T.);
#2413=EDGE_CURVE('',#1940,#1944,#1626,.T.);
#2414=EDGE_CURVE('',#1941,#1945,#1627,.T.);
#2415=EDGE_CURVE('',#1946,#1946,#1628,.T.);
#2416=EDGE_CURVE('',#1946,#1947,#562,.T.);
#2417=EDGE_CURVE('',#1947,#1947,#1629,.T.);
#2418=EDGE_CURVE('',#1948,#1948,#1630,.T.);
#2419=EDGE_CURVE('',#1948,#1949,#563,.T.);
#2420=EDGE_CURVE('',#1949,#1949,#1631,.T.);
#2421=EDGE_CURVE('',#1950,#1950,#1632,.T.);
#2422=EDGE_CURVE('',#1950,#1951,#564,.T.);
#2423=EDGE_CURVE('',#1951,#1951,#1633,.T.);
#2424=EDGE_CURVE('',#1952,#1952,#1634,.T.);
#2425=EDGE_CURVE('',#1952,#1953,#565,.T.);
#2426=EDGE_CURVE('',#1953,#1953,#1635,.T.);
#2427=EDGE_CURVE('',#1954,#1955,#566,.T.);
#2428=EDGE_CURVE('',#1954,#1956,#567,.T.);
#2429=EDGE_CURVE('',#1957,#1956,#568,.T.);
#2430=EDGE_CURVE('',#1955,#1957,#569,.T.);
#2431=EDGE_CURVE('',#1955,#1958,#570,.T.);
#2432=EDGE_CURVE('',#1959,#1957,#571,.T.);
#2433=EDGE_CURVE('',#1958,#1959,#572,.T.);
#2434=EDGE_CURVE('',#1958,#1960,#573,.T.);
#2435=EDGE_CURVE('',#1961,#1959,#574,.T.);
#2436=EDGE_CURVE('',#1960,#1961,#575,.T.);
#2437=EDGE_CURVE('',#1960,#1954,#576,.T.);
#2438=EDGE_CURVE('',#1956,#1961,#577,.T.);
#2439=ORIENTED_EDGE('',*,*,#1962,.T.);
#2440=ORIENTED_EDGE('',*,*,#1963,.T.);
#2441=ORIENTED_EDGE('',*,*,#1964,.T.);
#2442=ORIENTED_EDGE('',*,*,#1965,.T.);
#2443=ORIENTED_EDGE('',*,*,#1963,.F.);
#2444=ORIENTED_EDGE('',*,*,#1966,.F.);
#2445=ORIENTED_EDGE('',*,*,#1967,.F.);
#2446=ORIENTED_EDGE('',*,*,#1968,.T.);
#2447=ORIENTED_EDGE('',*,*,#1969,.F.);
#2448=ORIENTED_EDGE('',*,*,#1970,.T.);
#2449=ORIENTED_EDGE('',*,*,#1971,.F.);
#2450=ORIENTED_EDGE('',*,*,#1970,.F.);
#2451=ORIENTED_EDGE('',*,*,#1969,.T.);
#2452=ORIENTED_EDGE('',*,*,#1972,.F.);
#2453=ORIENTED_EDGE('',*,*,#1968,.F.);
#2454=ORIENTED_EDGE('',*,*,#1973,.T.);
#2455=ORIENTED_EDGE('',*,*,#1972,.T.);
#2456=ORIENTED_EDGE('',*,*,#1973,.F.);
#2457=ORIENTED_EDGE('',*,*,#1971,.T.);
#2458=ORIENTED_EDGE('',*,*,#1965,.F.);
#2459=ORIENTED_EDGE('',*,*,#1974,.F.);
#2460=ORIENTED_EDGE('',*,*,#1975,.F.);
#2461=ORIENTED_EDGE('',*,*,#1976,.F.);
#2462=ORIENTED_EDGE('',*,*,#1977,.F.);
#2463=ORIENTED_EDGE('',*,*,#1978,.F.);
#2464=ORIENTED_EDGE('',*,*,#1979,.F.);
#2465=ORIENTED_EDGE('',*,*,#1980,.F.);
#2466=ORIENTED_EDGE('',*,*,#1980,.T.);
#2467=ORIENTED_EDGE('',*,*,#1981,.T.);
#2468=ORIENTED_EDGE('',*,*,#1982,.T.);
#2469=ORIENTED_EDGE('',*,*,#1983,.F.);
#2470=ORIENTED_EDGE('',*,*,#1984,.T.);
#2471=ORIENTED_EDGE('',*,*,#1985,.T.);
#2472=ORIENTED_EDGE('',*,*,#1986,.T.);
#2473=ORIENTED_EDGE('',*,*,#1985,.F.);
#2474=ORIENTED_EDGE('',*,*,#1984,.F.);
#2475=ORIENTED_EDGE('',*,*,#1987,.T.);
#2476=ORIENTED_EDGE('',*,*,#1983,.T.);
#2477=ORIENTED_EDGE('',*,*,#1988,.T.);
#2478=ORIENTED_EDGE('',*,*,#1987,.F.);
#2479=ORIENTED_EDGE('',*,*,#1988,.F.);
#2480=ORIENTED_EDGE('',*,*,#1986,.F.);
#2481=ORIENTED_EDGE('',*,*,#1978,.T.);
#2482=ORIENTED_EDGE('',*,*,#1989,.T.);
#2483=ORIENTED_EDGE('',*,*,#1990,.T.);
#2484=ORIENTED_EDGE('',*,*,#1991,.T.);
#2485=ORIENTED_EDGE('',*,*,#1992,.T.);
#2486=ORIENTED_EDGE('',*,*,#1966,.T.);
#2487=ORIENTED_EDGE('',*,*,#1962,.F.);
#2488=ORIENTED_EDGE('',*,*,#1976,.T.);
#2489=ORIENTED_EDGE('',*,*,#1993,.T.);
#2490=ORIENTED_EDGE('',*,*,#1994,.T.);
#2491=ORIENTED_EDGE('',*,*,#1995,.F.);
#2492=ORIENTED_EDGE('',*,*,#1989,.F.);
#2493=ORIENTED_EDGE('',*,*,#1977,.T.);
#2494=ORIENTED_EDGE('',*,*,#1982,.F.);
#2495=ORIENTED_EDGE('',*,*,#1996,.T.);
#2496=ORIENTED_EDGE('',*,*,#1997,.T.);
#2497=ORIENTED_EDGE('',*,*,#1998,.F.);
#2498=ORIENTED_EDGE('',*,*,#1999,.T.);
#2499=ORIENTED_EDGE('',*,*,#2000,.T.);
#2500=ORIENTED_EDGE('',*,*,#2001,.F.);
#2501=ORIENTED_EDGE('',*,*,#2002,.T.);
#2502=ORIENTED_EDGE('',*,*,#2003,.F.);
#2503=ORIENTED_EDGE('',*,*,#2004,.F.);
#2504=ORIENTED_EDGE('',*,*,#1974,.T.);
#2505=ORIENTED_EDGE('',*,*,#1964,.F.);
#2506=ORIENTED_EDGE('',*,*,#1967,.T.);
#2507=ORIENTED_EDGE('',*,*,#1992,.F.);
#2508=ORIENTED_EDGE('',*,*,#1981,.F.);
#2509=ORIENTED_EDGE('',*,*,#1979,.T.);
#2510=ORIENTED_EDGE('',*,*,#1991,.F.);
#2511=ORIENTED_EDGE('',*,*,#2005,.F.);
#2512=ORIENTED_EDGE('',*,*,#2006,.F.);
#2513=ORIENTED_EDGE('',*,*,#2007,.T.);
#2514=ORIENTED_EDGE('',*,*,#1996,.F.);
#2515=ORIENTED_EDGE('',*,*,#1990,.F.);
#2516=ORIENTED_EDGE('',*,*,#1995,.T.);
#2517=ORIENTED_EDGE('',*,*,#2008,.F.);
#2518=ORIENTED_EDGE('',*,*,#2009,.T.);
#2519=ORIENTED_EDGE('',*,*,#2010,.F.);
#2520=ORIENTED_EDGE('',*,*,#2011,.F.);
#2521=ORIENTED_EDGE('',*,*,#2012,.F.);
#2522=ORIENTED_EDGE('',*,*,#2011,.T.);
#2523=ORIENTED_EDGE('',*,*,#2013,.F.);
#2524=ORIENTED_EDGE('',*,*,#2014,.F.);
#2525=ORIENTED_EDGE('',*,*,#2015,.F.);
#2526=ORIENTED_EDGE('',*,*,#2016,.F.);
#2527=ORIENTED_EDGE('',*,*,#2017,.F.);
#2528=ORIENTED_EDGE('',*,*,#2009,.F.);
#2529=ORIENTED_EDGE('',*,*,#2016,.T.);
#2530=ORIENTED_EDGE('',*,*,#2018,.F.);
#2531=ORIENTED_EDGE('',*,*,#2019,.T.);
#2532=ORIENTED_EDGE('',*,*,#2020,.F.);
#2533=ORIENTED_EDGE('',*,*,#2021,.F.);
#2534=ORIENTED_EDGE('',*,*,#2022,.F.);
#2535=ORIENTED_EDGE('',*,*,#2023,.F.);
#2536=ORIENTED_EDGE('',*,*,#2024,.F.);
#2537=ORIENTED_EDGE('',*,*,#2025,.F.);
#2538=ORIENTED_EDGE('',*,*,#2024,.T.);
#2539=ORIENTED_EDGE('',*,*,#2026,.F.);
#2540=ORIENTED_EDGE('',*,*,#2027,.F.);
#2541=ORIENTED_EDGE('',*,*,#2028,.F.);
#2542=ORIENTED_EDGE('',*,*,#2027,.T.);
#2543=ORIENTED_EDGE('',*,*,#2029,.F.);
#2544=ORIENTED_EDGE('',*,*,#2030,.F.);
#2545=ORIENTED_EDGE('',*,*,#2022,.T.);
#2546=ORIENTED_EDGE('',*,*,#2031,.F.);
#2547=ORIENTED_EDGE('',*,*,#2032,.T.);
#2548=ORIENTED_EDGE('',*,*,#2033,.F.);
#2549=ORIENTED_EDGE('',*,*,#2012,.T.);
#2550=ORIENTED_EDGE('',*,*,#2034,.T.);
#2551=ORIENTED_EDGE('',*,*,#2035,.T.);
#2552=ORIENTED_EDGE('',*,*,#2031,.T.);
#2553=ORIENTED_EDGE('',*,*,#2021,.T.);
#2554=ORIENTED_EDGE('',*,*,#2025,.T.);
#2555=ORIENTED_EDGE('',*,*,#2028,.T.);
#2556=ORIENTED_EDGE('',*,*,#2036,.T.);
#2557=ORIENTED_EDGE('',*,*,#2037,.T.);
#2558=ORIENTED_EDGE('',*,*,#2018,.T.);
#2559=ORIENTED_EDGE('',*,*,#2015,.T.);
#2560=ORIENTED_EDGE('',*,*,#2008,.T.);
#2561=ORIENTED_EDGE('',*,*,#2038,.F.);
#2562=ORIENTED_EDGE('',*,*,#2039,.T.);
#2563=ORIENTED_EDGE('',*,*,#2040,.F.);
#2564=ORIENTED_EDGE('',*,*,#2039,.F.);
#2565=ORIENTED_EDGE('',*,*,#2041,.F.);
#2566=ORIENTED_EDGE('',*,*,#2042,.T.);
#2567=ORIENTED_EDGE('',*,*,#2043,.F.);
#2568=ORIENTED_EDGE('',*,*,#2042,.F.);
#2569=ORIENTED_EDGE('',*,*,#2044,.F.);
#2570=ORIENTED_EDGE('',*,*,#2045,.T.);
#2571=ORIENTED_EDGE('',*,*,#2046,.F.);
#2572=ORIENTED_EDGE('',*,*,#2045,.F.);
#2573=ORIENTED_EDGE('',*,*,#2047,.F.);
#2574=ORIENTED_EDGE('',*,*,#2048,.T.);
#2575=ORIENTED_EDGE('',*,*,#2049,.F.);
#2576=ORIENTED_EDGE('',*,*,#2048,.F.);
#2577=ORIENTED_EDGE('',*,*,#2035,.F.);
#2578=ORIENTED_EDGE('',*,*,#2050,.T.);
#2579=ORIENTED_EDGE('',*,*,#2051,.F.);
#2580=ORIENTED_EDGE('',*,*,#2032,.F.);
#2581=ORIENTED_EDGE('',*,*,#2043,.T.);
#2582=ORIENTED_EDGE('',*,*,#2049,.T.);
#2583=ORIENTED_EDGE('',*,*,#2030,.T.);
#2584=ORIENTED_EDGE('',*,*,#2052,.F.);
#2585=ORIENTED_EDGE('',*,*,#2053,.F.);
#2586=ORIENTED_EDGE('',*,*,#2036,.F.);
#2587=ORIENTED_EDGE('',*,*,#2037,.F.);
#2588=ORIENTED_EDGE('',*,*,#2053,.T.);
#2589=ORIENTED_EDGE('',*,*,#2054,.F.);
#2590=ORIENTED_EDGE('',*,*,#2019,.F.);
#2591=ORIENTED_EDGE('',*,*,#2038,.T.);
#2592=ORIENTED_EDGE('',*,*,#2044,.T.);
#2593=ORIENTED_EDGE('',*,*,#2014,.T.);
#2594=ORIENTED_EDGE('',*,*,#2055,.F.);
#2595=ORIENTED_EDGE('',*,*,#2050,.F.);
#2596=ORIENTED_EDGE('',*,*,#2034,.F.);
#2597=ORIENTED_EDGE('',*,*,#2056,.F.);
#2598=ORIENTED_EDGE('',*,*,#2057,.T.);
#2599=ORIENTED_EDGE('',*,*,#2058,.F.);
#2600=ORIENTED_EDGE('',*,*,#2059,.F.);
#2601=ORIENTED_EDGE('',*,*,#2060,.F.);
#2602=ORIENTED_EDGE('',*,*,#2059,.T.);
#2603=ORIENTED_EDGE('',*,*,#2061,.F.);
#2604=ORIENTED_EDGE('',*,*,#2062,.F.);
#2605=ORIENTED_EDGE('',*,*,#2040,.T.);
#2606=ORIENTED_EDGE('',*,*,#2046,.T.);
#2607=ORIENTED_EDGE('',*,*,#2063,.F.);
#2608=ORIENTED_EDGE('',*,*,#2062,.T.);
#2609=ORIENTED_EDGE('',*,*,#2064,.F.);
#2610=ORIENTED_EDGE('',*,*,#2065,.F.);
#2611=ORIENTED_EDGE('',*,*,#2066,.F.);
#2612=ORIENTED_EDGE('',*,*,#2065,.T.);
#2613=ORIENTED_EDGE('',*,*,#2067,.F.);
#2614=ORIENTED_EDGE('',*,*,#2057,.F.);
#2615=ORIENTED_EDGE('',*,*,#2041,.T.);
#2616=ORIENTED_EDGE('',*,*,#2047,.T.);
#2617=ORIENTED_EDGE('',*,*,#2067,.T.);
#2618=ORIENTED_EDGE('',*,*,#2064,.T.);
#2619=ORIENTED_EDGE('',*,*,#2061,.T.);
#2620=ORIENTED_EDGE('',*,*,#2058,.T.);
#2621=ORIENTED_EDGE('',*,*,#2055,.T.);
#2622=ORIENTED_EDGE('',*,*,#2013,.T.);
#2623=ORIENTED_EDGE('',*,*,#2010,.T.);
#2624=ORIENTED_EDGE('',*,*,#2017,.T.);
#2625=ORIENTED_EDGE('',*,*,#2020,.T.);
#2626=ORIENTED_EDGE('',*,*,#2054,.T.);
#2627=ORIENTED_EDGE('',*,*,#2052,.T.);
#2628=ORIENTED_EDGE('',*,*,#2029,.T.);
#2629=ORIENTED_EDGE('',*,*,#2026,.T.);
#2630=ORIENTED_EDGE('',*,*,#2023,.T.);
#2631=ORIENTED_EDGE('',*,*,#2033,.T.);
#2632=ORIENTED_EDGE('',*,*,#2051,.T.);
#2633=ORIENTED_EDGE('',*,*,#1994,.F.);
#2634=ORIENTED_EDGE('',*,*,#2068,.F.);
#2635=ORIENTED_EDGE('',*,*,#2069,.T.);
#2636=ORIENTED_EDGE('',*,*,#2005,.T.);
#2637=ORIENTED_EDGE('',*,*,#2056,.T.);
#2638=ORIENTED_EDGE('',*,*,#2060,.T.);
#2639=ORIENTED_EDGE('',*,*,#2063,.T.);
#2640=ORIENTED_EDGE('',*,*,#2066,.T.);
#2641=ORIENTED_EDGE('',*,*,#2070,.F.);
#2642=ORIENTED_EDGE('',*,*,#2071,.F.);
#2643=ORIENTED_EDGE('',*,*,#2002,.F.);
#2644=ORIENTED_EDGE('',*,*,#2072,.F.);
#2645=ORIENTED_EDGE('',*,*,#2072,.T.);
#2646=ORIENTED_EDGE('',*,*,#2001,.T.);
#2647=ORIENTED_EDGE('',*,*,#2073,.T.);
#2648=ORIENTED_EDGE('',*,*,#2074,.F.);
#2649=ORIENTED_EDGE('',*,*,#2075,.T.);
#2650=ORIENTED_EDGE('',*,*,#2076,.T.);
#2651=ORIENTED_EDGE('',*,*,#2077,.T.);
#2652=ORIENTED_EDGE('',*,*,#2076,.F.);
#2653=ORIENTED_EDGE('',*,*,#2075,.F.);
#2654=ORIENTED_EDGE('',*,*,#2078,.T.);
#2655=ORIENTED_EDGE('',*,*,#2074,.T.);
#2656=ORIENTED_EDGE('',*,*,#2079,.T.);
#2657=ORIENTED_EDGE('',*,*,#2078,.F.);
#2658=ORIENTED_EDGE('',*,*,#2079,.F.);
#2659=ORIENTED_EDGE('',*,*,#2077,.F.);
#2660=ORIENTED_EDGE('',*,*,#2071,.T.);
#2661=ORIENTED_EDGE('',*,*,#2080,.T.);
#2662=ORIENTED_EDGE('',*,*,#2081,.T.);
#2663=ORIENTED_EDGE('',*,*,#2003,.T.);
#2664=ORIENTED_EDGE('',*,*,#2004,.T.);
#2665=ORIENTED_EDGE('',*,*,#2081,.F.);
#2666=ORIENTED_EDGE('',*,*,#2082,.T.);
#2667=ORIENTED_EDGE('',*,*,#2068,.T.);
#2668=ORIENTED_EDGE('',*,*,#1993,.F.);
#2669=ORIENTED_EDGE('',*,*,#1975,.T.);
#2670=ORIENTED_EDGE('',*,*,#2083,.T.);
#2671=ORIENTED_EDGE('',*,*,#2084,.T.);
#2672=ORIENTED_EDGE('',*,*,#1998,.T.);
#2673=ORIENTED_EDGE('',*,*,#2085,.T.);
#2674=ORIENTED_EDGE('',*,*,#2084,.F.);
#2675=ORIENTED_EDGE('',*,*,#2086,.F.);
#2676=ORIENTED_EDGE('',*,*,#1999,.F.);
#2677=ORIENTED_EDGE('',*,*,#2087,.T.);
#2678=ORIENTED_EDGE('',*,*,#2088,.F.);
#2679=ORIENTED_EDGE('',*,*,#2089,.T.);
#2680=ORIENTED_EDGE('',*,*,#2090,.F.);
#2681=ORIENTED_EDGE('',*,*,#2089,.F.);
#2682=ORIENTED_EDGE('',*,*,#2088,.T.);
#2683=ORIENTED_EDGE('',*,*,#2091,.F.);
#2684=ORIENTED_EDGE('',*,*,#2087,.F.);
#2685=ORIENTED_EDGE('',*,*,#2092,.T.);
#2686=ORIENTED_EDGE('',*,*,#2091,.T.);
#2687=ORIENTED_EDGE('',*,*,#2092,.F.);
#2688=ORIENTED_EDGE('',*,*,#2090,.T.);
#2689=ORIENTED_EDGE('',*,*,#2085,.F.);
#2690=ORIENTED_EDGE('',*,*,#1997,.F.);
#2691=ORIENTED_EDGE('',*,*,#2007,.F.);
#2692=ORIENTED_EDGE('',*,*,#2093,.F.);
#2693=ORIENTED_EDGE('',*,*,#2000,.F.);
#2694=ORIENTED_EDGE('',*,*,#2086,.T.);
#2695=ORIENTED_EDGE('',*,*,#2083,.F.);
#2696=ORIENTED_EDGE('',*,*,#2093,.T.);
#2697=ORIENTED_EDGE('',*,*,#2006,.T.);
#2698=ORIENTED_EDGE('',*,*,#2069,.F.);
#2699=ORIENTED_EDGE('',*,*,#2082,.F.);
#2700=ORIENTED_EDGE('',*,*,#2080,.F.);
#2701=ORIENTED_EDGE('',*,*,#2070,.T.);
#2702=ORIENTED_EDGE('',*,*,#2073,.F.);
#2703=ORIENTED_EDGE('',*,*,#2094,.F.);
#2704=ORIENTED_EDGE('',*,*,#2095,.T.);
#2705=ORIENTED_EDGE('',*,*,#2096,.F.);
#2706=ORIENTED_EDGE('',*,*,#2095,.F.);
#2707=ORIENTED_EDGE('',*,*,#2097,.F.);
#2708=ORIENTED_EDGE('',*,*,#2098,.F.);
#2709=ORIENTED_EDGE('',*,*,#2099,.F.);
#2710=ORIENTED_EDGE('',*,*,#2100,.F.);
#2711=ORIENTED_EDGE('',*,*,#2101,.F.);
#2712=ORIENTED_EDGE('',*,*,#2102,.T.);
#2713=ORIENTED_EDGE('',*,*,#2103,.F.);
#2714=ORIENTED_EDGE('',*,*,#2104,.F.);
#2715=ORIENTED_EDGE('',*,*,#2105,.F.);
#2716=ORIENTED_EDGE('',*,*,#2106,.T.);
#2717=ORIENTED_EDGE('',*,*,#2107,.F.);
#2718=ORIENTED_EDGE('',*,*,#2106,.F.);
#2719=ORIENTED_EDGE('',*,*,#2108,.F.);
#2720=ORIENTED_EDGE('',*,*,#2109,.F.);
#2721=ORIENTED_EDGE('',*,*,#2110,.F.);
#2722=ORIENTED_EDGE('',*,*,#2102,.F.);
#2723=ORIENTED_EDGE('',*,*,#2099,.T.);
#2724=ORIENTED_EDGE('',*,*,#2111,.T.);
#2725=ORIENTED_EDGE('',*,*,#2112,.F.);
#2726=ORIENTED_EDGE('',*,*,#2113,.F.);
#2727=ORIENTED_EDGE('',*,*,#2114,.F.);
#2728=ORIENTED_EDGE('',*,*,#2115,.T.);
#2729=ORIENTED_EDGE('',*,*,#2098,.T.);
#2730=ORIENTED_EDGE('',*,*,#2116,.T.);
#2731=ORIENTED_EDGE('',*,*,#2117,.F.);
#2732=ORIENTED_EDGE('',*,*,#2111,.F.);
#2733=ORIENTED_EDGE('',*,*,#2108,.T.);
#2734=ORIENTED_EDGE('',*,*,#2105,.T.);
#2735=ORIENTED_EDGE('',*,*,#2118,.T.);
#2736=ORIENTED_EDGE('',*,*,#2119,.F.);
#2737=ORIENTED_EDGE('',*,*,#2120,.F.);
#2738=ORIENTED_EDGE('',*,*,#2121,.T.);
#2739=ORIENTED_EDGE('',*,*,#2122,.T.);
#2740=ORIENTED_EDGE('',*,*,#2104,.T.);
#2741=ORIENTED_EDGE('',*,*,#2123,.T.);
#2742=ORIENTED_EDGE('',*,*,#2124,.F.);
#2743=ORIENTED_EDGE('',*,*,#2118,.F.);
#2744=ORIENTED_EDGE('',*,*,#2097,.T.);
#2745=ORIENTED_EDGE('',*,*,#2125,.F.);
#2746=ORIENTED_EDGE('',*,*,#2126,.F.);
#2747=ORIENTED_EDGE('',*,*,#2127,.T.);
#2748=ORIENTED_EDGE('',*,*,#2128,.F.);
#2749=ORIENTED_EDGE('',*,*,#2116,.F.);
#2750=ORIENTED_EDGE('',*,*,#2100,.T.);
#2751=ORIENTED_EDGE('',*,*,#2115,.F.);
#2752=ORIENTED_EDGE('',*,*,#2129,.F.);
#2753=ORIENTED_EDGE('',*,*,#2125,.T.);
#2754=ORIENTED_EDGE('',*,*,#2130,.T.);
#2755=ORIENTED_EDGE('',*,*,#2113,.T.);
#2756=ORIENTED_EDGE('',*,*,#2131,.F.);
#2757=ORIENTED_EDGE('',*,*,#2132,.F.);
#2758=ORIENTED_EDGE('',*,*,#2133,.T.);
#2759=ORIENTED_EDGE('',*,*,#2132,.T.);
#2760=ORIENTED_EDGE('',*,*,#2134,.F.);
#2761=ORIENTED_EDGE('',*,*,#2135,.F.);
#2762=ORIENTED_EDGE('',*,*,#2094,.T.);
#2763=ORIENTED_EDGE('',*,*,#2101,.T.);
#2764=ORIENTED_EDGE('',*,*,#2136,.T.);
#2765=ORIENTED_EDGE('',*,*,#2135,.T.);
#2766=ORIENTED_EDGE('',*,*,#2137,.F.);
#2767=ORIENTED_EDGE('',*,*,#2138,.F.);
#2768=ORIENTED_EDGE('',*,*,#2103,.T.);
#2769=ORIENTED_EDGE('',*,*,#2110,.T.);
#2770=ORIENTED_EDGE('',*,*,#2139,.F.);
#2771=ORIENTED_EDGE('',*,*,#2140,.T.);
#2772=ORIENTED_EDGE('',*,*,#2138,.T.);
#2773=ORIENTED_EDGE('',*,*,#2141,.F.);
#2774=ORIENTED_EDGE('',*,*,#2123,.F.);
#2775=ORIENTED_EDGE('',*,*,#2109,.T.);
#2776=ORIENTED_EDGE('',*,*,#2122,.F.);
#2777=ORIENTED_EDGE('',*,*,#2142,.T.);
#2778=ORIENTED_EDGE('',*,*,#2139,.T.);
#2779=ORIENTED_EDGE('',*,*,#2143,.T.);
#2780=ORIENTED_EDGE('',*,*,#2120,.T.);
#2781=ORIENTED_EDGE('',*,*,#2144,.F.);
#2782=ORIENTED_EDGE('',*,*,#2145,.F.);
#2783=ORIENTED_EDGE('',*,*,#2146,.T.);
#2784=ORIENTED_EDGE('',*,*,#2145,.T.);
#2785=ORIENTED_EDGE('',*,*,#2147,.F.);
#2786=ORIENTED_EDGE('',*,*,#2148,.F.);
#2787=ORIENTED_EDGE('',*,*,#2096,.T.);
#2788=ORIENTED_EDGE('',*,*,#2107,.T.);
#2789=ORIENTED_EDGE('',*,*,#2149,.T.);
#2790=ORIENTED_EDGE('',*,*,#2148,.T.);
#2791=ORIENTED_EDGE('',*,*,#2150,.F.);
#2792=ORIENTED_EDGE('',*,*,#2127,.F.);
#2793=ORIENTED_EDGE('',*,*,#2150,.T.);
#2794=ORIENTED_EDGE('',*,*,#2147,.T.);
#2795=ORIENTED_EDGE('',*,*,#2144,.T.);
#2796=ORIENTED_EDGE('',*,*,#2119,.T.);
#2797=ORIENTED_EDGE('',*,*,#2124,.T.);
#2798=ORIENTED_EDGE('',*,*,#2141,.T.);
#2799=ORIENTED_EDGE('',*,*,#2137,.T.);
#2800=ORIENTED_EDGE('',*,*,#2134,.T.);
#2801=ORIENTED_EDGE('',*,*,#2131,.T.);
#2802=ORIENTED_EDGE('',*,*,#2112,.T.);
#2803=ORIENTED_EDGE('',*,*,#2117,.T.);
#2804=ORIENTED_EDGE('',*,*,#2128,.T.);
#2805=ORIENTED_EDGE('',*,*,#2149,.F.);
#2806=ORIENTED_EDGE('',*,*,#2126,.T.);
#2807=ORIENTED_EDGE('',*,*,#2129,.T.);
#2808=ORIENTED_EDGE('',*,*,#2114,.T.);
#2809=ORIENTED_EDGE('',*,*,#2130,.F.);
#2810=ORIENTED_EDGE('',*,*,#2133,.F.);
#2811=ORIENTED_EDGE('',*,*,#2136,.F.);
#2812=ORIENTED_EDGE('',*,*,#2140,.F.);
#2813=ORIENTED_EDGE('',*,*,#2142,.F.);
#2814=ORIENTED_EDGE('',*,*,#2121,.F.);
#2815=ORIENTED_EDGE('',*,*,#2143,.F.);
#2816=ORIENTED_EDGE('',*,*,#2146,.F.);
#2817=ORIENTED_EDGE('',*,*,#2151,.F.);
#2818=ORIENTED_EDGE('',*,*,#2152,.T.);
#2819=ORIENTED_EDGE('',*,*,#2153,.F.);
#2820=ORIENTED_EDGE('',*,*,#2154,.F.);
#2821=ORIENTED_EDGE('',*,*,#2155,.F.);
#2822=ORIENTED_EDGE('',*,*,#2154,.T.);
#2823=ORIENTED_EDGE('',*,*,#2156,.F.);
#2824=ORIENTED_EDGE('',*,*,#2157,.F.);
#2825=ORIENTED_EDGE('',*,*,#2158,.F.);
#2826=ORIENTED_EDGE('',*,*,#2157,.T.);
#2827=ORIENTED_EDGE('',*,*,#2159,.F.);
#2828=ORIENTED_EDGE('',*,*,#2160,.F.);
#2829=ORIENTED_EDGE('',*,*,#2161,.F.);
#2830=ORIENTED_EDGE('',*,*,#2160,.T.);
#2831=ORIENTED_EDGE('',*,*,#2162,.F.);
#2832=ORIENTED_EDGE('',*,*,#2152,.F.);
#2833=ORIENTED_EDGE('',*,*,#2163,.T.);
#2834=ORIENTED_EDGE('',*,*,#2164,.T.);
#2835=ORIENTED_EDGE('',*,*,#2165,.T.);
#2836=ORIENTED_EDGE('',*,*,#2166,.T.);
#2837=ORIENTED_EDGE('',*,*,#2162,.T.);
#2838=ORIENTED_EDGE('',*,*,#2159,.T.);
#2839=ORIENTED_EDGE('',*,*,#2156,.T.);
#2840=ORIENTED_EDGE('',*,*,#2153,.T.);
#2841=ORIENTED_EDGE('',*,*,#2167,.F.);
#2842=ORIENTED_EDGE('',*,*,#2168,.T.);
#2843=ORIENTED_EDGE('',*,*,#2169,.F.);
#2844=ORIENTED_EDGE('',*,*,#2170,.F.);
#2845=ORIENTED_EDGE('',*,*,#2171,.F.);
#2846=ORIENTED_EDGE('',*,*,#2170,.T.);
#2847=ORIENTED_EDGE('',*,*,#2172,.F.);
#2848=ORIENTED_EDGE('',*,*,#2173,.F.);
#2849=ORIENTED_EDGE('',*,*,#2174,.F.);
#2850=ORIENTED_EDGE('',*,*,#2173,.T.);
#2851=ORIENTED_EDGE('',*,*,#2175,.F.);
#2852=ORIENTED_EDGE('',*,*,#2176,.F.);
#2853=ORIENTED_EDGE('',*,*,#2177,.F.);
#2854=ORIENTED_EDGE('',*,*,#2176,.T.);
#2855=ORIENTED_EDGE('',*,*,#2178,.F.);
#2856=ORIENTED_EDGE('',*,*,#2179,.F.);
#2857=ORIENTED_EDGE('',*,*,#2180,.F.);
#2858=ORIENTED_EDGE('',*,*,#2179,.T.);
#2859=ORIENTED_EDGE('',*,*,#2181,.F.);
#2860=ORIENTED_EDGE('',*,*,#2182,.F.);
#2861=ORIENTED_EDGE('',*,*,#2183,.F.);
#2862=ORIENTED_EDGE('',*,*,#2182,.T.);
#2863=ORIENTED_EDGE('',*,*,#2184,.F.);
#2864=ORIENTED_EDGE('',*,*,#2185,.F.);
#2865=ORIENTED_EDGE('',*,*,#2186,.F.);
#2866=ORIENTED_EDGE('',*,*,#2185,.T.);
#2867=ORIENTED_EDGE('',*,*,#2187,.T.);
#2868=ORIENTED_EDGE('',*,*,#2163,.F.);
#2869=ORIENTED_EDGE('',*,*,#2151,.T.);
#2870=ORIENTED_EDGE('',*,*,#2155,.T.);
#2871=ORIENTED_EDGE('',*,*,#2158,.T.);
#2872=ORIENTED_EDGE('',*,*,#2161,.T.);
#2873=ORIENTED_EDGE('',*,*,#2188,.F.);
#2874=ORIENTED_EDGE('',*,*,#2165,.F.);
#2875=ORIENTED_EDGE('',*,*,#2189,.F.);
#2876=ORIENTED_EDGE('',*,*,#2190,.F.);
#2877=ORIENTED_EDGE('',*,*,#2191,.F.);
#2878=ORIENTED_EDGE('',*,*,#2190,.T.);
#2879=ORIENTED_EDGE('',*,*,#2192,.F.);
#2880=ORIENTED_EDGE('',*,*,#2193,.F.);
#2881=ORIENTED_EDGE('',*,*,#2194,.F.);
#2882=ORIENTED_EDGE('',*,*,#2193,.T.);
#2883=ORIENTED_EDGE('',*,*,#2195,.F.);
#2884=ORIENTED_EDGE('',*,*,#2196,.F.);
#2885=ORIENTED_EDGE('',*,*,#2197,.F.);
#2886=ORIENTED_EDGE('',*,*,#2196,.T.);
#2887=ORIENTED_EDGE('',*,*,#2198,.F.);
#2888=ORIENTED_EDGE('',*,*,#2168,.F.);
#2889=ORIENTED_EDGE('',*,*,#2198,.T.);
#2890=ORIENTED_EDGE('',*,*,#2195,.T.);
#2891=ORIENTED_EDGE('',*,*,#2192,.T.);
#2892=ORIENTED_EDGE('',*,*,#2189,.T.);
#2893=ORIENTED_EDGE('',*,*,#2164,.F.);
#2894=ORIENTED_EDGE('',*,*,#2187,.F.);
#2895=ORIENTED_EDGE('',*,*,#2184,.T.);
#2896=ORIENTED_EDGE('',*,*,#2181,.T.);
#2897=ORIENTED_EDGE('',*,*,#2178,.T.);
#2898=ORIENTED_EDGE('',*,*,#2175,.T.);
#2899=ORIENTED_EDGE('',*,*,#2172,.T.);
#2900=ORIENTED_EDGE('',*,*,#2169,.T.);
#2901=ORIENTED_EDGE('',*,*,#2197,.T.);
#2902=ORIENTED_EDGE('',*,*,#2167,.T.);
#2903=ORIENTED_EDGE('',*,*,#2171,.T.);
#2904=ORIENTED_EDGE('',*,*,#2174,.T.);
#2905=ORIENTED_EDGE('',*,*,#2177,.T.);
#2906=ORIENTED_EDGE('',*,*,#2180,.T.);
#2907=ORIENTED_EDGE('',*,*,#2183,.T.);
#2908=ORIENTED_EDGE('',*,*,#2186,.T.);
#2909=ORIENTED_EDGE('',*,*,#2166,.F.);
#2910=ORIENTED_EDGE('',*,*,#2188,.T.);
#2911=ORIENTED_EDGE('',*,*,#2191,.T.);
#2912=ORIENTED_EDGE('',*,*,#2194,.T.);
#2913=ORIENTED_EDGE('',*,*,#2199,.T.);
#2914=ORIENTED_EDGE('',*,*,#2200,.T.);
#2915=ORIENTED_EDGE('',*,*,#2201,.F.);
#2916=ORIENTED_EDGE('',*,*,#2202,.F.);
#2917=ORIENTED_EDGE('',*,*,#2203,.T.);
#2918=ORIENTED_EDGE('',*,*,#2202,.T.);
#2919=ORIENTED_EDGE('',*,*,#2204,.F.);
#2920=ORIENTED_EDGE('',*,*,#2205,.F.);
#2921=ORIENTED_EDGE('',*,*,#2206,.T.);
#2922=ORIENTED_EDGE('',*,*,#2205,.T.);
#2923=ORIENTED_EDGE('',*,*,#2207,.F.);
#2924=ORIENTED_EDGE('',*,*,#2208,.F.);
#2925=ORIENTED_EDGE('',*,*,#2209,.T.);
#2926=ORIENTED_EDGE('',*,*,#2208,.T.);
#2927=ORIENTED_EDGE('',*,*,#2210,.F.);
#2928=ORIENTED_EDGE('',*,*,#2200,.F.);
#2929=ORIENTED_EDGE('',*,*,#2211,.F.);
#2930=ORIENTED_EDGE('',*,*,#2212,.T.);
#2931=ORIENTED_EDGE('',*,*,#2213,.F.);
#2932=ORIENTED_EDGE('',*,*,#2214,.F.);
#2933=ORIENTED_EDGE('',*,*,#2215,.F.);
#2934=ORIENTED_EDGE('',*,*,#2214,.T.);
#2935=ORIENTED_EDGE('',*,*,#2216,.F.);
#2936=ORIENTED_EDGE('',*,*,#2217,.F.);
#2937=ORIENTED_EDGE('',*,*,#2218,.F.);
#2938=ORIENTED_EDGE('',*,*,#2217,.T.);
#2939=ORIENTED_EDGE('',*,*,#2219,.F.);
#2940=ORIENTED_EDGE('',*,*,#2220,.F.);
#2941=ORIENTED_EDGE('',*,*,#2221,.F.);
#2942=ORIENTED_EDGE('',*,*,#2220,.T.);
#2943=ORIENTED_EDGE('',*,*,#2222,.F.);
#2944=ORIENTED_EDGE('',*,*,#2212,.F.);
#2945=ORIENTED_EDGE('',*,*,#2222,.T.);
#2946=ORIENTED_EDGE('',*,*,#2219,.T.);
#2947=ORIENTED_EDGE('',*,*,#2216,.T.);
#2948=ORIENTED_EDGE('',*,*,#2213,.T.);
#2949=ORIENTED_EDGE('',*,*,#2210,.T.);
#2950=ORIENTED_EDGE('',*,*,#2207,.T.);
#2951=ORIENTED_EDGE('',*,*,#2204,.T.);
#2952=ORIENTED_EDGE('',*,*,#2201,.T.);
#2953=ORIENTED_EDGE('',*,*,#2221,.T.);
#2954=ORIENTED_EDGE('',*,*,#2211,.T.);
#2955=ORIENTED_EDGE('',*,*,#2215,.T.);
#2956=ORIENTED_EDGE('',*,*,#2218,.T.);
#2957=ORIENTED_EDGE('',*,*,#2209,.F.);
#2958=ORIENTED_EDGE('',*,*,#2199,.F.);
#2959=ORIENTED_EDGE('',*,*,#2203,.F.);
#2960=ORIENTED_EDGE('',*,*,#2206,.F.);
#2961=ORIENTED_EDGE('',*,*,#2223,.T.);
#2962=ORIENTED_EDGE('',*,*,#2224,.T.);
#2963=ORIENTED_EDGE('',*,*,#2225,.F.);
#2964=ORIENTED_EDGE('',*,*,#2226,.F.);
#2965=ORIENTED_EDGE('',*,*,#2227,.T.);
#2966=ORIENTED_EDGE('',*,*,#2226,.T.);
#2967=ORIENTED_EDGE('',*,*,#2228,.F.);
#2968=ORIENTED_EDGE('',*,*,#2229,.F.);
#2969=ORIENTED_EDGE('',*,*,#2230,.T.);
#2970=ORIENTED_EDGE('',*,*,#2229,.T.);
#2971=ORIENTED_EDGE('',*,*,#2231,.F.);
#2972=ORIENTED_EDGE('',*,*,#2232,.F.);
#2973=ORIENTED_EDGE('',*,*,#2233,.T.);
#2974=ORIENTED_EDGE('',*,*,#2232,.T.);
#2975=ORIENTED_EDGE('',*,*,#2234,.F.);
#2976=ORIENTED_EDGE('',*,*,#2224,.F.);
#2977=ORIENTED_EDGE('',*,*,#2235,.F.);
#2978=ORIENTED_EDGE('',*,*,#2236,.T.);
#2979=ORIENTED_EDGE('',*,*,#2237,.F.);
#2980=ORIENTED_EDGE('',*,*,#2238,.F.);
#2981=ORIENTED_EDGE('',*,*,#2239,.F.);
#2982=ORIENTED_EDGE('',*,*,#2238,.T.);
#2983=ORIENTED_EDGE('',*,*,#2240,.F.);
#2984=ORIENTED_EDGE('',*,*,#2241,.F.);
#2985=ORIENTED_EDGE('',*,*,#2242,.F.);
#2986=ORIENTED_EDGE('',*,*,#2241,.T.);
#2987=ORIENTED_EDGE('',*,*,#2243,.F.);
#2988=ORIENTED_EDGE('',*,*,#2244,.F.);
#2989=ORIENTED_EDGE('',*,*,#2245,.F.);
#2990=ORIENTED_EDGE('',*,*,#2244,.T.);
#2991=ORIENTED_EDGE('',*,*,#2246,.F.);
#2992=ORIENTED_EDGE('',*,*,#2236,.F.);
#2993=ORIENTED_EDGE('',*,*,#2246,.T.);
#2994=ORIENTED_EDGE('',*,*,#2243,.T.);
#2995=ORIENTED_EDGE('',*,*,#2240,.T.);
#2996=ORIENTED_EDGE('',*,*,#2237,.T.);
#2997=ORIENTED_EDGE('',*,*,#2234,.T.);
#2998=ORIENTED_EDGE('',*,*,#2231,.T.);
#2999=ORIENTED_EDGE('',*,*,#2228,.T.);
#3000=ORIENTED_EDGE('',*,*,#2225,.T.);
#3001=ORIENTED_EDGE('',*,*,#2245,.T.);
#3002=ORIENTED_EDGE('',*,*,#2235,.T.);
#3003=ORIENTED_EDGE('',*,*,#2239,.T.);
#3004=ORIENTED_EDGE('',*,*,#2242,.T.);
#3005=ORIENTED_EDGE('',*,*,#2233,.F.);
#3006=ORIENTED_EDGE('',*,*,#2223,.F.);
#3007=ORIENTED_EDGE('',*,*,#2227,.F.);
#3008=ORIENTED_EDGE('',*,*,#2230,.F.);
#3009=ORIENTED_EDGE('',*,*,#2247,.F.);
#3010=ORIENTED_EDGE('',*,*,#2248,.F.);
#3011=ORIENTED_EDGE('',*,*,#2249,.F.);
#3012=ORIENTED_EDGE('',*,*,#2250,.T.);
#3013=ORIENTED_EDGE('',*,*,#2251,.F.);
#3014=ORIENTED_EDGE('',*,*,#2250,.F.);
#3015=ORIENTED_EDGE('',*,*,#2252,.F.);
#3016=ORIENTED_EDGE('',*,*,#2253,.T.);
#3017=ORIENTED_EDGE('',*,*,#2254,.F.);
#3018=ORIENTED_EDGE('',*,*,#2253,.F.);
#3019=ORIENTED_EDGE('',*,*,#2255,.F.);
#3020=ORIENTED_EDGE('',*,*,#2256,.F.);
#3021=ORIENTED_EDGE('',*,*,#2257,.F.);
#3022=ORIENTED_EDGE('',*,*,#2258,.F.);
#3023=ORIENTED_EDGE('',*,*,#2259,.F.);
#3024=ORIENTED_EDGE('',*,*,#2260,.T.);
#3025=ORIENTED_EDGE('',*,*,#2261,.F.);
#3026=ORIENTED_EDGE('',*,*,#2260,.F.);
#3027=ORIENTED_EDGE('',*,*,#2262,.F.);
#3028=ORIENTED_EDGE('',*,*,#2263,.T.);
#3029=ORIENTED_EDGE('',*,*,#2264,.F.);
#3030=ORIENTED_EDGE('',*,*,#2263,.F.);
#3031=ORIENTED_EDGE('',*,*,#2265,.F.);
#3032=ORIENTED_EDGE('',*,*,#2266,.T.);
#3033=ORIENTED_EDGE('',*,*,#2267,.F.);
#3034=ORIENTED_EDGE('',*,*,#2266,.F.);
#3035=ORIENTED_EDGE('',*,*,#2268,.F.);
#3036=ORIENTED_EDGE('',*,*,#2258,.T.);
#3037=ORIENTED_EDGE('',*,*,#2248,.T.);
#3038=ORIENTED_EDGE('',*,*,#2269,.T.);
#3039=ORIENTED_EDGE('',*,*,#2270,.T.);
#3040=ORIENTED_EDGE('',*,*,#2271,.T.);
#3041=ORIENTED_EDGE('',*,*,#2255,.T.);
#3042=ORIENTED_EDGE('',*,*,#2252,.T.);
#3043=ORIENTED_EDGE('',*,*,#2249,.T.);
#3044=ORIENTED_EDGE('',*,*,#2271,.F.);
#3045=ORIENTED_EDGE('',*,*,#2272,.F.);
#3046=ORIENTED_EDGE('',*,*,#2273,.F.);
#3047=ORIENTED_EDGE('',*,*,#2274,.T.);
#3048=ORIENTED_EDGE('',*,*,#2275,.F.);
#3049=ORIENTED_EDGE('',*,*,#2265,.T.);
#3050=ORIENTED_EDGE('',*,*,#2262,.T.);
#3051=ORIENTED_EDGE('',*,*,#2259,.T.);
#3052=ORIENTED_EDGE('',*,*,#2268,.T.);
#3053=ORIENTED_EDGE('',*,*,#2276,.T.);
#3054=ORIENTED_EDGE('',*,*,#2277,.T.);
#3055=ORIENTED_EDGE('',*,*,#2278,.T.);
#3056=ORIENTED_EDGE('',*,*,#2279,.T.);
#3057=ORIENTED_EDGE('',*,*,#2280,.T.);
#3058=ORIENTED_EDGE('',*,*,#2281,.T.);
#3059=ORIENTED_EDGE('',*,*,#2282,.T.);
#3060=ORIENTED_EDGE('',*,*,#2283,.T.);
#3061=ORIENTED_EDGE('',*,*,#2284,.T.);
#3062=ORIENTED_EDGE('',*,*,#2285,.T.);
#3063=ORIENTED_EDGE('',*,*,#2273,.T.);
#3064=ORIENTED_EDGE('',*,*,#2286,.T.);
#3065=ORIENTED_EDGE('',*,*,#2254,.T.);
#3066=ORIENTED_EDGE('',*,*,#2287,.F.);
#3067=ORIENTED_EDGE('',*,*,#2288,.F.);
#3068=ORIENTED_EDGE('',*,*,#2282,.F.);
#3069=ORIENTED_EDGE('',*,*,#2289,.T.);
#3070=ORIENTED_EDGE('',*,*,#2269,.F.);
#3071=ORIENTED_EDGE('',*,*,#2247,.T.);
#3072=ORIENTED_EDGE('',*,*,#2251,.T.);
#3073=ORIENTED_EDGE('',*,*,#2264,.T.);
#3074=ORIENTED_EDGE('',*,*,#2267,.T.);
#3075=ORIENTED_EDGE('',*,*,#2257,.T.);
#3076=ORIENTED_EDGE('',*,*,#2261,.T.);
#3077=ORIENTED_EDGE('',*,*,#2256,.T.);
#3078=ORIENTED_EDGE('',*,*,#2275,.T.);
#3079=ORIENTED_EDGE('',*,*,#2290,.T.);
#3080=ORIENTED_EDGE('',*,*,#2287,.T.);
#3081=ORIENTED_EDGE('',*,*,#2291,.F.);
#3082=ORIENTED_EDGE('',*,*,#2292,.F.);
#3083=ORIENTED_EDGE('',*,*,#2293,.T.);
#3084=ORIENTED_EDGE('',*,*,#2283,.F.);
#3085=ORIENTED_EDGE('',*,*,#2288,.T.);
#3086=ORIENTED_EDGE('',*,*,#2290,.F.);
#3087=ORIENTED_EDGE('',*,*,#2274,.F.);
#3088=ORIENTED_EDGE('',*,*,#2285,.F.);
#3089=ORIENTED_EDGE('',*,*,#2294,.T.);
#3090=ORIENTED_EDGE('',*,*,#2295,.T.);
#3091=ORIENTED_EDGE('',*,*,#2276,.F.);
#3092=ORIENTED_EDGE('',*,*,#2296,.F.);
#3093=ORIENTED_EDGE('',*,*,#2297,.T.);
#3094=ORIENTED_EDGE('',*,*,#2296,.T.);
#3095=ORIENTED_EDGE('',*,*,#2279,.F.);
#3096=ORIENTED_EDGE('',*,*,#2298,.F.);
#3097=ORIENTED_EDGE('',*,*,#2299,.T.);
#3098=ORIENTED_EDGE('',*,*,#2298,.T.);
#3099=ORIENTED_EDGE('',*,*,#2278,.F.);
#3100=ORIENTED_EDGE('',*,*,#2300,.F.);
#3101=ORIENTED_EDGE('',*,*,#2301,.T.);
#3102=ORIENTED_EDGE('',*,*,#2300,.T.);
#3103=ORIENTED_EDGE('',*,*,#2277,.F.);
#3104=ORIENTED_EDGE('',*,*,#2295,.F.);
#3105=ORIENTED_EDGE('',*,*,#2302,.F.);
#3106=ORIENTED_EDGE('',*,*,#2291,.T.);
#3107=ORIENTED_EDGE('',*,*,#2284,.F.);
#3108=ORIENTED_EDGE('',*,*,#2303,.F.);
#3109=ORIENTED_EDGE('',*,*,#2304,.F.);
#3110=ORIENTED_EDGE('',*,*,#2305,.F.);
#3111=ORIENTED_EDGE('',*,*,#2303,.T.);
#3112=ORIENTED_EDGE('',*,*,#2286,.F.);
#3113=ORIENTED_EDGE('',*,*,#2272,.T.);
#3114=ORIENTED_EDGE('',*,*,#2270,.F.);
#3115=ORIENTED_EDGE('',*,*,#2289,.F.);
#3116=ORIENTED_EDGE('',*,*,#2281,.F.);
#3117=ORIENTED_EDGE('',*,*,#2306,.F.);
#3118=ORIENTED_EDGE('',*,*,#2304,.T.);
#3119=ORIENTED_EDGE('',*,*,#2280,.F.);
#3120=ORIENTED_EDGE('',*,*,#2293,.F.);
#3121=ORIENTED_EDGE('',*,*,#2292,.T.);
#3122=ORIENTED_EDGE('',*,*,#2302,.T.);
#3123=ORIENTED_EDGE('',*,*,#2305,.T.);
#3124=ORIENTED_EDGE('',*,*,#2306,.T.);
#3125=ORIENTED_EDGE('',*,*,#2301,.F.);
#3126=ORIENTED_EDGE('',*,*,#2294,.F.);
#3127=ORIENTED_EDGE('',*,*,#2297,.F.);
#3128=ORIENTED_EDGE('',*,*,#2299,.F.);
#3129=ORIENTED_EDGE('',*,*,#2307,.T.);
#3130=ORIENTED_EDGE('',*,*,#2308,.T.);
#3131=ORIENTED_EDGE('',*,*,#2309,.T.);
#3132=ORIENTED_EDGE('',*,*,#2310,.T.);
#3133=ORIENTED_EDGE('',*,*,#2311,.T.);
#3134=ORIENTED_EDGE('',*,*,#2312,.T.);
#3135=ORIENTED_EDGE('',*,*,#2313,.T.);
#3136=ORIENTED_EDGE('',*,*,#2314,.T.);
#3137=ORIENTED_EDGE('',*,*,#2308,.F.);
#3138=ORIENTED_EDGE('',*,*,#2315,.T.);
#3139=ORIENTED_EDGE('',*,*,#2316,.F.);
#3140=ORIENTED_EDGE('',*,*,#2317,.F.);
#3141=ORIENTED_EDGE('',*,*,#2309,.F.);
#3142=ORIENTED_EDGE('',*,*,#2317,.T.);
#3143=ORIENTED_EDGE('',*,*,#2318,.F.);
#3144=ORIENTED_EDGE('',*,*,#2319,.F.);
#3145=ORIENTED_EDGE('',*,*,#2310,.F.);
#3146=ORIENTED_EDGE('',*,*,#2319,.T.);
#3147=ORIENTED_EDGE('',*,*,#2320,.F.);
#3148=ORIENTED_EDGE('',*,*,#2321,.F.);
#3149=ORIENTED_EDGE('',*,*,#2307,.F.);
#3150=ORIENTED_EDGE('',*,*,#2321,.T.);
#3151=ORIENTED_EDGE('',*,*,#2322,.F.);
#3152=ORIENTED_EDGE('',*,*,#2315,.F.);
#3153=ORIENTED_EDGE('',*,*,#2322,.T.);
#3154=ORIENTED_EDGE('',*,*,#2320,.T.);
#3155=ORIENTED_EDGE('',*,*,#2318,.T.);
#3156=ORIENTED_EDGE('',*,*,#2316,.T.);
#3157=ORIENTED_EDGE('',*,*,#2323,.F.);
#3158=ORIENTED_EDGE('',*,*,#2324,.T.);
#3159=ORIENTED_EDGE('',*,*,#2311,.F.);
#3160=ORIENTED_EDGE('',*,*,#2325,.F.);
#3161=ORIENTED_EDGE('',*,*,#2326,.F.);
#3162=ORIENTED_EDGE('',*,*,#2325,.T.);
#3163=ORIENTED_EDGE('',*,*,#2314,.F.);
#3164=ORIENTED_EDGE('',*,*,#2327,.F.);
#3165=ORIENTED_EDGE('',*,*,#2328,.F.);
#3166=ORIENTED_EDGE('',*,*,#2327,.T.);
#3167=ORIENTED_EDGE('',*,*,#2313,.F.);
#3168=ORIENTED_EDGE('',*,*,#2329,.F.);
#3169=ORIENTED_EDGE('',*,*,#2323,.T.);
#3170=ORIENTED_EDGE('',*,*,#2326,.T.);
#3171=ORIENTED_EDGE('',*,*,#2328,.T.);
#3172=ORIENTED_EDGE('',*,*,#2330,.T.);
#3173=ORIENTED_EDGE('',*,*,#2331,.T.);
#3174=ORIENTED_EDGE('',*,*,#2332,.F.);
#3175=ORIENTED_EDGE('',*,*,#2333,.F.);
#3176=ORIENTED_EDGE('',*,*,#2334,.T.);
#3177=ORIENTED_EDGE('',*,*,#2335,.T.);
#3178=ORIENTED_EDGE('',*,*,#2336,.T.);
#3179=ORIENTED_EDGE('',*,*,#2337,.F.);
#3180=ORIENTED_EDGE('',*,*,#2338,.F.);
#3181=ORIENTED_EDGE('',*,*,#2339,.T.);
#3182=ORIENTED_EDGE('',*,*,#2338,.T.);
#3183=ORIENTED_EDGE('',*,*,#2340,.F.);
#3184=ORIENTED_EDGE('',*,*,#2331,.F.);
#3185=ORIENTED_EDGE('',*,*,#2341,.T.);
#3186=ORIENTED_EDGE('',*,*,#2333,.T.);
#3187=ORIENTED_EDGE('',*,*,#2342,.F.);
#3188=ORIENTED_EDGE('',*,*,#2336,.F.);
#3189=ORIENTED_EDGE('',*,*,#2342,.T.);
#3190=ORIENTED_EDGE('',*,*,#2332,.T.);
#3191=ORIENTED_EDGE('',*,*,#2340,.T.);
#3192=ORIENTED_EDGE('',*,*,#2337,.T.);
#3193=ORIENTED_EDGE('',*,*,#2341,.F.);
#3194=ORIENTED_EDGE('',*,*,#2335,.F.);
#3195=ORIENTED_EDGE('',*,*,#2339,.F.);
#3196=ORIENTED_EDGE('',*,*,#2330,.F.);
#3197=ORIENTED_EDGE('',*,*,#2329,.T.);
#3198=ORIENTED_EDGE('',*,*,#2312,.F.);
#3199=ORIENTED_EDGE('',*,*,#2324,.F.);
#3200=ORIENTED_EDGE('',*,*,#2334,.F.);
#3201=ORIENTED_EDGE('',*,*,#2343,.T.);
#3202=ORIENTED_EDGE('',*,*,#2344,.T.);
#3203=ORIENTED_EDGE('',*,*,#2345,.T.);
#3204=ORIENTED_EDGE('',*,*,#2346,.T.);
#3205=ORIENTED_EDGE('',*,*,#2347,.T.);
#3206=ORIENTED_EDGE('',*,*,#2348,.T.);
#3207=ORIENTED_EDGE('',*,*,#2349,.T.);
#3208=ORIENTED_EDGE('',*,*,#2350,.T.);
#3209=ORIENTED_EDGE('',*,*,#2351,.T.);
#3210=ORIENTED_EDGE('',*,*,#2352,.T.);
#3211=ORIENTED_EDGE('',*,*,#2353,.T.);
#3212=ORIENTED_EDGE('',*,*,#2354,.T.);
#3213=ORIENTED_EDGE('',*,*,#2348,.F.);
#3214=ORIENTED_EDGE('',*,*,#2355,.T.);
#3215=ORIENTED_EDGE('',*,*,#2344,.F.);
#3216=ORIENTED_EDGE('',*,*,#2356,.F.);
#3217=ORIENTED_EDGE('',*,*,#2349,.F.);
#3218=ORIENTED_EDGE('',*,*,#2356,.T.);
#3219=ORIENTED_EDGE('',*,*,#2343,.F.);
#3220=ORIENTED_EDGE('',*,*,#2357,.F.);
#3221=ORIENTED_EDGE('',*,*,#2350,.F.);
#3222=ORIENTED_EDGE('',*,*,#2357,.T.);
#3223=ORIENTED_EDGE('',*,*,#2346,.F.);
#3224=ORIENTED_EDGE('',*,*,#2358,.F.);
#3225=ORIENTED_EDGE('',*,*,#2347,.F.);
#3226=ORIENTED_EDGE('',*,*,#2358,.T.);
#3227=ORIENTED_EDGE('',*,*,#2345,.F.);
#3228=ORIENTED_EDGE('',*,*,#2355,.F.);
#3229=ORIENTED_EDGE('',*,*,#2359,.F.);
#3230=ORIENTED_EDGE('',*,*,#2360,.T.);
#3231=ORIENTED_EDGE('',*,*,#2351,.F.);
#3232=ORIENTED_EDGE('',*,*,#2361,.F.);
#3233=ORIENTED_EDGE('',*,*,#2362,.F.);
#3234=ORIENTED_EDGE('',*,*,#2361,.T.);
#3235=ORIENTED_EDGE('',*,*,#2354,.F.);
#3236=ORIENTED_EDGE('',*,*,#2363,.F.);
#3237=ORIENTED_EDGE('',*,*,#2364,.F.);
#3238=ORIENTED_EDGE('',*,*,#2363,.T.);
#3239=ORIENTED_EDGE('',*,*,#2353,.F.);
#3240=ORIENTED_EDGE('',*,*,#2365,.F.);
#3241=ORIENTED_EDGE('',*,*,#2359,.T.);
#3242=ORIENTED_EDGE('',*,*,#2362,.T.);
#3243=ORIENTED_EDGE('',*,*,#2364,.T.);
#3244=ORIENTED_EDGE('',*,*,#2366,.T.);
#3245=ORIENTED_EDGE('',*,*,#2367,.T.);
#3246=ORIENTED_EDGE('',*,*,#2368,.F.);
#3247=ORIENTED_EDGE('',*,*,#2369,.F.);
#3248=ORIENTED_EDGE('',*,*,#2370,.T.);
#3249=ORIENTED_EDGE('',*,*,#2371,.T.);
#3250=ORIENTED_EDGE('',*,*,#2372,.T.);
#3251=ORIENTED_EDGE('',*,*,#2373,.F.);
#3252=ORIENTED_EDGE('',*,*,#2374,.F.);
#3253=ORIENTED_EDGE('',*,*,#2375,.T.);
#3254=ORIENTED_EDGE('',*,*,#2374,.T.);
#3255=ORIENTED_EDGE('',*,*,#2376,.F.);
#3256=ORIENTED_EDGE('',*,*,#2367,.F.);
#3257=ORIENTED_EDGE('',*,*,#2377,.T.);
#3258=ORIENTED_EDGE('',*,*,#2369,.T.);
#3259=ORIENTED_EDGE('',*,*,#2378,.F.);
#3260=ORIENTED_EDGE('',*,*,#2372,.F.);
#3261=ORIENTED_EDGE('',*,*,#2378,.T.);
#3262=ORIENTED_EDGE('',*,*,#2368,.T.);
#3263=ORIENTED_EDGE('',*,*,#2376,.T.);
#3264=ORIENTED_EDGE('',*,*,#2373,.T.);
#3265=ORIENTED_EDGE('',*,*,#2377,.F.);
#3266=ORIENTED_EDGE('',*,*,#2371,.F.);
#3267=ORIENTED_EDGE('',*,*,#2375,.F.);
#3268=ORIENTED_EDGE('',*,*,#2366,.F.);
#3269=ORIENTED_EDGE('',*,*,#2365,.T.);
#3270=ORIENTED_EDGE('',*,*,#2352,.F.);
#3271=ORIENTED_EDGE('',*,*,#2360,.F.);
#3272=ORIENTED_EDGE('',*,*,#2370,.F.);
#3273=ORIENTED_EDGE('',*,*,#2379,.T.);
#3274=ORIENTED_EDGE('',*,*,#2380,.T.);
#3275=ORIENTED_EDGE('',*,*,#2381,.T.);
#3276=ORIENTED_EDGE('',*,*,#2382,.T.);
#3277=ORIENTED_EDGE('',*,*,#2383,.T.);
#3278=ORIENTED_EDGE('',*,*,#2384,.T.);
#3279=ORIENTED_EDGE('',*,*,#2385,.T.);
#3280=ORIENTED_EDGE('',*,*,#2386,.T.);
#3281=ORIENTED_EDGE('',*,*,#2387,.T.);
#3282=ORIENTED_EDGE('',*,*,#2388,.T.);
#3283=ORIENTED_EDGE('',*,*,#2389,.T.);
#3284=ORIENTED_EDGE('',*,*,#2390,.T.);
#3285=ORIENTED_EDGE('',*,*,#2384,.F.);
#3286=ORIENTED_EDGE('',*,*,#2391,.T.);
#3287=ORIENTED_EDGE('',*,*,#2380,.F.);
#3288=ORIENTED_EDGE('',*,*,#2392,.F.);
#3289=ORIENTED_EDGE('',*,*,#2385,.F.);
#3290=ORIENTED_EDGE('',*,*,#2392,.T.);
#3291=ORIENTED_EDGE('',*,*,#2379,.F.);
#3292=ORIENTED_EDGE('',*,*,#2393,.F.);
#3293=ORIENTED_EDGE('',*,*,#2386,.F.);
#3294=ORIENTED_EDGE('',*,*,#2393,.T.);
#3295=ORIENTED_EDGE('',*,*,#2382,.F.);
#3296=ORIENTED_EDGE('',*,*,#2394,.F.);
#3297=ORIENTED_EDGE('',*,*,#2383,.F.);
#3298=ORIENTED_EDGE('',*,*,#2394,.T.);
#3299=ORIENTED_EDGE('',*,*,#2381,.F.);
#3300=ORIENTED_EDGE('',*,*,#2391,.F.);
#3301=ORIENTED_EDGE('',*,*,#2395,.F.);
#3302=ORIENTED_EDGE('',*,*,#2396,.T.);
#3303=ORIENTED_EDGE('',*,*,#2387,.F.);
#3304=ORIENTED_EDGE('',*,*,#2397,.F.);
#3305=ORIENTED_EDGE('',*,*,#2398,.F.);
#3306=ORIENTED_EDGE('',*,*,#2397,.T.);
#3307=ORIENTED_EDGE('',*,*,#2390,.F.);
#3308=ORIENTED_EDGE('',*,*,#2399,.F.);
#3309=ORIENTED_EDGE('',*,*,#2400,.F.);
#3310=ORIENTED_EDGE('',*,*,#2399,.T.);
#3311=ORIENTED_EDGE('',*,*,#2389,.F.);
#3312=ORIENTED_EDGE('',*,*,#2401,.F.);
#3313=ORIENTED_EDGE('',*,*,#2400,.T.);
#3314=ORIENTED_EDGE('',*,*,#2402,.F.);
#3315=ORIENTED_EDGE('',*,*,#2403,.F.);
#3316=ORIENTED_EDGE('',*,*,#2404,.T.);
#3317=ORIENTED_EDGE('',*,*,#2405,.T.);
#3318=ORIENTED_EDGE('',*,*,#2406,.F.);
#3319=ORIENTED_EDGE('',*,*,#2395,.T.);
#3320=ORIENTED_EDGE('',*,*,#2398,.T.);
#3321=ORIENTED_EDGE('',*,*,#2407,.T.);
#3322=ORIENTED_EDGE('',*,*,#2403,.T.);
#3323=ORIENTED_EDGE('',*,*,#2408,.F.);
#3324=ORIENTED_EDGE('',*,*,#2409,.F.);
#3325=ORIENTED_EDGE('',*,*,#2410,.T.);
#3326=ORIENTED_EDGE('',*,*,#2409,.T.);
#3327=ORIENTED_EDGE('',*,*,#2411,.F.);
#3328=ORIENTED_EDGE('',*,*,#2412,.F.);
#3329=ORIENTED_EDGE('',*,*,#2413,.T.);
#3330=ORIENTED_EDGE('',*,*,#2412,.T.);
#3331=ORIENTED_EDGE('',*,*,#2414,.F.);
#3332=ORIENTED_EDGE('',*,*,#2405,.F.);
#3333=ORIENTED_EDGE('',*,*,#2414,.T.);
#3334=ORIENTED_EDGE('',*,*,#2411,.T.);
#3335=ORIENTED_EDGE('',*,*,#2408,.T.);
#3336=ORIENTED_EDGE('',*,*,#2402,.T.);
#3337=ORIENTED_EDGE('',*,*,#2401,.T.);
#3338=ORIENTED_EDGE('',*,*,#2388,.F.);
#3339=ORIENTED_EDGE('',*,*,#2396,.F.);
#3340=ORIENTED_EDGE('',*,*,#2406,.T.);
#3341=ORIENTED_EDGE('',*,*,#2413,.F.);
#3342=ORIENTED_EDGE('',*,*,#2404,.F.);
#3343=ORIENTED_EDGE('',*,*,#2407,.F.);
#3344=ORIENTED_EDGE('',*,*,#2410,.F.);
#3345=ORIENTED_EDGE('',*,*,#2415,.F.);
#3346=ORIENTED_EDGE('',*,*,#2416,.T.);
#3347=ORIENTED_EDGE('',*,*,#2417,.F.);
#3348=ORIENTED_EDGE('',*,*,#2416,.F.);
#3349=ORIENTED_EDGE('',*,*,#2415,.T.);
#3350=ORIENTED_EDGE('',*,*,#2418,.F.);
#3351=ORIENTED_EDGE('',*,*,#2419,.T.);
#3352=ORIENTED_EDGE('',*,*,#2420,.F.);
#3353=ORIENTED_EDGE('',*,*,#2419,.F.);
#3354=ORIENTED_EDGE('',*,*,#2418,.T.);
#3355=ORIENTED_EDGE('',*,*,#2421,.F.);
#3356=ORIENTED_EDGE('',*,*,#2422,.T.);
#3357=ORIENTED_EDGE('',*,*,#2423,.F.);
#3358=ORIENTED_EDGE('',*,*,#2422,.F.);
#3359=ORIENTED_EDGE('',*,*,#2421,.T.);
#3360=ORIENTED_EDGE('',*,*,#2424,.F.);
#3361=ORIENTED_EDGE('',*,*,#2425,.T.);
#3362=ORIENTED_EDGE('',*,*,#2426,.F.);
#3363=ORIENTED_EDGE('',*,*,#2425,.F.);
#3364=ORIENTED_EDGE('',*,*,#2424,.T.);
#3365=ORIENTED_EDGE('',*,*,#2427,.F.);
#3366=ORIENTED_EDGE('',*,*,#2428,.T.);
#3367=ORIENTED_EDGE('',*,*,#2429,.F.);
#3368=ORIENTED_EDGE('',*,*,#2430,.F.);
#3369=ORIENTED_EDGE('',*,*,#2431,.F.);
#3370=ORIENTED_EDGE('',*,*,#2430,.T.);
#3371=ORIENTED_EDGE('',*,*,#2432,.F.);
#3372=ORIENTED_EDGE('',*,*,#2433,.F.);
#3373=ORIENTED_EDGE('',*,*,#2434,.F.);
#3374=ORIENTED_EDGE('',*,*,#2433,.T.);
#3375=ORIENTED_EDGE('',*,*,#2435,.F.);
#3376=ORIENTED_EDGE('',*,*,#2436,.F.);
#3377=ORIENTED_EDGE('',*,*,#2437,.F.);
#3378=ORIENTED_EDGE('',*,*,#2436,.T.);
#3379=ORIENTED_EDGE('',*,*,#2438,.F.);
#3380=ORIENTED_EDGE('',*,*,#2428,.F.);
#3381=ORIENTED_EDGE('',*,*,#2438,.T.);
#3382=ORIENTED_EDGE('',*,*,#2435,.T.);
#3383=ORIENTED_EDGE('',*,*,#2432,.T.);
#3384=ORIENTED_EDGE('',*,*,#2429,.T.);
#3385=ORIENTED_EDGE('',*,*,#2417,.T.);
#3386=ORIENTED_EDGE('',*,*,#2420,.T.);
#3387=ORIENTED_EDGE('',*,*,#2423,.T.);
#3388=ORIENTED_EDGE('',*,*,#2426,.T.);
#3389=ORIENTED_EDGE('',*,*,#2437,.T.);
#3390=ORIENTED_EDGE('',*,*,#2427,.T.);
#3391=ORIENTED_EDGE('',*,*,#2431,.T.);
#3392=ORIENTED_EDGE('',*,*,#2434,.T.);
#3393=TOROIDAL_SURFACE('',#3715,75.,50.);
#3394=TOROIDAL_SURFACE('',#3729,75.,50.);
#3395=TOROIDAL_SURFACE('',#3778,75.,50.);
#3396=TOROIDAL_SURFACE('',#3793,75.,50.);
#3397=ADVANCED_FACE('',(#1138),#3393,.F.);
#3398=ADVANCED_FACE('',(#1139,#141),#977,.T.);
#3399=ADVANCED_FACE('',(#1140),#111,.T.);
#3400=ADVANCED_FACE('',(#1141,#142),#978,.F.);
#3401=ADVANCED_FACE('',(#1142),#112,.T.);
#3402=ADVANCED_FACE('',(#1143),#979,.T.);
#3403=ADVANCED_FACE('',(#1144),#113,.F.);
#3404=ADVANCED_FACE('',(#1145),#3394,.F.);
#3405=ADVANCED_FACE('',(#1146,#143),#980,.F.);
#3406=ADVANCED_FACE('',(#1147),#114,.T.);
#3407=ADVANCED_FACE('',(#1148,#144),#981,.T.);
#3408=ADVANCED_FACE('',(#1149),#115,.T.);
#3409=ADVANCED_FACE('',(#1150),#982,.F.);
#3410=ADVANCED_FACE('',(#1151),#116,.F.);
#3411=ADVANCED_FACE('',(#1152),#983,.F.);
#3412=ADVANCED_FACE('',(#1153),#984,.F.);
#3413=ADVANCED_FACE('',(#1154),#985,.T.);
#3414=ADVANCED_FACE('',(#1155),#986,.T.);
#3415=ADVANCED_FACE('',(#1156),#987,.T.);
#3416=ADVANCED_FACE('',(#1157),#988,.T.);
#3417=ADVANCED_FACE('',(#1158),#989,.T.);
#3418=ADVANCED_FACE('',(#1159),#990,.T.);
#3419=ADVANCED_FACE('',(#1160),#991,.T.);
#3420=ADVANCED_FACE('',(#1161),#992,.T.);
#3421=ADVANCED_FACE('',(#1162),#993,.T.);
#3422=ADVANCED_FACE('',(#1163),#994,.T.);
#3423=ADVANCED_FACE('',(#1164),#117,.F.);
#3424=ADVANCED_FACE('',(#1165),#118,.F.);
#3425=ADVANCED_FACE('',(#1166),#119,.F.);
#3426=ADVANCED_FACE('',(#1167),#120,.F.);
#3427=ADVANCED_FACE('',(#1168,#145,#146),#995,.T.);
#3428=ADVANCED_FACE('',(#1169),#996,.T.);
#3429=ADVANCED_FACE('',(#1170,#147,#148),#997,.T.);
#3430=ADVANCED_FACE('',(#1171),#998,.T.);
#3431=ADVANCED_FACE('',(#1172),#999,.T.);
#3432=ADVANCED_FACE('',(#1173,#149,#150),#1000,.T.);
#3433=ADVANCED_FACE('',(#1174),#1001,.T.);
#3434=ADVANCED_FACE('',(#1175,#151,#152),#1002,.T.);
#3435=ADVANCED_FACE('',(#1176,#153),#1003,.T.);
#3436=ADVANCED_FACE('',(#1177,#154),#1004,.T.);
#3437=ADVANCED_FACE('',(#1178),#3395,.F.);
#3438=ADVANCED_FACE('',(#1179,#155),#1005,.F.);
#3439=ADVANCED_FACE('',(#1180),#121,.T.);
#3440=ADVANCED_FACE('',(#1181,#156),#1006,.T.);
#3441=ADVANCED_FACE('',(#1182),#122,.T.);
#3442=ADVANCED_FACE('',(#1183),#1007,.F.);
#3443=ADVANCED_FACE('',(#1184),#123,.F.);
#3444=ADVANCED_FACE('',(#1185),#1008,.F.);
#3445=ADVANCED_FACE('',(#1186),#3396,.F.);
#3446=ADVANCED_FACE('',(#1187,#157),#1009,.T.);
#3447=ADVANCED_FACE('',(#1188),#124,.T.);
#3448=ADVANCED_FACE('',(#1189,#158),#1010,.F.);
#3449=ADVANCED_FACE('',(#1190),#125,.T.);
#3450=ADVANCED_FACE('',(#1191),#1011,.T.);
#3451=ADVANCED_FACE('',(#1192),#126,.F.);
#3452=ADVANCED_FACE('',(#1193),#1012,.T.);
#3453=ADVANCED_FACE('',(#1194,#159),#127,.F.);
#3454=ADVANCED_FACE('',(#1195),#128,.F.);
#3455=ADVANCED_FACE('',(#1196),#1013,.T.);
#3456=ADVANCED_FACE('',(#1197),#1014,.T.);
#3457=ADVANCED_FACE('',(#1198),#1015,.T.);
#3458=ADVANCED_FACE('',(#1199),#1016,.T.);
#3459=ADVANCED_FACE('',(#1200),#1017,.T.);
#3460=ADVANCED_FACE('',(#1201),#1018,.T.);
#3461=ADVANCED_FACE('',(#1202),#1019,.T.);
#3462=ADVANCED_FACE('',(#1203,#160,#161),#1020,.T.);
#3463=ADVANCED_FACE('',(#1204),#1021,.T.);
#3464=ADVANCED_FACE('',(#1205),#1022,.T.);
#3465=ADVANCED_FACE('',(#1206),#1023,.T.);
#3466=ADVANCED_FACE('',(#1207),#1024,.T.);
#3467=ADVANCED_FACE('',(#1208,#162,#163),#1025,.T.);
#3468=ADVANCED_FACE('',(#1209),#1026,.T.);
#3469=ADVANCED_FACE('',(#1210),#1027,.T.);
#3470=ADVANCED_FACE('',(#1211),#1028,.F.);
#3471=ADVANCED_FACE('',(#1212),#1029,.T.);
#3472=ADVANCED_FACE('',(#1213),#1030,.T.);
#3473=ADVANCED_FACE('',(#1214),#1031,.T.);
#3474=ADVANCED_FACE('',(#1215),#1032,.T.);
#3475=ADVANCED_FACE('',(#1216,#164),#1033,.T.);
#3476=ADVANCED_FACE('',(#1217),#1034,.T.);
#3477=ADVANCED_FACE('',(#1218),#1035,.T.);
#3478=ADVANCED_FACE('',(#1219),#1036,.T.);
#3479=ADVANCED_FACE('',(#1220),#1037,.T.);
#3480=ADVANCED_FACE('',(#1221),#1038,.T.);
#3481=ADVANCED_FACE('',(#1222),#1039,.T.);
#3482=ADVANCED_FACE('',(#1223),#1040,.T.);
#3483=ADVANCED_FACE('',(#1224),#1041,.T.);
#3484=ADVANCED_FACE('',(#1225),#1042,.T.);
#3485=ADVANCED_FACE('',(#1226),#1043,.T.);
#3486=ADVANCED_FACE('',(#1227),#1044,.T.);
#3487=ADVANCED_FACE('',(#1228),#1045,.T.);
#3488=ADVANCED_FACE('',(#1229),#1046,.T.);
#3489=ADVANCED_FACE('',(#1230),#1047,.F.);
#3490=ADVANCED_FACE('',(#1231),#1048,.T.);
#3491=ADVANCED_FACE('',(#1232),#1049,.T.);
#3492=ADVANCED_FACE('',(#1233),#1050,.T.);
#3493=ADVANCED_FACE('',(#1234),#1051,.T.);
#3494=ADVANCED_FACE('',(#1235),#1052,.T.);
#3495=ADVANCED_FACE('',(#1236),#1053,.T.);
#3496=ADVANCED_FACE('',(#1237),#1054,.T.);
#3497=ADVANCED_FACE('',(#1238),#1055,.T.);
#3498=ADVANCED_FACE('',(#1239,#165),#1056,.T.);
#3499=ADVANCED_FACE('',(#1240,#166),#1057,.F.);
#3500=ADVANCED_FACE('',(#1241),#1058,.T.);
#3501=ADVANCED_FACE('',(#1242),#1059,.T.);
#3502=ADVANCED_FACE('',(#1243),#1060,.T.);
#3503=ADVANCED_FACE('',(#1244),#1061,.T.);
#3504=ADVANCED_FACE('',(#1245),#1062,.T.);
#3505=ADVANCED_FACE('',(#1246),#1063,.T.);
#3506=ADVANCED_FACE('',(#1247),#1064,.T.);
#3507=ADVANCED_FACE('',(#1248),#1065,.T.);
#3508=ADVANCED_FACE('',(#1249,#167),#1066,.T.);
#3509=ADVANCED_FACE('',(#1250,#168),#1067,.F.);
#3510=ADVANCED_FACE('',(#1251),#1068,.F.);
#3511=ADVANCED_FACE('',(#1252),#1069,.F.);
#3512=ADVANCED_FACE('',(#1253),#1070,.F.);
#3513=ADVANCED_FACE('',(#1254),#1071,.F.);
#3514=ADVANCED_FACE('',(#1255),#129,.F.);
#3515=ADVANCED_FACE('',(#1256),#1072,.F.);
#3516=ADVANCED_FACE('',(#1257),#130,.F.);
#3517=ADVANCED_FACE('',(#1258),#1073,.T.);
#3518=ADVANCED_FACE('',(#1259,#169),#1074,.T.);
#3519=ADVANCED_FACE('',(#1260),#1075,.F.);
#3520=ADVANCED_FACE('',(#1261),#1076,.F.);
#3521=ADVANCED_FACE('',(#1262),#1077,.F.);
#3522=ADVANCED_FACE('',(#1263,#170),#1078,.T.);
#3523=ADVANCED_FACE('',(#1264),#1079,.T.);
#3524=ADVANCED_FACE('',(#1265),#1080,.T.);
#3525=ADVANCED_FACE('',(#1266),#1081,.T.);
#3526=ADVANCED_FACE('',(#1267),#1082,.T.);
#3527=ADVANCED_FACE('',(#1268),#1083,.T.);
#3528=ADVANCED_FACE('',(#1269),#1084,.T.);
#3529=ADVANCED_FACE('',(#1270),#1085,.T.);
#3530=ADVANCED_FACE('',(#1271),#1086,.T.);
#3531=ADVANCED_FACE('',(#1272),#1087,.T.);
#3532=ADVANCED_FACE('',(#1273,#171),#1088,.F.);
#3533=ADVANCED_FACE('',(#1274,#172),#1089,.F.);
#3534=ADVANCED_FACE('',(#1275),#1090,.T.);
#3535=ADVANCED_FACE('',(#1276),#1091,.T.);
#3536=ADVANCED_FACE('',(#1277),#1092,.T.);
#3537=ADVANCED_FACE('',(#1278),#1093,.T.);
#3538=ADVANCED_FACE('',(#1279),#1094,.T.);
#3539=ADVANCED_FACE('',(#1280),#1095,.T.);
#3540=ADVANCED_FACE('',(#1281),#1096,.T.);
#3541=ADVANCED_FACE('',(#1282),#1097,.T.);
#3542=ADVANCED_FACE('',(#1283),#1098,.T.);
#3543=ADVANCED_FACE('',(#1284),#1099,.T.);
#3544=ADVANCED_FACE('',(#1285),#131,.T.);
#3545=ADVANCED_FACE('',(#1286),#132,.T.);
#3546=ADVANCED_FACE('',(#1287),#1100,.T.);
#3547=ADVANCED_FACE('',(#1288),#1101,.F.);
#3548=ADVANCED_FACE('',(#1289),#1102,.T.);
#3549=ADVANCED_FACE('',(#1290,#173),#1103,.F.);
#3550=ADVANCED_FACE('',(#1291),#1104,.T.);
#3551=ADVANCED_FACE('',(#1292),#1105,.T.);
#3552=ADVANCED_FACE('',(#1293),#1106,.T.);
#3553=ADVANCED_FACE('',(#1294),#1107,.T.);
#3554=ADVANCED_FACE('',(#1295),#1108,.T.);
#3555=ADVANCED_FACE('',(#1296),#1109,.T.);
#3556=ADVANCED_FACE('',(#1297),#1110,.T.);
#3557=ADVANCED_FACE('',(#1298),#1111,.T.);
#3558=ADVANCED_FACE('',(#1299),#1112,.T.);
#3559=ADVANCED_FACE('',(#1300),#133,.T.);
#3560=ADVANCED_FACE('',(#1301),#134,.T.);
#3561=ADVANCED_FACE('',(#1302),#1113,.T.);
#3562=ADVANCED_FACE('',(#1303),#1114,.F.);
#3563=ADVANCED_FACE('',(#1304),#1115,.T.);
#3564=ADVANCED_FACE('',(#1305,#174),#1116,.F.);
#3565=ADVANCED_FACE('',(#1306),#1117,.T.);
#3566=ADVANCED_FACE('',(#1307),#1118,.T.);
#3567=ADVANCED_FACE('',(#1308),#1119,.T.);
#3568=ADVANCED_FACE('',(#1309),#1120,.T.);
#3569=ADVANCED_FACE('',(#1310),#1121,.T.);
#3570=ADVANCED_FACE('',(#1311),#1122,.T.);
#3571=ADVANCED_FACE('',(#1312),#1123,.T.);
#3572=ADVANCED_FACE('',(#1313),#1124,.T.);
#3573=ADVANCED_FACE('',(#1314),#135,.T.);
#3574=ADVANCED_FACE('',(#1315),#1125,.T.);
#3575=ADVANCED_FACE('',(#1316),#136,.T.);
#3576=ADVANCED_FACE('',(#1317),#1126,.T.);
#3577=ADVANCED_FACE('',(#1318),#1127,.F.);
#3578=ADVANCED_FACE('',(#1319),#137,.T.);
#3579=ADVANCED_FACE('',(#1320),#1128,.T.);
#3580=ADVANCED_FACE('',(#1321),#138,.T.);
#3581=ADVANCED_FACE('',(#1322),#1129,.T.);
#3582=ADVANCED_FACE('',(#1323),#139,.T.);
#3583=ADVANCED_FACE('',(#1324),#1130,.T.);
#3584=ADVANCED_FACE('',(#1325),#140,.T.);
#3585=ADVANCED_FACE('',(#1326),#1131,.T.);
#3586=ADVANCED_FACE('',(#1327),#1132,.T.);
#3587=ADVANCED_FACE('',(#1328),#1133,.T.);
#3588=ADVANCED_FACE('',(#1329),#1134,.T.);
#3589=ADVANCED_FACE('',(#1330),#1135,.T.);
#3590=ADVANCED_FACE('',(#1331,#175,#176,#177,#178),#1136,.T.);
#3591=ADVANCED_FACE('',(#1332),#1137,.F.);
#3592=CLOSED_SHELL('',(#3397,#3398,#3399,#3400,#3401,#3402,#3403,#3404,
#3405,#3406,#3407,#3408,#3409,#3410,#3411,#3412,#3413,#3414,#3415,#3416,
#3417,#3418,#3419,#3420,#3421,#3422,#3423,#3424,#3425,#3426,#3427,#3428,
#3429,#3430,#3431,#3432,#3433,#3434,#3435,#3436,#3437,#3438,#3439,#3440,
#3441,#3442,#3443,#3444,#3445,#3446,#3447,#3448,#3449,#3450,#3451,#3452));
#3593=CLOSED_SHELL('',(#3453,#3454,#3455,#3456,#3457,#3458,#3459,#3460,
#3461,#3462,#3463,#3464,#3465,#3466,#3467,#3468,#3469,#3470));
#3594=CLOSED_SHELL('',(#3471,#3472,#3473,#3474,#3475,#3476,#3477,#3478,
#3479,#3480,#3481,#3482,#3483,#3484,#3485,#3486,#3487,#3488,#3489));
#3595=CLOSED_SHELL('',(#3490,#3491,#3492,#3493,#3494,#3495,#3496,#3497,
#3498,#3499));
#3596=CLOSED_SHELL('',(#3500,#3501,#3502,#3503,#3504,#3505,#3506,#3507,
#3508,#3509));
#3597=CLOSED_SHELL('',(#3510,#3511,#3512,#3513,#3514,#3515,#3516,#3517,
#3518,#3519,#3520,#3521,#3522,#3523,#3524,#3525,#3526,#3527,#3528,#3529,
#3530,#3531,#3532));
#3598=CLOSED_SHELL('',(#3533,#3534,#3535,#3536,#3537,#3538,#3539,#3540,
#3541,#3542,#3543,#3544,#3545,#3546,#3547));
#3599=CLOSED_SHELL('',(#3548,#3549,#3550,#3551,#3552,#3553,#3554,#3555,
#3556,#3557,#3558,#3559,#3560,#3561,#3562));
#3600=CLOSED_SHELL('',(#3563,#3564,#3565,#3566,#3567,#3568,#3569,#3570,
#3571,#3572,#3573,#3574,#3575,#3576,#3577));
#3601=CLOSED_SHELL('',(#3578,#3579,#3580,#3581,#3582,#3583,#3584,#3585,
#3586,#3587,#3588,#3589,#3590,#3591));
#3602=DERIVED_UNIT_ELEMENT(#3622,1.);
#3603=DERIVED_UNIT_ELEMENT(#6194,-3.);
#3604=DERIVED_UNIT_ELEMENT(#3622,1.);
#3605=DERIVED_UNIT_ELEMENT(#6194,-3.);
#3606=DERIVED_UNIT_ELEMENT(#3622,1.);
#3607=DERIVED_UNIT_ELEMENT(#6194,-3.);
#3608=DERIVED_UNIT_ELEMENT(#3622,1.);
#3609=DERIVED_UNIT_ELEMENT(#6194,-3.);
#3610=DERIVED_UNIT_ELEMENT(#3622,1.);
#3611=DERIVED_UNIT_ELEMENT(#6194,-3.);
#3612=DERIVED_UNIT_ELEMENT(#3622,1.);
#3613=DERIVED_UNIT_ELEMENT(#6194,-3.);
#3614=DERIVED_UNIT_ELEMENT(#3622,1.);
#3615=DERIVED_UNIT_ELEMENT(#6194,-3.);
#3616=DERIVED_UNIT_ELEMENT(#3622,1.);
#3617=DERIVED_UNIT_ELEMENT(#6194,-3.);
#3618=DERIVED_UNIT_ELEMENT(#3622,1.);
#3619=DERIVED_UNIT_ELEMENT(#6194,-3.);
#3620=DERIVED_UNIT_ELEMENT(#3622,1.);
#3621=DERIVED_UNIT_ELEMENT(#6194,-3.);
#3622=(
MASS_UNIT()
NAMED_UNIT(*)
SI_UNIT(.KILO.,.GRAM.)
);
#3623=DERIVED_UNIT((#3602,#3603));
#3624=DERIVED_UNIT((#3604,#3605));
#3625=DERIVED_UNIT((#3606,#3607));
#3626=DERIVED_UNIT((#3608,#3609));
#3627=DERIVED_UNIT((#3610,#3611));
#3628=DERIVED_UNIT((#3612,#3613));
#3629=DERIVED_UNIT((#3614,#3615));
#3630=DERIVED_UNIT((#3616,#3617));
#3631=DERIVED_UNIT((#3618,#3619));
#3632=DERIVED_UNIT((#3620,#3621));
#3633=MEASURE_REPRESENTATION_ITEM('density measure',
POSITIVE_RATIO_MEASURE(7850.),#3623);
#3634=MEASURE_REPRESENTATION_ITEM('density measure',
POSITIVE_RATIO_MEASURE(7850.),#3624);
#3635=MEASURE_REPRESENTATION_ITEM('density measure',
POSITIVE_RATIO_MEASURE(7850.),#3625);
#3636=MEASURE_REPRESENTATION_ITEM('density measure',
POSITIVE_RATIO_MEASURE(7850.),#3626);
#3637=MEASURE_REPRESENTATION_ITEM('density measure',
POSITIVE_RATIO_MEASURE(7850.),#3627);
#3638=MEASURE_REPRESENTATION_ITEM('density measure',
POSITIVE_RATIO_MEASURE(7850.),#3628);
#3639=MEASURE_REPRESENTATION_ITEM('density measure',
POSITIVE_RATIO_MEASURE(7850.),#3629);
#3640=MEASURE_REPRESENTATION_ITEM('density measure',
POSITIVE_RATIO_MEASURE(7850.),#3630);
#3641=MEASURE_REPRESENTATION_ITEM('density measure',
POSITIVE_RATIO_MEASURE(7850.),#3631);
#3642=MEASURE_REPRESENTATION_ITEM('density measure',
POSITIVE_RATIO_MEASURE(7850.),#3632);
#3643=PROPERTY_DEFINITION_REPRESENTATION(#3693,#3663);
#3644=PROPERTY_DEFINITION_REPRESENTATION(#3694,#3664);
#3645=PROPERTY_DEFINITION_REPRESENTATION(#3695,#3665);
#3646=PROPERTY_DEFINITION_REPRESENTATION(#3696,#3666);
#3647=PROPERTY_DEFINITION_REPRESENTATION(#3697,#3667);
#3648=PROPERTY_DEFINITION_REPRESENTATION(#3698,#3668);
#3649=PROPERTY_DEFINITION_REPRESENTATION(#3699,#3669);
#3650=PROPERTY_DEFINITION_REPRESENTATION(#3700,#3670);
#3651=PROPERTY_DEFINITION_REPRESENTATION(#3701,#3671);
#3652=PROPERTY_DEFINITION_REPRESENTATION(#3702,#3672);
#3653=PROPERTY_DEFINITION_REPRESENTATION(#3703,#3673);
#3654=PROPERTY_DEFINITION_REPRESENTATION(#3704,#3674);
#3655=PROPERTY_DEFINITION_REPRESENTATION(#3705,#3675);
#3656=PROPERTY_DEFINITION_REPRESENTATION(#3706,#3676);
#3657=PROPERTY_DEFINITION_REPRESENTATION(#3707,#3677);
#3658=PROPERTY_DEFINITION_REPRESENTATION(#3708,#3678);
#3659=PROPERTY_DEFINITION_REPRESENTATION(#3709,#3679);
#3660=PROPERTY_DEFINITION_REPRESENTATION(#3710,#3680);
#3661=PROPERTY_DEFINITION_REPRESENTATION(#3711,#3681);
#3662=PROPERTY_DEFINITION_REPRESENTATION(#3712,#3682);
#3663=REPRESENTATION('material name',(#3683),#6182);
#3664=REPRESENTATION('density',(#3633),#6182);
#3665=REPRESENTATION('material name',(#3684),#6183);
#3666=REPRESENTATION('density',(#3634),#6183);
#3667=REPRESENTATION('material name',(#3685),#6184);
#3668=REPRESENTATION('density',(#3635),#6184);
#3669=REPRESENTATION('material name',(#3686),#6185);
#3670=REPRESENTATION('density',(#3636),#6185);
#3671=REPRESENTATION('material name',(#3687),#6186);
#3672=REPRESENTATION('density',(#3637),#6186);
#3673=REPRESENTATION('material name',(#3688),#6187);
#3674=REPRESENTATION('density',(#3638),#6187);
#3675=REPRESENTATION('material name',(#3689),#6188);
#3676=REPRESENTATION('density',(#3639),#6188);
#3677=REPRESENTATION('material name',(#3690),#6189);
#3678=REPRESENTATION('density',(#3640),#6189);
#3679=REPRESENTATION('material name',(#3691),#6190);
#3680=REPRESENTATION('density',(#3641),#6190);
#3681=REPRESENTATION('material name',(#3692),#6191);
#3682=REPRESENTATION('density',(#3642),#6191);
#3683=DESCRIPTIVE_REPRESENTATION_ITEM('Steel','Steel');
#3684=DESCRIPTIVE_REPRESENTATION_ITEM('Steel','Steel');
#3685=DESCRIPTIVE_REPRESENTATION_ITEM('Steel','Steel');
#3686=DESCRIPTIVE_REPRESENTATION_ITEM('Steel','Steel');
#3687=DESCRIPTIVE_REPRESENTATION_ITEM('Steel','Steel');
#3688=DESCRIPTIVE_REPRESENTATION_ITEM('Steel','Steel');
#3689=DESCRIPTIVE_REPRESENTATION_ITEM('Steel','Steel');
#3690=DESCRIPTIVE_REPRESENTATION_ITEM('Steel','Steel');
#3691=DESCRIPTIVE_REPRESENTATION_ITEM('Steel','Steel');
#3692=DESCRIPTIVE_REPRESENTATION_ITEM('Steel','Steel');
#3693=PROPERTY_DEFINITION('material property','material name',#6247);
#3694=PROPERTY_DEFINITION('material property','density of part',#6247);
#3695=PROPERTY_DEFINITION('material property','material name',#6248);
#3696=PROPERTY_DEFINITION('material property','density of part',#6248);
#3697=PROPERTY_DEFINITION('material property','material name',#6249);
#3698=PROPERTY_DEFINITION('material property','density of part',#6249);
#3699=PROPERTY_DEFINITION('material property','material name',#6250);
#3700=PROPERTY_DEFINITION('material property','density of part',#6250);
#3701=PROPERTY_DEFINITION('material property','material name',#6251);
#3702=PROPERTY_DEFINITION('material property','density of part',#6251);
#3703=PROPERTY_DEFINITION('material property','material name',#6252);
#3704=PROPERTY_DEFINITION('material property','density of part',#6252);
#3705=PROPERTY_DEFINITION('material property','material name',#6253);
#3706=PROPERTY_DEFINITION('material property','density of part',#6253);
#3707=PROPERTY_DEFINITION('material property','material name',#6254);
#3708=PROPERTY_DEFINITION('material property','density of part',#6254);
#3709=PROPERTY_DEFINITION('material property','material name',#6255);
#3710=PROPERTY_DEFINITION('material property','density of part',#6255);
#3711=PROPERTY_DEFINITION('material property','material name',#6256);
#3712=PROPERTY_DEFINITION('material property','density of part',#6256);
#3713=AXIS2_PLACEMENT_3D('',#4985,#4004,#4005);
#3714=AXIS2_PLACEMENT_3D('',#4986,#4006,#4007);
#3715=AXIS2_PLACEMENT_3D('',#4987,#4008,#4009);
#3716=AXIS2_PLACEMENT_3D('',#5013,#4010,#4011);
#3717=AXIS2_PLACEMENT_3D('',#5037,#4012,#4013);
#3718=AXIS2_PLACEMENT_3D('',#5038,#4014,#4015);
#3719=AXIS2_PLACEMENT_3D('',#5043,#4018,#4019);
#3720=AXIS2_PLACEMENT_3D('',#5044,#4020,#4021);
#3721=AXIS2_PLACEMENT_3D('',#5046,#4022,#4023);
#3722=AXIS2_PLACEMENT_3D('',#5049,#4025,#4026);
#3723=AXIS2_PLACEMENT_3D('',#5050,#4027,#4028);
#3724=AXIS2_PLACEMENT_3D('',#5052,#4029,#4030);
#3725=AXIS2_PLACEMENT_3D('',#5053,#4031,#4032);
#3726=AXIS2_PLACEMENT_3D('',#5055,#4034,#4035);
#3727=AXIS2_PLACEMENT_3D('',#5056,#4036,#4037);
#3728=AXIS2_PLACEMENT_3D('',#5060,#4039,#4040);
#3729=AXIS2_PLACEMENT_3D('',#5062,#4042,#4043);
#3730=AXIS2_PLACEMENT_3D('',#5088,#4044,#4045);
#3731=AXIS2_PLACEMENT_3D('',#5112,#4046,#4047);
#3732=AXIS2_PLACEMENT_3D('',#5113,#4048,#4049);
#3733=AXIS2_PLACEMENT_3D('',#5118,#4052,#4053);
#3734=AXIS2_PLACEMENT_3D('',#5119,#4054,#4055);
#3735=AXIS2_PLACEMENT_3D('',#5121,#4056,#4057);
#3736=AXIS2_PLACEMENT_3D('',#5124,#4059,#4060);
#3737=AXIS2_PLACEMENT_3D('',#5125,#4061,#4062);
#3738=AXIS2_PLACEMENT_3D('',#5127,#4063,#4064);
#3739=AXIS2_PLACEMENT_3D('',#5128,#4065,#4066);
#3740=AXIS2_PLACEMENT_3D('',#5130,#4068,#4069);
#3741=AXIS2_PLACEMENT_3D('',#5131,#4070,#4071);
#3742=AXIS2_PLACEMENT_3D('',#5135,#4073,#4074);
#3743=AXIS2_PLACEMENT_3D('',#5137,#4076,#4077);
#3744=AXIS2_PLACEMENT_3D('',#5144,#4082,#4083);
#3745=AXIS2_PLACEMENT_3D('',#5204,#4091,#4092);
#3746=AXIS2_PLACEMENT_3D('',#5209,#4095,#4096);
#3747=AXIS2_PLACEMENT_3D('',#5210,#4097,#4098);
#3748=AXIS2_PLACEMENT_3D('',#5219,#4103,#4104);
#3749=AXIS2_PLACEMENT_3D('',#5225,#4108,#4109);
#3750=AXIS2_PLACEMENT_3D('',#5231,#4113,#4114);
#3751=AXIS2_PLACEMENT_3D('',#5237,#4118,#4119);
#3752=AXIS2_PLACEMENT_3D('',#5246,#4124,#4125);
#3753=AXIS2_PLACEMENT_3D('',#5252,#4129,#4130);
#3754=AXIS2_PLACEMENT_3D('',#5258,#4134,#4135);
#3755=AXIS2_PLACEMENT_3D('',#5264,#4139,#4140);
#3756=AXIS2_PLACEMENT_3D('',#5271,#4145,#4146);
#3757=AXIS2_PLACEMENT_3D('',#5273,#4147,#4148);
#3758=AXIS2_PLACEMENT_3D('',#5276,#4150,#4151);
#3759=AXIS2_PLACEMENT_3D('',#5277,#4152,#4153);
#3760=AXIS2_PLACEMENT_3D('',#5279,#4154,#4155);
#3761=AXIS2_PLACEMENT_3D('',#5282,#4157,#4158);
#3762=AXIS2_PLACEMENT_3D('',#5283,#4159,#4160);
#3763=AXIS2_PLACEMENT_3D('',#5285,#4161,#4162);
#3764=AXIS2_PLACEMENT_3D('',#5288,#4164,#4165);
#3765=AXIS2_PLACEMENT_3D('',#5289,#4166,#4167);
#3766=AXIS2_PLACEMENT_3D('',#5291,#4168,#4169);
#3767=AXIS2_PLACEMENT_3D('',#5294,#4171,#4172);
#3768=AXIS2_PLACEMENT_3D('',#5295,#4173,#4174);
#3769=AXIS2_PLACEMENT_3D('',#5299,#4177,#4178);
#3770=AXIS2_PLACEMENT_3D('',#5303,#4181,#4182);
#3771=AXIS2_PLACEMENT_3D('',#5305,#4184,#4185);
#3772=AXIS2_PLACEMENT_3D('',#5307,#4187,#4188);
#3773=AXIS2_PLACEMENT_3D('',#5316,#4193,#4194);
#3774=AXIS2_PLACEMENT_3D('',#5322,#4198,#4199);
#3775=AXIS2_PLACEMENT_3D('',#5328,#4203,#4204);
#3776=AXIS2_PLACEMENT_3D('',#5331,#4207,#4208);
#3777=AXIS2_PLACEMENT_3D('',#5332,#4209,#4210);
#3778=AXIS2_PLACEMENT_3D('',#5336,#4213,#4214);
#3779=AXIS2_PLACEMENT_3D('',#5361,#4215,#4216);
#3780=AXIS2_PLACEMENT_3D('',#5362,#4217,#4218);
#3781=AXIS2_PLACEMENT_3D('',#5363,#4219,#4220);
#3782=AXIS2_PLACEMENT_3D('',#5366,#4222,#4223);
#3783=AXIS2_PLACEMENT_3D('',#5367,#4224,#4225);
#3784=AXIS2_PLACEMENT_3D('',#5369,#4226,#4227);
#3785=AXIS2_PLACEMENT_3D('',#5372,#4229,#4230);
#3786=AXIS2_PLACEMENT_3D('',#5373,#4231,#4232);
#3787=AXIS2_PLACEMENT_3D('',#5375,#4233,#4234);
#3788=AXIS2_PLACEMENT_3D('',#5376,#4235,#4236);
#3789=AXIS2_PLACEMENT_3D('',#5378,#4238,#4239);
#3790=AXIS2_PLACEMENT_3D('',#5379,#4240,#4241);
#3791=AXIS2_PLACEMENT_3D('',#5382,#4243,#4244);
#3792=AXIS2_PLACEMENT_3D('',#5383,#4245,#4246);
#3793=AXIS2_PLACEMENT_3D('',#5385,#4248,#4249);
#3794=AXIS2_PLACEMENT_3D('',#5410,#4250,#4251);
#3795=AXIS2_PLACEMENT_3D('',#5411,#4252,#4253);
#3796=AXIS2_PLACEMENT_3D('',#5412,#4254,#4255);
#3797=AXIS2_PLACEMENT_3D('',#5415,#4257,#4258);
#3798=AXIS2_PLACEMENT_3D('',#5416,#4259,#4260);
#3799=AXIS2_PLACEMENT_3D('',#5418,#4261,#4262);
#3800=AXIS2_PLACEMENT_3D('',#5421,#4264,#4265);
#3801=AXIS2_PLACEMENT_3D('',#5422,#4266,#4267);
#3802=AXIS2_PLACEMENT_3D('',#5424,#4268,#4269);
#3803=AXIS2_PLACEMENT_3D('',#5425,#4270,#4271);
#3804=AXIS2_PLACEMENT_3D('',#5427,#4273,#4274);
#3805=AXIS2_PLACEMENT_3D('',#5428,#4275,#4276);
#3806=AXIS2_PLACEMENT_3D('',#5430,#4278,#4279);
#3807=AXIS2_PLACEMENT_3D('',#5431,#4280,#4281);
#3808=AXIS2_PLACEMENT_3D('',#5432,#4282,#4283);
#3809=AXIS2_PLACEMENT_3D('',#5434,#4284,#4285);
#3810=AXIS2_PLACEMENT_3D('',#5437,#4287,#4288);
#3811=AXIS2_PLACEMENT_3D('',#5440,#4289,#4290);
#3812=AXIS2_PLACEMENT_3D('',#5444,#4292,#4293);
#3813=AXIS2_PLACEMENT_3D('',#5446,#4295,#4296);
#3814=AXIS2_PLACEMENT_3D('',#5448,#4297,#4298);
#3815=AXIS2_PLACEMENT_3D('',#5452,#4300,#4301);
#3816=AXIS2_PLACEMENT_3D('',#5456,#4303,#4304);
#3817=AXIS2_PLACEMENT_3D('',#5459,#4306,#4307);
#3818=AXIS2_PLACEMENT_3D('',#5461,#4308,#4309);
#3819=AXIS2_PLACEMENT_3D('',#5464,#4311,#4312);
#3820=AXIS2_PLACEMENT_3D('',#5465,#4313,#4314);
#3821=AXIS2_PLACEMENT_3D('',#5475,#4320,#4321);
#3822=AXIS2_PLACEMENT_3D('',#5479,#4324,#4325);
#3823=AXIS2_PLACEMENT_3D('',#5489,#4331,#4332);
#3824=AXIS2_PLACEMENT_3D('',#5493,#4335,#4336);
#3825=AXIS2_PLACEMENT_3D('',#5501,#4341,#4342);
#3826=AXIS2_PLACEMENT_3D('',#5503,#4344,#4345);
#3827=AXIS2_PLACEMENT_3D('',#5509,#4349,#4350);
#3828=AXIS2_PLACEMENT_3D('',#5515,#4354,#4355);
#3829=AXIS2_PLACEMENT_3D('',#5521,#4359,#4360);
#3830=AXIS2_PLACEMENT_3D('',#5526,#4364,#4365);
#3831=AXIS2_PLACEMENT_3D('',#5528,#4367,#4368);
#3832=AXIS2_PLACEMENT_3D('',#5534,#4372,#4373);
#3833=AXIS2_PLACEMENT_3D('',#5540,#4377,#4378);
#3834=AXIS2_PLACEMENT_3D('',#5543,#4381,#4382);
#3835=AXIS2_PLACEMENT_3D('',#5544,#4383,#4384);
#3836=AXIS2_PLACEMENT_3D('',#5545,#4385,#4386);
#3837=AXIS2_PLACEMENT_3D('',#5546,#4387,#4388);
#3838=AXIS2_PLACEMENT_3D('',#5555,#4393,#4394);
#3839=AXIS2_PLACEMENT_3D('',#5561,#4398,#4399);
#3840=AXIS2_PLACEMENT_3D('',#5567,#4403,#4404);
#3841=AXIS2_PLACEMENT_3D('',#5570,#4407,#4408);
#3842=AXIS2_PLACEMENT_3D('',#5579,#4413,#4414);
#3843=AXIS2_PLACEMENT_3D('',#5588,#4419,#4420);
#3844=AXIS2_PLACEMENT_3D('',#5594,#4424,#4425);
#3845=AXIS2_PLACEMENT_3D('',#5600,#4429,#4430);
#3846=AXIS2_PLACEMENT_3D('',#5606,#4434,#4435);
#3847=AXIS2_PLACEMENT_3D('',#5612,#4439,#4440);
#3848=AXIS2_PLACEMENT_3D('',#5618,#4444,#4445);
#3849=AXIS2_PLACEMENT_3D('',#5621,#4448,#4449);
#3850=AXIS2_PLACEMENT_3D('',#5622,#4450,#4451);
#3851=AXIS2_PLACEMENT_3D('',#5628,#4455,#4456);
#3852=AXIS2_PLACEMENT_3D('',#5634,#4460,#4461);
#3853=AXIS2_PLACEMENT_3D('',#5640,#4465,#4466);
#3854=AXIS2_PLACEMENT_3D('',#5643,#4469,#4470);
#3855=AXIS2_PLACEMENT_3D('',#5644,#4471,#4472);
#3856=AXIS2_PLACEMENT_3D('',#5645,#4473,#4474);
#3857=AXIS2_PLACEMENT_3D('',#5646,#4475,#4476);
#3858=AXIS2_PLACEMENT_3D('',#5655,#4481,#4482);
#3859=AXIS2_PLACEMENT_3D('',#5661,#4486,#4487);
#3860=AXIS2_PLACEMENT_3D('',#5667,#4491,#4492);
#3861=AXIS2_PLACEMENT_3D('',#5670,#4495,#4496);
#3862=AXIS2_PLACEMENT_3D('',#5679,#4501,#4502);
#3863=AXIS2_PLACEMENT_3D('',#5685,#4506,#4507);
#3864=AXIS2_PLACEMENT_3D('',#5691,#4511,#4512);
#3865=AXIS2_PLACEMENT_3D('',#5694,#4515,#4516);
#3866=AXIS2_PLACEMENT_3D('',#5695,#4517,#4518);
#3867=AXIS2_PLACEMENT_3D('',#5696,#4519,#4520);
#3868=AXIS2_PLACEMENT_3D('',#5697,#4521,#4522);
#3869=AXIS2_PLACEMENT_3D('',#5706,#4527,#4528);
#3870=AXIS2_PLACEMENT_3D('',#5712,#4532,#4533);
#3871=AXIS2_PLACEMENT_3D('',#5718,#4537,#4538);
#3872=AXIS2_PLACEMENT_3D('',#5721,#4541,#4542);
#3873=AXIS2_PLACEMENT_3D('',#5730,#4547,#4548);
#3874=AXIS2_PLACEMENT_3D('',#5736,#4552,#4553);
#3875=AXIS2_PLACEMENT_3D('',#5742,#4557,#4558);
#3876=AXIS2_PLACEMENT_3D('',#5745,#4561,#4562);
#3877=AXIS2_PLACEMENT_3D('',#5746,#4563,#4564);
#3878=AXIS2_PLACEMENT_3D('',#5747,#4565,#4566);
#3879=AXIS2_PLACEMENT_3D('',#5748,#4567,#4568);
#3880=AXIS2_PLACEMENT_3D('',#5757,#4573,#4574);
#3881=AXIS2_PLACEMENT_3D('',#5763,#4578,#4579);
#3882=AXIS2_PLACEMENT_3D('',#5769,#4583,#4584);
#3883=AXIS2_PLACEMENT_3D('',#5778,#4589,#4590);
#3884=AXIS2_PLACEMENT_3D('',#5780,#4591,#4592);
#3885=AXIS2_PLACEMENT_3D('',#5782,#4593,#4594);
#3886=AXIS2_PLACEMENT_3D('',#5784,#4596,#4597);
#3887=AXIS2_PLACEMENT_3D('',#5790,#4601,#4602);
#3888=AXIS2_PLACEMENT_3D('',#5791,#4603,#4604);
#3889=AXIS2_PLACEMENT_3D('',#5792,#4605,#4606);
#3890=AXIS2_PLACEMENT_3D('',#5793,#4607,#4608);
#3891=AXIS2_PLACEMENT_3D('',#5799,#4612,#4613);
#3892=AXIS2_PLACEMENT_3D('',#5807,#4618,#4619);
#3893=AXIS2_PLACEMENT_3D('',#5816,#4624,#4625);
#3894=AXIS2_PLACEMENT_3D('',#5825,#4630,#4631);
#3895=AXIS2_PLACEMENT_3D('',#5831,#4635,#4636);
#3896=AXIS2_PLACEMENT_3D('',#5836,#4640,#4641);
#3897=AXIS2_PLACEMENT_3D('',#5838,#4643,#4644);
#3898=AXIS2_PLACEMENT_3D('',#5844,#4648,#4649);
#3899=AXIS2_PLACEMENT_3D('',#5850,#4653,#4654);
#3900=AXIS2_PLACEMENT_3D('',#5854,#4657,#4658);
#3901=AXIS2_PLACEMENT_3D('',#5858,#4661,#4662);
#3902=AXIS2_PLACEMENT_3D('',#5860,#4664,#4665);
#3903=AXIS2_PLACEMENT_3D('',#5864,#4668,#4669);
#3904=AXIS2_PLACEMENT_3D('',#5868,#4672,#4673);
#3905=AXIS2_PLACEMENT_3D('',#5870,#4675,#4676);
#3906=AXIS2_PLACEMENT_3D('',#5871,#4677,#4678);
#3907=AXIS2_PLACEMENT_3D('',#5872,#4679,#4680);
#3908=AXIS2_PLACEMENT_3D('',#5889,#4689,#4690);
#3909=AXIS2_PLACEMENT_3D('',#5895,#4694,#4695);
#3910=AXIS2_PLACEMENT_3D('',#5899,#4698,#4699);
#3911=AXIS2_PLACEMENT_3D('',#5903,#4702,#4703);
#3912=AXIS2_PLACEMENT_3D('',#5905,#4705,#4706);
#3913=AXIS2_PLACEMENT_3D('',#5906,#4707,#4708);
#3914=AXIS2_PLACEMENT_3D('',#5912,#4712,#4713);
#3915=AXIS2_PLACEMENT_3D('',#5916,#4716,#4717);
#3916=AXIS2_PLACEMENT_3D('',#5920,#4720,#4721);
#3917=AXIS2_PLACEMENT_3D('',#5930,#4727,#4728);
#3918=AXIS2_PLACEMENT_3D('',#5939,#4733,#4734);
#3919=AXIS2_PLACEMENT_3D('',#5940,#4735,#4736);
#3920=AXIS2_PLACEMENT_3D('',#5941,#4737,#4738);
#3921=AXIS2_PLACEMENT_3D('',#5942,#4739,#4740);
#3922=AXIS2_PLACEMENT_3D('',#5943,#4741,#4742);
#3923=AXIS2_PLACEMENT_3D('',#5944,#4743,#4744);
#3924=AXIS2_PLACEMENT_3D('',#5945,#4745,#4746);
#3925=AXIS2_PLACEMENT_3D('',#5946,#4747,#4748);
#3926=AXIS2_PLACEMENT_3D('',#5947,#4749,#4750);
#3927=AXIS2_PLACEMENT_3D('',#5948,#4751,#4752);
#3928=AXIS2_PLACEMENT_3D('',#5957,#4757,#4758);
#3929=AXIS2_PLACEMENT_3D('',#5974,#4767,#4768);
#3930=AXIS2_PLACEMENT_3D('',#5977,#4771,#4772);
#3931=AXIS2_PLACEMENT_3D('',#5979,#4774,#4775);
#3932=AXIS2_PLACEMENT_3D('',#5981,#4777,#4778);
#3933=AXIS2_PLACEMENT_3D('',#5982,#4779,#4780);
#3934=AXIS2_PLACEMENT_3D('',#5988,#4784,#4785);
#3935=AXIS2_PLACEMENT_3D('',#5992,#4788,#4789);
#3936=AXIS2_PLACEMENT_3D('',#5996,#4792,#4793);
#3937=AXIS2_PLACEMENT_3D('',#6006,#4799,#4800);
#3938=AXIS2_PLACEMENT_3D('',#6015,#4805,#4806);
#3939=AXIS2_PLACEMENT_3D('',#6016,#4807,#4808);
#3940=AXIS2_PLACEMENT_3D('',#6017,#4809,#4810);
#3941=AXIS2_PLACEMENT_3D('',#6018,#4811,#4812);
#3942=AXIS2_PLACEMENT_3D('',#6019,#4813,#4814);
#3943=AXIS2_PLACEMENT_3D('',#6020,#4815,#4816);
#3944=AXIS2_PLACEMENT_3D('',#6021,#4817,#4818);
#3945=AXIS2_PLACEMENT_3D('',#6022,#4819,#4820);
#3946=AXIS2_PLACEMENT_3D('',#6023,#4821,#4822);
#3947=AXIS2_PLACEMENT_3D('',#6024,#4823,#4824);
#3948=AXIS2_PLACEMENT_3D('',#6033,#4829,#4830);
#3949=AXIS2_PLACEMENT_3D('',#6050,#4839,#4840);
#3950=AXIS2_PLACEMENT_3D('',#6053,#4843,#4844);
#3951=AXIS2_PLACEMENT_3D('',#6055,#4846,#4847);
#3952=AXIS2_PLACEMENT_3D('',#6057,#4849,#4850);
#3953=AXIS2_PLACEMENT_3D('',#6058,#4851,#4852);
#3954=AXIS2_PLACEMENT_3D('',#6064,#4856,#4857);
#3955=AXIS2_PLACEMENT_3D('',#6068,#4860,#4861);
#3956=AXIS2_PLACEMENT_3D('',#6072,#4864,#4865);
#3957=AXIS2_PLACEMENT_3D('',#6082,#4871,#4872);
#3958=AXIS2_PLACEMENT_3D('',#6084,#4873,#4874);
#3959=AXIS2_PLACEMENT_3D('',#6086,#4875,#4876);
#3960=AXIS2_PLACEMENT_3D('',#6088,#4878,#4879);
#3961=AXIS2_PLACEMENT_3D('',#6094,#4883,#4884);
#3962=AXIS2_PLACEMENT_3D('',#6095,#4885,#4886);
#3963=AXIS2_PLACEMENT_3D('',#6096,#4887,#4888);
#3964=AXIS2_PLACEMENT_3D('',#6097,#4889,#4890);
#3965=AXIS2_PLACEMENT_3D('',#6098,#4891,#4892);
#3966=AXIS2_PLACEMENT_3D('',#6099,#4893,#4894);
#3967=AXIS2_PLACEMENT_3D('',#6100,#4895,#4896);
#3968=AXIS2_PLACEMENT_3D('',#6102,#4897,#4898);
#3969=AXIS2_PLACEMENT_3D('',#6105,#4900,#4901);
#3970=AXIS2_PLACEMENT_3D('',#6106,#4902,#4903);
#3971=AXIS2_PLACEMENT_3D('',#6107,#4904,#4905);
#3972=AXIS2_PLACEMENT_3D('',#6109,#4906,#4907);
#3973=AXIS2_PLACEMENT_3D('',#6112,#4909,#4910);
#3974=AXIS2_PLACEMENT_3D('',#6113,#4911,#4912);
#3975=AXIS2_PLACEMENT_3D('',#6114,#4913,#4914);
#3976=AXIS2_PLACEMENT_3D('',#6116,#4915,#4916);
#3977=AXIS2_PLACEMENT_3D('',#6119,#4918,#4919);
#3978=AXIS2_PLACEMENT_3D('',#6120,#4920,#4921);
#3979=AXIS2_PLACEMENT_3D('',#6121,#4922,#4923);
#3980=AXIS2_PLACEMENT_3D('',#6123,#4924,#4925);
#3981=AXIS2_PLACEMENT_3D('',#6126,#4927,#4928);
#3982=AXIS2_PLACEMENT_3D('',#6127,#4929,#4930);
#3983=AXIS2_PLACEMENT_3D('',#6128,#4931,#4932);
#3984=AXIS2_PLACEMENT_3D('',#6137,#4937,#4938);
#3985=AXIS2_PLACEMENT_3D('',#6143,#4942,#4943);
#3986=AXIS2_PLACEMENT_3D('',#6149,#4947,#4948);
#3987=AXIS2_PLACEMENT_3D('',#6152,#4951,#4952);
#3988=AXIS2_PLACEMENT_3D('',#6153,#4953,#4954);
#3989=AXIS2_PLACEMENT_3D('',#6154,#4955,#4956);
#3990=AXIS2_PLACEMENT_3D('',#6155,#4957,#4958);
#3991=AXIS2_PLACEMENT_3D('',#6156,#4959,#4960);
#3992=AXIS2_PLACEMENT_3D('',#6157,#4961,#4962);
#3993=AXIS2_PLACEMENT_3D('',#6158,#4963,#4964);
#3994=AXIS2_PLACEMENT_3D('',#6159,#4965,#4966);
#3995=AXIS2_PLACEMENT_3D('',#6160,#4967,#4968);
#3996=AXIS2_PLACEMENT_3D('',#6161,#4969,#4970);
#3997=AXIS2_PLACEMENT_3D('',#6162,#4971,#4972);
#3998=AXIS2_PLACEMENT_3D('',#6163,#4973,#4974);
#3999=AXIS2_PLACEMENT_3D('',#6164,#4975,#4976);
#4000=AXIS2_PLACEMENT_3D('',#6165,#4977,#4978);
#4001=AXIS2_PLACEMENT_3D('',#6166,#4979,#4980);
#4002=AXIS2_PLACEMENT_3D('',#6167,#4981,#4982);
#4003=AXIS2_PLACEMENT_3D('',#6168,#4983,#4984);
#4004=DIRECTION('axis',(0.,0.,1.));
#4005=DIRECTION('refdir',(1.,0.,0.));
#4006=DIRECTION('axis',(0.,0.,1.));
#4007=DIRECTION('refdir',(1.,0.,0.));
#4008=DIRECTION('center_axis',(0.,-1.,0.));
#4009=DIRECTION('ref_axis',(0.,0.,1.));
#4010=DIRECTION('center_axis',(0.,-1.,0.));
#4011=DIRECTION('ref_axis',(-0.707106781186548,0.,0.707106781186548));
#4012=DIRECTION('center_axis',(0.,1.,0.));
#4013=DIRECTION('ref_axis',(-0.707106781186548,0.,0.707106781186548));
#4014=DIRECTION('center_axis',(0.,1.,0.));
#4015=DIRECTION('ref_axis',(-1.,0.,0.));
#4016=DIRECTION('',(0.,0.,1.));
#4017=DIRECTION('',(1.,0.,0.));
#4018=DIRECTION('center_axis',(0.,-1.,0.));
#4019=DIRECTION('ref_axis',(-1.,0.,0.));
#4020=DIRECTION('center_axis',(0.,-1.,0.));
#4021=DIRECTION('ref_axis',(-1.,0.,0.));
#4022=DIRECTION('center_axis',(0.,-1.,0.));
#4023=DIRECTION('ref_axis',(-1.,0.,0.));
#4024=DIRECTION('',(0.,1.,0.));
#4025=DIRECTION('center_axis',(0.,1.,0.));
#4026=DIRECTION('ref_axis',(-1.,0.,0.));
#4027=DIRECTION('center_axis',(0.,1.,0.));
#4028=DIRECTION('ref_axis',(-1.,0.,0.));
#4029=DIRECTION('center_axis',(0.,-1.,0.));
#4030=DIRECTION('ref_axis',(-1.,0.,0.));
#4031=DIRECTION('center_axis',(0.,-1.,0.));
#4032=DIRECTION('ref_axis',(-1.,0.,0.));
#4033=DIRECTION('',(0.,1.,0.));
#4034=DIRECTION('center_axis',(0.,1.,0.));
#4035=DIRECTION('ref_axis',(-1.,0.,0.));
#4036=DIRECTION('center_axis',(0.,1.,0.));
#4037=DIRECTION('ref_axis',(-1.,0.,0.));
#4038=DIRECTION('',(0.,-1.,0.));
#4039=DIRECTION('center_axis',(0.,-1.,0.));
#4040=DIRECTION('ref_axis',(-1.,0.,0.));
#4041=DIRECTION('',(0.,1.,0.));
#4042=DIRECTION('center_axis',(0.,1.,0.));
#4043=DIRECTION('ref_axis',(0.,0.,1.));
#4044=DIRECTION('center_axis',(0.,1.,0.));
#4045=DIRECTION('ref_axis',(-0.707106781186548,0.,0.707106781186548));
#4046=DIRECTION('center_axis',(0.,-1.,0.));
#4047=DIRECTION('ref_axis',(-0.707106781186548,0.,0.707106781186548));
#4048=DIRECTION('center_axis',(0.,1.,0.));
#4049=DIRECTION('ref_axis',(-1.,0.,0.));
#4050=DIRECTION('',(1.,0.,0.));
#4051=DIRECTION('',(0.,0.,1.));
#4052=DIRECTION('center_axis',(0.,-1.,0.));
#4053=DIRECTION('ref_axis',(-1.,0.,0.));
#4054=DIRECTION('center_axis',(0.,-1.,0.));
#4055=DIRECTION('ref_axis',(-1.,0.,0.));
#4056=DIRECTION('center_axis',(0.,-1.,0.));
#4057=DIRECTION('ref_axis',(-1.,0.,0.));
#4058=DIRECTION('',(0.,-1.,0.));
#4059=DIRECTION('center_axis',(0.,1.,0.));
#4060=DIRECTION('ref_axis',(-1.,0.,0.));
#4061=DIRECTION('center_axis',(0.,1.,0.));
#4062=DIRECTION('ref_axis',(-1.,0.,0.));
#4063=DIRECTION('center_axis',(0.,-1.,0.));
#4064=DIRECTION('ref_axis',(-1.,0.,0.));
#4065=DIRECTION('center_axis',(0.,-1.,0.));
#4066=DIRECTION('ref_axis',(-1.,0.,0.));
#4067=DIRECTION('',(0.,-1.,0.));
#4068=DIRECTION('center_axis',(0.,1.,0.));
#4069=DIRECTION('ref_axis',(-1.,0.,0.));
#4070=DIRECTION('center_axis',(0.,1.,0.));
#4071=DIRECTION('ref_axis',(-1.,0.,0.));
#4072=DIRECTION('',(0.,-1.,0.));
#4073=DIRECTION('center_axis',(0.,-1.,0.));
#4074=DIRECTION('ref_axis',(-1.,0.,0.));
#4075=DIRECTION('',(0.,1.,0.));
#4076=DIRECTION('center_axis',(-1.,0.,0.));
#4077=DIRECTION('ref_axis',(0.,-1.,0.));
#4078=DIRECTION('',(0.,1.,0.));
#4079=DIRECTION('',(0.,0.,1.));
#4080=DIRECTION('',(0.,-1.,0.));
#4081=DIRECTION('',(0.,0.,1.));
#4082=DIRECTION('center_axis',(0.,0.,1.));
#4083=DIRECTION('ref_axis',(1.,0.,0.));
#4084=DIRECTION('',(-1.,0.,0.));
#4085=DIRECTION('',(0.,1.,0.));
#4086=DIRECTION('',(-1.,0.,0.));
#4087=DIRECTION('',(0.,1.,0.));
#4088=DIRECTION('',(-1.,0.,0.));
#4089=DIRECTION('',(0.,-1.,0.));
#4090=DIRECTION('',(-1.,0.,0.));
#4091=DIRECTION('center_axis',(0.,-1.,0.));
#4092=DIRECTION('ref_axis',(1.,0.,0.));
#4093=DIRECTION('',(1.,0.,0.));
#4094=DIRECTION('',(0.,0.,1.));
#4095=DIRECTION('center_axis',(0.,1.,0.));
#4096=DIRECTION('ref_axis',(1.,0.,0.));
#4097=DIRECTION('center_axis',(0.,-1.,0.));
#4098=DIRECTION('ref_axis',(1.,0.,0.));
#4099=DIRECTION('',(-1.,0.,0.));
#4100=DIRECTION('',(0.,0.,1.));
#4101=DIRECTION('',(1.,0.,0.));
#4102=DIRECTION('',(0.,0.,1.));
#4103=DIRECTION('center_axis',(-1.,0.,0.));
#4104=DIRECTION('ref_axis',(0.,-1.,0.));
#4105=DIRECTION('',(0.,1.,0.));
#4106=DIRECTION('',(0.,-1.,0.));
#4107=DIRECTION('',(0.,0.,1.));
#4108=DIRECTION('center_axis',(1.,0.,0.));
#4109=DIRECTION('ref_axis',(0.,1.,0.));
#4110=DIRECTION('',(0.,-1.,0.));
#4111=DIRECTION('',(0.,0.,-1.));
#4112=DIRECTION('',(0.,1.,0.));
#4113=DIRECTION('center_axis',(0.,-1.,0.));
#4114=DIRECTION('ref_axis',(1.,0.,0.));
#4115=DIRECTION('',(-1.,0.,0.));
#4116=DIRECTION('',(0.,0.,1.));
#4117=DIRECTION('',(1.,0.,0.));
#4118=DIRECTION('center_axis',(-1.,0.,0.));
#4119=DIRECTION('ref_axis',(0.,-1.,0.));
#4120=DIRECTION('',(0.,1.,0.));
#4121=DIRECTION('',(0.,0.,-1.));
#4122=DIRECTION('',(0.,-1.,0.));
#4123=DIRECTION('',(0.,0.,1.));
#4124=DIRECTION('center_axis',(0.,1.,0.));
#4125=DIRECTION('ref_axis',(-1.,0.,0.));
#4126=DIRECTION('',(1.,0.,0.));
#4127=DIRECTION('',(-1.,0.,0.));
#4128=DIRECTION('',(0.,0.,1.));
#4129=DIRECTION('center_axis',(1.,0.,0.));
#4130=DIRECTION('ref_axis',(0.,1.,0.));
#4131=DIRECTION('',(0.,-1.,0.));
#4132=DIRECTION('',(0.,1.,0.));
#4133=DIRECTION('',(0.,0.,1.));
#4134=DIRECTION('center_axis',(0.,1.,0.));
#4135=DIRECTION('ref_axis',(-1.,0.,0.));
#4136=DIRECTION('',(1.,0.,0.));
#4137=DIRECTION('',(0.,0.,1.));
#4138=DIRECTION('',(-1.,0.,0.));
#4139=DIRECTION('center_axis',(0.,0.,1.));
#4140=DIRECTION('ref_axis',(1.,0.,0.));
#4141=DIRECTION('',(-1.,0.,0.));
#4142=DIRECTION('',(5.73018335290403E-17,-1.,0.));
#4143=DIRECTION('',(1.,0.,0.));
#4144=DIRECTION('',(0.,1.,0.));
#4145=DIRECTION('center_axis',(1.,0.,0.));
#4146=DIRECTION('ref_axis',(0.,1.,0.));
#4147=DIRECTION('center_axis',(1.,0.,0.));
#4148=DIRECTION('ref_axis',(0.,1.,0.));
#4149=DIRECTION('',(1.,0.,0.));
#4150=DIRECTION('center_axis',(-1.,2.15315980533364E-16,0.));
#4151=DIRECTION('ref_axis',(0.,1.,0.));
#4152=DIRECTION('center_axis',(1.,0.,0.));
#4153=DIRECTION('ref_axis',(0.,1.,0.));
#4154=DIRECTION('center_axis',(1.,0.,0.));
#4155=DIRECTION('ref_axis',(0.,1.,0.));
#4156=DIRECTION('',(1.,0.,0.));
#4157=DIRECTION('center_axis',(-1.,-5.73018335290403E-17,0.));
#4158=DIRECTION('ref_axis',(0.,1.,0.));
#4159=DIRECTION('center_axis',(1.,0.,0.));
#4160=DIRECTION('ref_axis',(0.,1.,0.));
#4161=DIRECTION('center_axis',(1.,0.,0.));
#4162=DIRECTION('ref_axis',(0.,1.,0.));
#4163=DIRECTION('',(1.,0.,0.));
#4164=DIRECTION('center_axis',(-1.,2.15315980533364E-16,0.));
#4165=DIRECTION('ref_axis',(0.,1.,0.));
#4166=DIRECTION('center_axis',(1.,0.,0.));
#4167=DIRECTION('ref_axis',(0.,1.,0.));
#4168=DIRECTION('center_axis',(1.,0.,0.));
#4169=DIRECTION('ref_axis',(0.,1.,0.));
#4170=DIRECTION('',(1.,0.,0.));
#4171=DIRECTION('center_axis',(-1.,-5.73018335290403E-17,0.));
#4172=DIRECTION('ref_axis',(0.,1.,0.));
#4173=DIRECTION('center_axis',(1.,5.73018335290403E-17,0.));
#4174=DIRECTION('ref_axis',(-5.73018335290403E-17,1.,0.));
#4175=DIRECTION('',(0.,0.,1.));
#4176=DIRECTION('',(-5.73018335290403E-17,1.,0.));
#4177=DIRECTION('center_axis',(0.,1.,0.));
#4178=DIRECTION('ref_axis',(-1.,0.,0.));
#4179=DIRECTION('',(-1.,0.,0.));
#4180=DIRECTION('',(0.,0.,1.));
#4181=DIRECTION('center_axis',(-1.,0.,0.));
#4182=DIRECTION('ref_axis',(0.,-1.,0.));
#4183=DIRECTION('',(0.,-1.,0.));
#4184=DIRECTION('center_axis',(0.,-1.,0.));
#4185=DIRECTION('ref_axis',(1.,0.,0.));
#4186=DIRECTION('',(1.,0.,0.));
#4187=DIRECTION('center_axis',(0.,1.,0.));
#4188=DIRECTION('ref_axis',(-1.,0.,0.));
#4189=DIRECTION('',(1.,0.,0.));
#4190=DIRECTION('',(0.,0.,1.));
#4191=DIRECTION('',(-1.,0.,0.));
#4192=DIRECTION('',(0.,0.,1.));
#4193=DIRECTION('center_axis',(1.,-2.15315980533364E-16,0.));
#4194=DIRECTION('ref_axis',(2.15315980533364E-16,1.,0.));
#4195=DIRECTION('',(-2.15315980533364E-16,-1.,0.));
#4196=DIRECTION('',(2.15315980533364E-16,1.,0.));
#4197=DIRECTION('',(0.,0.,1.));
#4198=DIRECTION('center_axis',(0.,-1.,0.));
#4199=DIRECTION('ref_axis',(1.,0.,0.));
#4200=DIRECTION('',(-1.,0.,0.));
#4201=DIRECTION('',(1.,0.,0.));
#4202=DIRECTION('',(0.,0.,1.));
#4203=DIRECTION('center_axis',(-1.,0.,0.));
#4204=DIRECTION('ref_axis',(0.,-1.,0.));
#4205=DIRECTION('',(0.,1.,0.));
#4206=DIRECTION('',(0.,-1.,0.));
#4207=DIRECTION('center_axis',(0.,0.,1.));
#4208=DIRECTION('ref_axis',(1.,0.,0.));
#4209=DIRECTION('center_axis',(0.,0.,1.));
#4210=DIRECTION('ref_axis',(1.,0.,0.));
#4211=DIRECTION('',(1.,0.,0.));
#4212=DIRECTION('',(0.,-1.,0.));
#4213=DIRECTION('center_axis',(0.,-1.,0.));
#4214=DIRECTION('ref_axis',(0.,0.,1.));
#4215=DIRECTION('center_axis',(0.,-1.,0.));
#4216=DIRECTION('ref_axis',(0.707106781186548,0.,0.707106781186548));
#4217=DIRECTION('center_axis',(0.,1.,0.));
#4218=DIRECTION('ref_axis',(0.707106781186548,0.,0.707106781186548));
#4219=DIRECTION('center_axis',(0.,-1.,0.));
#4220=DIRECTION('ref_axis',(1.,0.,0.));
#4221=DIRECTION('',(0.,0.,1.));
#4222=DIRECTION('center_axis',(0.,1.,0.));
#4223=DIRECTION('ref_axis',(1.,0.,0.));
#4224=DIRECTION('center_axis',(0.,1.,0.));
#4225=DIRECTION('ref_axis',(1.,0.,0.));
#4226=DIRECTION('center_axis',(0.,1.,0.));
#4227=DIRECTION('ref_axis',(1.,0.,0.));
#4228=DIRECTION('',(0.,1.,0.));
#4229=DIRECTION('center_axis',(0.,-1.,0.));
#4230=DIRECTION('ref_axis',(1.,0.,0.));
#4231=DIRECTION('center_axis',(0.,-1.,0.));
#4232=DIRECTION('ref_axis',(1.,0.,0.));
#4233=DIRECTION('center_axis',(0.,1.,0.));
#4234=DIRECTION('ref_axis',(1.,0.,0.));
#4235=DIRECTION('center_axis',(0.,1.,0.));
#4236=DIRECTION('ref_axis',(1.,0.,0.));
#4237=DIRECTION('',(0.,1.,0.));
#4238=DIRECTION('center_axis',(0.,-1.,0.));
#4239=DIRECTION('ref_axis',(1.,0.,0.));
#4240=DIRECTION('center_axis',(0.,-1.,0.));
#4241=DIRECTION('ref_axis',(1.,0.,0.));
#4242=DIRECTION('',(0.,1.,0.));
#4243=DIRECTION('center_axis',(0.,1.,0.));
#4244=DIRECTION('ref_axis',(1.,0.,0.));
#4245=DIRECTION('center_axis',(0.,-1.,0.));
#4246=DIRECTION('ref_axis',(1.,0.,0.));
#4247=DIRECTION('',(0.,0.,1.));
#4248=DIRECTION('center_axis',(0.,1.,0.));
#4249=DIRECTION('ref_axis',(0.,0.,1.));
#4250=DIRECTION('center_axis',(0.,1.,0.));
#4251=DIRECTION('ref_axis',(0.707106781186548,0.,0.707106781186548));
#4252=DIRECTION('center_axis',(0.,-1.,0.));
#4253=DIRECTION('ref_axis',(0.707106781186548,0.,0.707106781186548));
#4254=DIRECTION('center_axis',(0.,-1.,0.));
#4255=DIRECTION('ref_axis',(1.,0.,0.));
#4256=DIRECTION('',(0.,0.,1.));
#4257=DIRECTION('center_axis',(0.,1.,0.));
#4258=DIRECTION('ref_axis',(1.,0.,0.));
#4259=DIRECTION('center_axis',(0.,1.,0.));
#4260=DIRECTION('ref_axis',(1.,0.,0.));
#4261=DIRECTION('center_axis',(0.,1.,0.));
#4262=DIRECTION('ref_axis',(1.,0.,0.));
#4263=DIRECTION('',(0.,-1.,0.));
#4264=DIRECTION('center_axis',(0.,-1.,0.));
#4265=DIRECTION('ref_axis',(1.,0.,0.));
#4266=DIRECTION('center_axis',(0.,-1.,0.));
#4267=DIRECTION('ref_axis',(1.,0.,0.));
#4268=DIRECTION('center_axis',(0.,1.,0.));
#4269=DIRECTION('ref_axis',(1.,0.,0.));
#4270=DIRECTION('center_axis',(0.,1.,0.));
#4271=DIRECTION('ref_axis',(1.,0.,0.));
#4272=DIRECTION('',(0.,-1.,0.));
#4273=DIRECTION('center_axis',(0.,-1.,0.));
#4274=DIRECTION('ref_axis',(1.,0.,0.));
#4275=DIRECTION('center_axis',(0.,-1.,0.));
#4276=DIRECTION('ref_axis',(1.,0.,0.));
#4277=DIRECTION('',(0.,-1.,0.));
#4278=DIRECTION('center_axis',(-1.,0.,0.));
#4279=DIRECTION('ref_axis',(0.,-1.,0.));
#4280=DIRECTION('axis',(0.,0.,1.));
#4281=DIRECTION('refdir',(1.,0.,0.));
#4282=DIRECTION('center_axis',(0.,-1.,0.));
#4283=DIRECTION('ref_axis',(-1.,0.,0.));
#4284=DIRECTION('center_axis',(0.,-1.,0.));
#4285=DIRECTION('ref_axis',(-1.,0.,0.));
#4286=DIRECTION('',(0.,-1.,0.));
#4287=DIRECTION('center_axis',(0.,1.,0.));
#4288=DIRECTION('ref_axis',(-1.,0.,0.));
#4289=DIRECTION('center_axis',(0.,-1.,0.));
#4290=DIRECTION('ref_axis',(-1.,0.,0.));
#4291=DIRECTION('',(0.,-1.,0.));
#4292=DIRECTION('center_axis',(0.,1.,0.));
#4293=DIRECTION('ref_axis',(-1.,0.,0.));
#4294=DIRECTION('',(0.,1.,0.));
#4295=DIRECTION('center_axis',(0.,-1.,0.));
#4296=DIRECTION('ref_axis',(-1.,0.,0.));
#4297=DIRECTION('center_axis',(0.,-1.,0.));
#4298=DIRECTION('ref_axis',(-1.,0.,0.));
#4299=DIRECTION('',(0.,-1.,0.));
#4300=DIRECTION('center_axis',(0.,1.,0.));
#4301=DIRECTION('ref_axis',(-1.,0.,0.));
#4302=DIRECTION('',(0.,1.,0.));
#4303=DIRECTION('center_axis',(0.,-1.,0.));
#4304=DIRECTION('ref_axis',(-1.,0.,0.));
#4305=DIRECTION('',(0.,-1.,0.));
#4306=DIRECTION('center_axis',(0.,1.,0.));
#4307=DIRECTION('ref_axis',(-1.,0.,0.));
#4308=DIRECTION('center_axis',(0.,-1.,0.));
#4309=DIRECTION('ref_axis',(-1.,0.,0.));
#4310=DIRECTION('',(0.,-1.,0.));
#4311=DIRECTION('center_axis',(0.,1.,0.));
#4312=DIRECTION('ref_axis',(-1.,0.,0.));
#4313=DIRECTION('center_axis',(0.,-1.,0.));
#4314=DIRECTION('ref_axis',(1.,0.,0.));
#4315=DIRECTION('',(0.,0.,1.));
#4316=DIRECTION('',(1.,0.,0.));
#4317=DIRECTION('',(0.,0.,1.));
#4318=DIRECTION('',(-1.,0.,0.));
#4319=DIRECTION('',(0.,0.,1.));
#4320=DIRECTION('center_axis',(-1.,0.,0.));
#4321=DIRECTION('ref_axis',(0.,-1.,0.));
#4322=DIRECTION('',(0.,0.,1.));
#4323=DIRECTION('',(0.,-1.,0.));
#4324=DIRECTION('center_axis',(0.,1.,0.));
#4325=DIRECTION('ref_axis',(-1.,0.,0.));
#4326=DIRECTION('',(0.,0.,1.));
#4327=DIRECTION('',(-1.,0.,0.));
#4328=DIRECTION('',(0.,0.,1.));
#4329=DIRECTION('',(-1.,0.,0.));
#4330=DIRECTION('',(0.,0.,1.));
#4331=DIRECTION('center_axis',(1.,0.,0.));
#4332=DIRECTION('ref_axis',(0.,1.,0.));
#4333=DIRECTION('',(0.,0.,1.));
#4334=DIRECTION('',(0.,1.,0.));
#4335=DIRECTION('center_axis',(0.,1.,0.));
#4336=DIRECTION('ref_axis',(-1.,0.,0.));
#4337=DIRECTION('',(0.,0.,1.));
#4338=DIRECTION('',(1.,0.,0.));
#4339=DIRECTION('',(0.,0.,1.));
#4340=DIRECTION('',(-1.,0.,0.));
#4341=DIRECTION('center_axis',(-1.,0.,0.));
#4342=DIRECTION('ref_axis',(0.,-1.,0.));
#4343=DIRECTION('',(0.,1.,0.));
#4344=DIRECTION('center_axis',(-1.,0.,0.));
#4345=DIRECTION('ref_axis',(0.,-1.,0.));
#4346=DIRECTION('',(0.,-1.,0.));
#4347=DIRECTION('',(0.,-1.,0.));
#4348=DIRECTION('',(0.,0.,1.));
#4349=DIRECTION('center_axis',(0.,1.,0.));
#4350=DIRECTION('ref_axis',(-1.,0.,0.));
#4351=DIRECTION('',(-1.,0.,0.));
#4352=DIRECTION('',(-1.,0.,0.));
#4353=DIRECTION('',(0.,0.,1.));
#4354=DIRECTION('center_axis',(1.,0.,0.));
#4355=DIRECTION('ref_axis',(0.,1.,0.));
#4356=DIRECTION('',(0.,1.,0.));
#4357=DIRECTION('',(0.,1.,0.));
#4358=DIRECTION('',(0.,0.,1.));
#4359=DIRECTION('center_axis',(0.,-1.,0.));
#4360=DIRECTION('ref_axis',(1.,0.,0.));
#4361=DIRECTION('',(0.,0.,1.));
#4362=DIRECTION('',(1.,0.,0.));
#4363=DIRECTION('',(1.,0.,0.));
#4364=DIRECTION('center_axis',(1.,0.,0.));
#4365=DIRECTION('ref_axis',(0.,1.,0.));
#4366=DIRECTION('',(0.,1.,0.));
#4367=DIRECTION('center_axis',(1.,0.,0.));
#4368=DIRECTION('ref_axis',(0.,1.,0.));
#4369=DIRECTION('',(0.,1.,0.));
#4370=DIRECTION('',(0.,1.,0.));
#4371=DIRECTION('',(0.,0.,1.));
#4372=DIRECTION('center_axis',(0.,-1.,0.));
#4373=DIRECTION('ref_axis',(1.,0.,0.));
#4374=DIRECTION('',(1.,0.,0.));
#4375=DIRECTION('',(1.,0.,0.));
#4376=DIRECTION('',(0.,0.,1.));
#4377=DIRECTION('center_axis',(-1.,0.,0.));
#4378=DIRECTION('ref_axis',(0.,-1.,0.));
#4379=DIRECTION('',(0.,-1.,0.));
#4380=DIRECTION('',(0.,-1.,0.));
#4381=DIRECTION('center_axis',(0.,0.,1.));
#4382=DIRECTION('ref_axis',(1.,0.,0.));
#4383=DIRECTION('center_axis',(0.,0.,1.));
#4384=DIRECTION('ref_axis',(1.,0.,0.));
#4385=DIRECTION('axis',(0.,0.,1.));
#4386=DIRECTION('refdir',(1.,0.,0.));
#4387=DIRECTION('center_axis',(0.,0.,-1.));
#4388=DIRECTION('ref_axis',(1.,0.,0.));
#4389=DIRECTION('',(-1.,1.40238697847388E-16,0.));
#4390=DIRECTION('',(0.,-1.,0.));
#4391=DIRECTION('',(1.,0.,0.));
#4392=DIRECTION('',(0.,-1.,0.));
#4393=DIRECTION('center_axis',(1.,0.,0.));
#4394=DIRECTION('ref_axis',(0.,0.,1.));
#4395=DIRECTION('',(0.,0.,-1.));
#4396=DIRECTION('',(0.,0.,1.));
#4397=DIRECTION('',(0.,-1.,0.));
#4398=DIRECTION('center_axis',(0.,0.,1.));
#4399=DIRECTION('ref_axis',(-1.,0.,0.));
#4400=DIRECTION('',(1.,-1.40238697847388E-16,0.));
#4401=DIRECTION('',(-1.,0.,0.));
#4402=DIRECTION('',(0.,-1.,0.));
#4403=DIRECTION('center_axis',(-1.,0.,0.));
#4404=DIRECTION('ref_axis',(0.,0.,-1.));
#4405=DIRECTION('',(0.,0.,1.));
#4406=DIRECTION('',(0.,0.,-1.));
#4407=DIRECTION('center_axis',(0.,-1.,0.));
#4408=DIRECTION('ref_axis',(0.,0.,-1.));
#4409=DIRECTION('',(0.,0.,1.));
#4410=DIRECTION('',(-1.,0.,0.));
#4411=DIRECTION('',(0.,0.,-1.));
#4412=DIRECTION('',(1.,0.,0.));
#4413=DIRECTION('center_axis',(1.,0.,0.));
#4414=DIRECTION('ref_axis',(0.,1.,0.));
#4415=DIRECTION('',(0.,-1.,0.));
#4416=DIRECTION('',(0.,0.,1.));
#4417=DIRECTION('',(0.,1.,0.));
#4418=DIRECTION('',(0.,0.,1.));
#4419=DIRECTION('center_axis',(0.,1.,0.));
#4420=DIRECTION('ref_axis',(-1.,0.,0.));
#4421=DIRECTION('',(1.,0.,0.));
#4422=DIRECTION('',(-1.,0.,0.));
#4423=DIRECTION('',(0.,0.,1.));
#4424=DIRECTION('center_axis',(-1.,0.,0.));
#4425=DIRECTION('ref_axis',(0.,-1.,0.));
#4426=DIRECTION('',(0.,1.,0.));
#4427=DIRECTION('',(0.,-1.,0.));
#4428=DIRECTION('',(0.,0.,1.));
#4429=DIRECTION('center_axis',(0.,-1.,0.));
#4430=DIRECTION('ref_axis',(1.,0.,0.));
#4431=DIRECTION('',(-1.,0.,0.));
#4432=DIRECTION('',(1.,0.,0.));
#4433=DIRECTION('',(0.,0.,1.));
#4434=DIRECTION('center_axis',(-1.,0.,0.));
#4435=DIRECTION('ref_axis',(0.,-1.,0.));
#4436=DIRECTION('',(0.,1.,0.));
#4437=DIRECTION('',(0.,-1.,0.));
#4438=DIRECTION('',(0.,0.,1.));
#4439=DIRECTION('center_axis',(-4.55476112666731E-16,1.,0.));
#4440=DIRECTION('ref_axis',(-1.,-4.55476112666731E-16,0.));
#4441=DIRECTION('',(1.,4.55476112666731E-16,0.));
#4442=DIRECTION('',(-1.,-4.55476112666731E-16,0.));
#4443=DIRECTION('',(0.,0.,1.));
#4444=DIRECTION('center_axis',(1.,0.,0.));
#4445=DIRECTION('ref_axis',(0.,1.,0.));
#4446=DIRECTION('',(0.,-1.,0.));
#4447=DIRECTION('',(0.,-1.,0.));
#4448=DIRECTION('center_axis',(-1.40238697847388E-16,-1.,0.));
#4449=DIRECTION('ref_axis',(1.,-1.40238697847388E-16,0.));
#4450=DIRECTION('center_axis',(-1.,3.33233948362364E-17,0.));
#4451=DIRECTION('ref_axis',(-3.33233948362364E-17,-1.,0.));
#4452=DIRECTION('',(3.33233948362364E-17,1.,0.));
#4453=DIRECTION('',(-3.33233948362364E-17,-1.,0.));
#4454=DIRECTION('',(0.,0.,1.));
#4455=DIRECTION('center_axis',(0.,1.,0.));
#4456=DIRECTION('ref_axis',(-1.,0.,0.));
#4457=DIRECTION('',(1.,0.,0.));
#4458=DIRECTION('',(-1.,0.,0.));
#4459=DIRECTION('',(0.,0.,1.));
#4460=DIRECTION('center_axis',(1.,-9.65411325761006E-17,0.));
#4461=DIRECTION('ref_axis',(9.65411325761006E-17,1.,0.));
#4462=DIRECTION('',(-9.65411325761006E-17,-1.,0.));
#4463=DIRECTION('',(9.65411325761006E-17,1.,0.));
#4464=DIRECTION('',(0.,0.,1.));
#4465=DIRECTION('center_axis',(0.,-1.,0.));
#4466=DIRECTION('ref_axis',(1.,0.,0.));
#4467=DIRECTION('',(-1.,0.,0.));
#4468=DIRECTION('',(1.,0.,0.));
#4469=DIRECTION('center_axis',(0.,0.,1.));
#4470=DIRECTION('ref_axis',(1.,0.,0.));
#4471=DIRECTION('center_axis',(0.,0.,1.));
#4472=DIRECTION('ref_axis',(1.,0.,0.));
#4473=DIRECTION('axis',(0.,0.,1.));
#4474=DIRECTION('refdir',(1.,0.,0.));
#4475=DIRECTION('center_axis',(0.,1.,0.));
#4476=DIRECTION('ref_axis',(0.,0.,1.));
#4477=DIRECTION('',(0.,0.,1.));
#4478=DIRECTION('',(1.,0.,0.));
#4479=DIRECTION('',(0.,0.,1.));
#4480=DIRECTION('',(1.,0.,0.));
#4481=DIRECTION('center_axis',(0.,0.,1.));
#4482=DIRECTION('ref_axis',(0.,-1.,0.));
#4483=DIRECTION('',(0.,-1.,0.));
#4484=DIRECTION('',(0.,-1.,0.));
#4485=DIRECTION('',(1.,0.,0.));
#4486=DIRECTION('center_axis',(0.,-1.,0.));
#4487=DIRECTION('ref_axis',(0.,0.,-1.));
#4488=DIRECTION('',(0.,0.,-1.));
#4489=DIRECTION('',(0.,0.,-1.));
#4490=DIRECTION('',(1.,0.,0.));
#4491=DIRECTION('center_axis',(0.,0.,-1.));
#4492=DIRECTION('ref_axis',(0.,1.,0.));
#4493=DIRECTION('',(0.,1.,0.));
#4494=DIRECTION('',(0.,1.,0.));
#4495=DIRECTION('center_axis',(0.,1.,0.));
#4496=DIRECTION('ref_axis',(0.,0.,1.));
#4497=DIRECTION('',(0.,0.,-1.));
#4498=DIRECTION('',(1.,0.,0.));
#4499=DIRECTION('',(0.,0.,1.));
#4500=DIRECTION('',(1.,0.,0.));
#4501=DIRECTION('center_axis',(0.,0.,-1.));
#4502=DIRECTION('ref_axis',(0.,1.,0.));
#4503=DIRECTION('',(0.,-1.,0.));
#4504=DIRECTION('',(0.,1.,0.));
#4505=DIRECTION('',(1.,0.,0.));
#4506=DIRECTION('center_axis',(0.,-1.,0.));
#4507=DIRECTION('ref_axis',(0.,0.,-1.));
#4508=DIRECTION('',(0.,0.,1.));
#4509=DIRECTION('',(0.,0.,-1.));
#4510=DIRECTION('',(1.,0.,0.));
#4511=DIRECTION('center_axis',(0.,0.,1.));
#4512=DIRECTION('ref_axis',(0.,-1.,0.));
#4513=DIRECTION('',(0.,1.,0.));
#4514=DIRECTION('',(0.,-1.,0.));
#4515=DIRECTION('center_axis',(1.,0.,0.));
#4516=DIRECTION('ref_axis',(0.,0.,-1.));
#4517=DIRECTION('center_axis',(1.,0.,0.));
#4518=DIRECTION('ref_axis',(0.,1.,0.));
#4519=DIRECTION('axis',(0.,0.,1.));
#4520=DIRECTION('refdir',(1.,0.,0.));
#4521=DIRECTION('center_axis',(0.,1.,0.));
#4522=DIRECTION('ref_axis',(0.,0.,1.));
#4523=DIRECTION('',(0.,0.,1.));
#4524=DIRECTION('',(1.,0.,0.));
#4525=DIRECTION('',(0.,0.,1.));
#4526=DIRECTION('',(1.,0.,0.));
#4527=DIRECTION('center_axis',(0.,0.,1.));
#4528=DIRECTION('ref_axis',(0.,-1.,0.));
#4529=DIRECTION('',(0.,-1.,0.));
#4530=DIRECTION('',(0.,-1.,0.));
#4531=DIRECTION('',(1.,0.,0.));
#4532=DIRECTION('center_axis',(0.,-1.,0.));
#4533=DIRECTION('ref_axis',(0.,0.,-1.));
#4534=DIRECTION('',(0.,0.,-1.));
#4535=DIRECTION('',(0.,0.,-1.));
#4536=DIRECTION('',(1.,0.,0.));
#4537=DIRECTION('center_axis',(0.,0.,-1.));
#4538=DIRECTION('ref_axis',(0.,1.,0.));
#4539=DIRECTION('',(0.,1.,0.));
#4540=DIRECTION('',(0.,1.,0.));
#4541=DIRECTION('center_axis',(0.,1.,0.));
#4542=DIRECTION('ref_axis',(0.,0.,1.));
#4543=DIRECTION('',(0.,0.,-1.));
#4544=DIRECTION('',(1.,0.,0.));
#4545=DIRECTION('',(0.,0.,1.));
#4546=DIRECTION('',(1.,0.,0.));
#4547=DIRECTION('center_axis',(0.,0.,-1.));
#4548=DIRECTION('ref_axis',(0.,1.,0.));
#4549=DIRECTION('',(0.,-1.,0.));
#4550=DIRECTION('',(0.,1.,0.));
#4551=DIRECTION('',(1.,0.,0.));
#4552=DIRECTION('center_axis',(0.,-1.,0.));
#4553=DIRECTION('ref_axis',(0.,0.,-1.));
#4554=DIRECTION('',(0.,0.,1.));
#4555=DIRECTION('',(0.,0.,-1.));
#4556=DIRECTION('',(1.,0.,0.));
#4557=DIRECTION('center_axis',(0.,0.,1.));
#4558=DIRECTION('ref_axis',(0.,-1.,0.));
#4559=DIRECTION('',(0.,1.,0.));
#4560=DIRECTION('',(0.,-1.,0.));
#4561=DIRECTION('center_axis',(1.,0.,0.));
#4562=DIRECTION('ref_axis',(0.,0.,-1.));
#4563=DIRECTION('center_axis',(1.,0.,0.));
#4564=DIRECTION('ref_axis',(0.,1.,0.));
#4565=DIRECTION('axis',(0.,0.,1.));
#4566=DIRECTION('refdir',(1.,0.,0.));
#4567=DIRECTION('center_axis',(0.,0.,-1.));
#4568=DIRECTION('ref_axis',(1.,0.,0.));
#4569=DIRECTION('',(-1.,0.,0.));
#4570=DIRECTION('',(0.,-1.,0.));
#4571=DIRECTION('',(1.,0.,0.));
#4572=DIRECTION('',(0.,-1.,0.));
#4573=DIRECTION('center_axis',(-1.,0.,0.));
#4574=DIRECTION('ref_axis',(0.,0.,-1.));
#4575=DIRECTION('',(0.,0.,1.));
#4576=DIRECTION('',(0.,0.,-1.));
#4577=DIRECTION('',(0.,-1.,0.));
#4578=DIRECTION('center_axis',(0.,0.,1.));
#4579=DIRECTION('ref_axis',(-1.,0.,0.));
#4580=DIRECTION('',(1.,0.,0.));
#4581=DIRECTION('',(-1.,0.,0.));
#4582=DIRECTION('',(0.,1.,0.));
#4583=DIRECTION('center_axis',(-1.,0.,0.));
#4584=DIRECTION('ref_axis',(0.,0.,-1.));
#4585=DIRECTION('',(0.,0.,1.));
#4586=DIRECTION('',(0.,-1.,0.));
#4587=DIRECTION('',(0.,0.,-1.));
#4588=DIRECTION('',(0.,-1.,0.));
#4589=DIRECTION('center_axis',(0.,-1.,0.));
#4590=DIRECTION('ref_axis',(-1.,0.,0.));
#4591=DIRECTION('center_axis',(0.,1.,0.));
#4592=DIRECTION('ref_axis',(-1.,0.,0.));
#4593=DIRECTION('center_axis',(0.,-1.,0.));
#4594=DIRECTION('ref_axis',(-1.,0.,0.));
#4595=DIRECTION('',(0.,-1.,0.));
#4596=DIRECTION('center_axis',(1.,0.,0.));
#4597=DIRECTION('ref_axis',(0.,0.,1.));
#4598=DIRECTION('',(0.,0.,-1.));
#4599=DIRECTION('',(0.,0.,1.));
#4600=DIRECTION('',(0.,-1.,0.));
#4601=DIRECTION('center_axis',(0.,-1.,0.));
#4602=DIRECTION('ref_axis',(1.,0.,0.));
#4603=DIRECTION('center_axis',(0.,1.,0.));
#4604=DIRECTION('ref_axis',(1.,0.,0.));
#4605=DIRECTION('center_axis',(0.,-1.,0.));
#4606=DIRECTION('ref_axis',(1.,0.,0.));
#4607=DIRECTION('center_axis',(1.,0.,0.));
#4608=DIRECTION('ref_axis',(0.,0.,-1.));
#4609=DIRECTION('',(0.,0.,-1.));
#4610=DIRECTION('',(0.,1.,0.));
#4611=DIRECTION('',(0.,0.,1.));
#4612=DIRECTION('center_axis',(0.,1.,0.));
#4613=DIRECTION('ref_axis',(0.,0.,1.));
#4614=DIRECTION('',(1.,0.,0.));
#4615=DIRECTION('',(0.,0.,-1.));
#4616=DIRECTION('',(1.,0.,0.));
#4617=DIRECTION('',(0.,0.,1.));
#4618=DIRECTION('center_axis',(1.,0.,0.));
#4619=DIRECTION('ref_axis',(0.,1.,0.));
#4620=DIRECTION('',(0.,0.,1.));
#4621=DIRECTION('',(0.,1.,0.));
#4622=DIRECTION('',(0.,0.,-1.));
#4623=DIRECTION('',(0.,-1.,0.));
#4624=DIRECTION('center_axis',(1.,0.,0.));
#4625=DIRECTION('ref_axis',(0.,1.,0.));
#4626=DIRECTION('',(0.,0.,-1.));
#4627=DIRECTION('',(0.,-1.,0.));
#4628=DIRECTION('',(0.,0.,1.));
#4629=DIRECTION('',(0.,1.,0.));
#4630=DIRECTION('center_axis',(1.,0.,0.));
#4631=DIRECTION('ref_axis',(0.,1.,0.));
#4632=DIRECTION('',(0.,0.,1.));
#4633=DIRECTION('',(0.,1.,0.));
#4634=DIRECTION('',(0.,-1.,0.));
#4635=DIRECTION('center_axis',(0.,-1.,0.));
#4636=DIRECTION('ref_axis',(0.,0.,-1.));
#4637=DIRECTION('',(0.,0.,-1.));
#4638=DIRECTION('',(1.,0.,0.));
#4639=DIRECTION('',(1.,0.,0.));
#4640=DIRECTION('center_axis',(1.,0.,0.));
#4641=DIRECTION('ref_axis',(0.,0.,-1.));
#4642=DIRECTION('',(0.,-1.,0.));
#4643=DIRECTION('center_axis',(0.,0.,1.));
#4644=DIRECTION('ref_axis',(0.,-1.,0.));
#4645=DIRECTION('',(1.,0.,0.));
#4646=DIRECTION('',(0.,1.,0.));
#4647=DIRECTION('',(1.,0.,0.));
#4648=DIRECTION('center_axis',(0.,1.,0.));
#4649=DIRECTION('ref_axis',(0.,0.,1.));
#4650=DIRECTION('',(0.,0.,1.));
#4651=DIRECTION('',(1.,0.,0.));
#4652=DIRECTION('',(1.,0.,0.));
#4653=DIRECTION('center_axis',(0.,0.,1.));
#4654=DIRECTION('ref_axis',(0.,-1.,0.));
#4655=DIRECTION('',(0.,-1.,0.));
#4656=DIRECTION('',(1.,0.,0.));
#4657=DIRECTION('center_axis',(0.,-1.,0.));
#4658=DIRECTION('ref_axis',(0.,0.,-1.));
#4659=DIRECTION('',(0.,0.,-1.));
#4660=DIRECTION('',(1.,0.,0.));
#4661=DIRECTION('center_axis',(0.,0.,-1.));
#4662=DIRECTION('ref_axis',(0.,1.,0.));
#4663=DIRECTION('',(0.,1.,0.));
#4664=DIRECTION('center_axis',(0.,1.,0.));
#4665=DIRECTION('ref_axis',(0.,0.,1.));
#4666=DIRECTION('',(0.,0.,-1.));
#4667=DIRECTION('',(1.,0.,0.));
#4668=DIRECTION('center_axis',(0.,0.,-1.));
#4669=DIRECTION('ref_axis',(0.,1.,0.));
#4670=DIRECTION('',(1.,0.,0.));
#4671=DIRECTION('',(0.,-1.,0.));
#4672=DIRECTION('center_axis',(0.,-1.,0.));
#4673=DIRECTION('ref_axis',(0.,0.,-1.));
#4674=DIRECTION('',(0.,0.,1.));
#4675=DIRECTION('center_axis',(1.,0.,0.));
#4676=DIRECTION('ref_axis',(0.,1.,0.));
#4677=DIRECTION('axis',(0.,0.,1.));
#4678=DIRECTION('refdir',(1.,0.,0.));
#4679=DIRECTION('center_axis',(1.,0.,0.));
#4680=DIRECTION('ref_axis',(0.,1.,0.));
#4681=DIRECTION('',(0.,1.,0.));
#4682=DIRECTION('',(0.,0.,-1.));
#4683=DIRECTION('',(0.,-1.,0.));
#4684=DIRECTION('',(0.,0.,1.));
#4685=DIRECTION('',(0.,-1.,0.));
#4686=DIRECTION('',(0.,0.,-1.));
#4687=DIRECTION('',(0.,1.,0.));
#4688=DIRECTION('',(0.,0.,1.));
#4689=DIRECTION('center_axis',(0.,1.,0.));
#4690=DIRECTION('ref_axis',(0.,0.,1.));
#4691=DIRECTION('',(1.,0.,0.));
#4692=DIRECTION('',(0.,0.,1.));
#4693=DIRECTION('',(1.,0.,0.));
#4694=DIRECTION('center_axis',(0.,0.,-1.));
#4695=DIRECTION('ref_axis',(0.,1.,0.));
#4696=DIRECTION('',(0.,1.,0.));
#4697=DIRECTION('',(1.,0.,0.));
#4698=DIRECTION('center_axis',(0.,-1.,0.));
#4699=DIRECTION('ref_axis',(0.,0.,-1.));
#4700=DIRECTION('',(0.,0.,-1.));
#4701=DIRECTION('',(1.,0.,0.));
#4702=DIRECTION('center_axis',(0.,0.,1.));
#4703=DIRECTION('ref_axis',(0.,-1.,0.));
#4704=DIRECTION('',(0.,-1.,0.));
#4705=DIRECTION('center_axis',(1.,0.,0.));
#4706=DIRECTION('ref_axis',(0.,0.,-1.));
#4707=DIRECTION('center_axis',(0.,0.,1.));
#4708=DIRECTION('ref_axis',(0.,-1.,0.));
#4709=DIRECTION('',(0.,1.,0.));
#4710=DIRECTION('',(1.,0.,0.));
#4711=DIRECTION('',(1.,0.,0.));
#4712=DIRECTION('center_axis',(0.,1.,0.));
#4713=DIRECTION('ref_axis',(0.,0.,1.));
#4714=DIRECTION('',(0.,0.,-1.));
#4715=DIRECTION('',(1.,0.,0.));
#4716=DIRECTION('center_axis',(0.,0.,-1.));
#4717=DIRECTION('ref_axis',(0.,1.,0.));
#4718=DIRECTION('',(0.,-1.,0.));
#4719=DIRECTION('',(1.,0.,0.));
#4720=DIRECTION('center_axis',(1.,0.,0.));
#4721=DIRECTION('ref_axis',(0.,0.,-1.));
#4722=DIRECTION('',(0.,0.,-1.));
#4723=DIRECTION('',(0.,1.,0.));
#4724=DIRECTION('',(0.,0.,-1.));
#4725=DIRECTION('',(0.,1.,0.));
#4726=DIRECTION('',(0.,0.,-1.));
#4727=DIRECTION('center_axis',(-1.,0.,0.));
#4728=DIRECTION('ref_axis',(0.,0.,1.));
#4729=DIRECTION('',(0.,0.,1.));
#4730=DIRECTION('',(0.,1.,0.));
#4731=DIRECTION('',(0.,0.,1.));
#4732=DIRECTION('',(0.,1.,0.));
#4733=DIRECTION('center_axis',(0.,1.,0.));
#4734=DIRECTION('ref_axis',(1.,0.,0.));
#4735=DIRECTION('center_axis',(0.,1.,0.));
#4736=DIRECTION('ref_axis',(1.,0.,0.));
#4737=DIRECTION('center_axis',(0.,1.,0.));
#4738=DIRECTION('ref_axis',(1.,0.,0.));
#4739=DIRECTION('center_axis',(0.,1.,0.));
#4740=DIRECTION('ref_axis',(-1.,0.,0.));
#4741=DIRECTION('center_axis',(0.,1.,0.));
#4742=DIRECTION('ref_axis',(-1.,0.,0.));
#4743=DIRECTION('center_axis',(0.,1.,0.));
#4744=DIRECTION('ref_axis',(-1.,0.,0.));
#4745=DIRECTION('center_axis',(0.,1.,0.));
#4746=DIRECTION('ref_axis',(1.,0.,0.));
#4747=DIRECTION('center_axis',(0.,1.,0.));
#4748=DIRECTION('ref_axis',(1.,0.,0.));
#4749=DIRECTION('axis',(0.,0.,1.));
#4750=DIRECTION('refdir',(1.,0.,0.));
#4751=DIRECTION('center_axis',(1.,0.,0.));
#4752=DIRECTION('ref_axis',(0.,0.,-1.));
#4753=DIRECTION('',(0.,1.,0.));
#4754=DIRECTION('',(0.,0.,1.));
#4755=DIRECTION('',(0.,-1.,0.));
#4756=DIRECTION('',(0.,0.,-1.));
#4757=DIRECTION('center_axis',(1.,0.,0.));
#4758=DIRECTION('ref_axis',(0.,1.,0.));
#4759=DIRECTION('',(0.,1.,0.));
#4760=DIRECTION('',(0.,0.,-1.));
#4761=DIRECTION('',(0.,-1.,0.));
#4762=DIRECTION('',(0.,0.,1.));
#4763=DIRECTION('',(0.,-1.,0.));
#4764=DIRECTION('',(0.,0.,-1.));
#4765=DIRECTION('',(0.,1.,0.));
#4766=DIRECTION('',(0.,0.,1.));
#4767=DIRECTION('center_axis',(0.,1.,0.));
#4768=DIRECTION('ref_axis',(0.,0.,1.));
#4769=DIRECTION('',(1.,0.,0.));
#4770=DIRECTION('',(1.,0.,0.));
#4771=DIRECTION('center_axis',(0.,0.,-1.));
#4772=DIRECTION('ref_axis',(0.,1.,0.));
#4773=DIRECTION('',(1.,0.,0.));
#4774=DIRECTION('center_axis',(0.,-1.,0.));
#4775=DIRECTION('ref_axis',(0.,0.,-1.));
#4776=DIRECTION('',(1.,0.,0.));
#4777=DIRECTION('center_axis',(0.,0.,1.));
#4778=DIRECTION('ref_axis',(0.,-1.,0.));
#4779=DIRECTION('center_axis',(0.,0.,1.));
#4780=DIRECTION('ref_axis',(0.,-1.,0.));
#4781=DIRECTION('',(0.,1.,0.));
#4782=DIRECTION('',(1.,0.,0.));
#4783=DIRECTION('',(1.,0.,0.));
#4784=DIRECTION('center_axis',(0.,1.,0.));
#4785=DIRECTION('ref_axis',(0.,0.,1.));
#4786=DIRECTION('',(0.,0.,-1.));
#4787=DIRECTION('',(1.,0.,0.));
#4788=DIRECTION('center_axis',(0.,0.,-1.));
#4789=DIRECTION('ref_axis',(0.,1.,0.));
#4790=DIRECTION('',(0.,-1.,0.));
#4791=DIRECTION('',(1.,0.,0.));
#4792=DIRECTION('center_axis',(1.,0.,0.));
#4793=DIRECTION('ref_axis',(0.,0.,-1.));
#4794=DIRECTION('',(0.,0.,-1.));
#4795=DIRECTION('',(0.,1.,0.));
#4796=DIRECTION('',(0.,0.,-1.));
#4797=DIRECTION('',(0.,1.,0.));
#4798=DIRECTION('',(0.,0.,-1.));
#4799=DIRECTION('center_axis',(-1.,0.,0.));
#4800=DIRECTION('ref_axis',(0.,0.,1.));
#4801=DIRECTION('',(0.,0.,1.));
#4802=DIRECTION('',(0.,1.,0.));
#4803=DIRECTION('',(0.,0.,1.));
#4804=DIRECTION('',(0.,1.,0.));
#4805=DIRECTION('center_axis',(0.,1.,0.));
#4806=DIRECTION('ref_axis',(1.,0.,0.));
#4807=DIRECTION('center_axis',(0.,1.,0.));
#4808=DIRECTION('ref_axis',(1.,0.,0.));
#4809=DIRECTION('center_axis',(0.,1.,0.));
#4810=DIRECTION('ref_axis',(1.,0.,0.));
#4811=DIRECTION('center_axis',(0.,1.,0.));
#4812=DIRECTION('ref_axis',(-1.,0.,0.));
#4813=DIRECTION('center_axis',(0.,1.,0.));
#4814=DIRECTION('ref_axis',(-1.,0.,0.));
#4815=DIRECTION('center_axis',(0.,1.,0.));
#4816=DIRECTION('ref_axis',(-1.,0.,0.));
#4817=DIRECTION('center_axis',(0.,1.,0.));
#4818=DIRECTION('ref_axis',(1.,0.,0.));
#4819=DIRECTION('center_axis',(0.,1.,0.));
#4820=DIRECTION('ref_axis',(1.,0.,0.));
#4821=DIRECTION('axis',(0.,0.,1.));
#4822=DIRECTION('refdir',(1.,0.,0.));
#4823=DIRECTION('center_axis',(1.,0.,0.));
#4824=DIRECTION('ref_axis',(0.,0.,-1.));
#4825=DIRECTION('',(0.,1.,0.));
#4826=DIRECTION('',(0.,0.,1.));
#4827=DIRECTION('',(0.,-1.,0.));
#4828=DIRECTION('',(0.,0.,-1.));
#4829=DIRECTION('center_axis',(1.,0.,0.));
#4830=DIRECTION('ref_axis',(0.,1.,0.));
#4831=DIRECTION('',(0.,1.,0.));
#4832=DIRECTION('',(0.,-1.01506105108586E-15,-1.));
#4833=DIRECTION('',(0.,-1.,0.));
#4834=DIRECTION('',(0.,0.,1.));
#4835=DIRECTION('',(0.,1.,0.));
#4836=DIRECTION('',(0.,0.,1.));
#4837=DIRECTION('',(0.,-1.,0.));
#4838=DIRECTION('',(0.,0.,-1.));
#4839=DIRECTION('center_axis',(0.,1.,-1.01506105108586E-15));
#4840=DIRECTION('ref_axis',(0.,1.01506105108586E-15,1.));
#4841=DIRECTION('',(1.,0.,0.));
#4842=DIRECTION('',(1.,0.,0.));
#4843=DIRECTION('center_axis',(0.,0.,-1.));
#4844=DIRECTION('ref_axis',(0.,1.,0.));
#4845=DIRECTION('',(1.,0.,0.));
#4846=DIRECTION('center_axis',(0.,-1.,0.));
#4847=DIRECTION('ref_axis',(0.,0.,-1.));
#4848=DIRECTION('',(1.,0.,0.));
#4849=DIRECTION('center_axis',(0.,0.,1.));
#4850=DIRECTION('ref_axis',(0.,-1.,0.));
#4851=DIRECTION('center_axis',(0.,0.,-1.));
#4852=DIRECTION('ref_axis',(0.,1.,0.));
#4853=DIRECTION('',(0.,-1.,0.));
#4854=DIRECTION('',(1.,0.,0.));
#4855=DIRECTION('',(1.,0.,0.));
#4856=DIRECTION('center_axis',(0.,-1.,0.));
#4857=DIRECTION('ref_axis',(0.,0.,-1.));
#4858=DIRECTION('',(0.,0.,1.));
#4859=DIRECTION('',(1.,0.,0.));
#4860=DIRECTION('center_axis',(0.,0.,1.));
#4861=DIRECTION('ref_axis',(0.,-1.,0.));
#4862=DIRECTION('',(0.,1.,0.));
#4863=DIRECTION('',(1.,0.,0.));
#4864=DIRECTION('center_axis',(1.,0.,0.));
#4865=DIRECTION('ref_axis',(0.,0.,-1.));
#4866=DIRECTION('',(0.,0.,-1.));
#4867=DIRECTION('',(0.,1.,0.));
#4868=DIRECTION('',(0.,0.,-1.));
#4869=DIRECTION('',(0.,1.,0.));
#4870=DIRECTION('',(0.,0.,-1.));
#4871=DIRECTION('center_axis',(0.,1.,0.));
#4872=DIRECTION('ref_axis',(-1.,0.,0.));
#4873=DIRECTION('center_axis',(0.,1.,0.));
#4874=DIRECTION('ref_axis',(-1.,0.,0.));
#4875=DIRECTION('center_axis',(0.,1.,0.));
#4876=DIRECTION('ref_axis',(-1.,0.,0.));
#4877=DIRECTION('',(0.,1.,0.));
#4878=DIRECTION('center_axis',(-1.,0.,0.));
#4879=DIRECTION('ref_axis',(0.,0.,1.));
#4880=DIRECTION('',(0.,0.,1.));
#4881=DIRECTION('',(0.,0.,1.));
#4882=DIRECTION('',(0.,1.,0.));
#4883=DIRECTION('center_axis',(0.,1.,0.));
#4884=DIRECTION('ref_axis',(1.,0.,0.));
#4885=DIRECTION('center_axis',(0.,1.,0.));
#4886=DIRECTION('ref_axis',(1.,0.,0.));
#4887=DIRECTION('center_axis',(0.,1.,0.));
#4888=DIRECTION('ref_axis',(1.,0.,0.));
#4889=DIRECTION('center_axis',(0.,1.,0.));
#4890=DIRECTION('ref_axis',(1.,0.,0.));
#4891=DIRECTION('center_axis',(0.,1.,0.));
#4892=DIRECTION('ref_axis',(1.,0.,0.));
#4893=DIRECTION('axis',(0.,0.,1.));
#4894=DIRECTION('refdir',(1.,0.,0.));
#4895=DIRECTION('center_axis',(0.,0.,1.));
#4896=DIRECTION('ref_axis',(-1.,0.,0.));
#4897=DIRECTION('center_axis',(0.,0.,1.));
#4898=DIRECTION('ref_axis',(-1.,0.,0.));
#4899=DIRECTION('',(0.,0.,-1.));
#4900=DIRECTION('center_axis',(0.,0.,-1.));
#4901=DIRECTION('ref_axis',(-1.,0.,0.));
#4902=DIRECTION('center_axis',(0.,0.,1.));
#4903=DIRECTION('ref_axis',(-1.,0.,0.));
#4904=DIRECTION('center_axis',(0.,0.,1.));
#4905=DIRECTION('ref_axis',(-1.,0.,0.));
#4906=DIRECTION('center_axis',(0.,0.,1.));
#4907=DIRECTION('ref_axis',(-1.,0.,0.));
#4908=DIRECTION('',(0.,0.,-1.));
#4909=DIRECTION('center_axis',(0.,0.,-1.));
#4910=DIRECTION('ref_axis',(-1.,0.,0.));
#4911=DIRECTION('center_axis',(0.,0.,1.));
#4912=DIRECTION('ref_axis',(-1.,0.,0.));
#4913=DIRECTION('center_axis',(0.,0.,1.));
#4914=DIRECTION('ref_axis',(-1.,0.,0.));
#4915=DIRECTION('center_axis',(0.,0.,1.));
#4916=DIRECTION('ref_axis',(-1.,0.,0.));
#4917=DIRECTION('',(0.,0.,-1.));
#4918=DIRECTION('center_axis',(0.,0.,-1.));
#4919=DIRECTION('ref_axis',(-1.,0.,0.));
#4920=DIRECTION('center_axis',(0.,0.,1.));
#4921=DIRECTION('ref_axis',(-1.,0.,0.));
#4922=DIRECTION('center_axis',(0.,0.,1.));
#4923=DIRECTION('ref_axis',(-1.,0.,0.));
#4924=DIRECTION('center_axis',(0.,0.,1.));
#4925=DIRECTION('ref_axis',(-1.,0.,0.));
#4926=DIRECTION('',(0.,0.,-1.));
#4927=DIRECTION('center_axis',(0.,0.,-1.));
#4928=DIRECTION('ref_axis',(-1.,0.,0.));
#4929=DIRECTION('center_axis',(0.,0.,1.));
#4930=DIRECTION('ref_axis',(-1.,0.,0.));
#4931=DIRECTION('center_axis',(-1.,0.,0.));
#4932=DIRECTION('ref_axis',(0.,-1.,0.));
#4933=DIRECTION('',(0.,1.,0.));
#4934=DIRECTION('',(0.,0.,1.));
#4935=DIRECTION('',(0.,-1.,0.));
#4936=DIRECTION('',(0.,0.,1.));
#4937=DIRECTION('center_axis',(0.,1.,0.));
#4938=DIRECTION('ref_axis',(-1.,0.,0.));
#4939=DIRECTION('',(1.,0.,0.));
#4940=DIRECTION('',(-1.,0.,0.));
#4941=DIRECTION('',(0.,0.,1.));
#4942=DIRECTION('center_axis',(1.,0.,0.));
#4943=DIRECTION('ref_axis',(0.,1.,0.));
#4944=DIRECTION('',(0.,-1.,0.));
#4945=DIRECTION('',(0.,1.,0.));
#4946=DIRECTION('',(0.,0.,1.));
#4947=DIRECTION('center_axis',(0.,-1.,0.));
#4948=DIRECTION('ref_axis',(1.,0.,0.));
#4949=DIRECTION('',(-1.,0.,0.));
#4950=DIRECTION('',(1.,0.,0.));
#4951=DIRECTION('center_axis',(0.,0.,1.));
#4952=DIRECTION('ref_axis',(1.,0.,0.));
#4953=DIRECTION('center_axis',(0.,0.,1.));
#4954=DIRECTION('ref_axis',(1.,0.,0.));
#4955=DIRECTION('',(0.,0.,1.));
#4956=DIRECTION('',(1.,0.,0.));
#4957=DIRECTION('',(0.,6.12323399573677E-17,1.));
#4958=DIRECTION('',(2.50494069931051E-14,-1.,6.12323399573677E-17));
#4959=DIRECTION('',(4.97899625051463E-17,1.60812264967663E-16,1.));
#4960=DIRECTION('',(6.28091668821383E-15,1.,-1.60812264967663E-16));
#4961=DIRECTION('',(0.,0.,1.));
#4962=DIRECTION('',(1.,0.,0.));
#4963=DIRECTION('',(-1.22464679914737E-16,-1.22464679914736E-16,1.));
#4964=DIRECTION('',(1.,3.95773819238637E-31,1.22464679914737E-16));
#4965=DIRECTION('',(-1.83697019872098E-16,-1.83697019872106E-16,1.));
#4966=DIRECTION('',(1.,2.50494069931051E-14,1.83697019872102E-16));
#4967=DIRECTION('',(-2.44929359829466E-16,-2.44929359829475E-16,1.));
#4968=DIRECTION('',(1.,2.50494069931051E-14,2.44929359829472E-16));
#4969=DIRECTION('',(0.,0.,1.));
#4970=DIRECTION('',(1.,0.,0.));
#4971=DIRECTION('',(0.,0.,1.));
#4972=DIRECTION('',(1.,0.,0.));
#4973=DIRECTION('',(0.,0.,1.));
#4974=DIRECTION('',(1.,0.,0.));
#4975=DIRECTION('',(0.,0.,1.));
#4976=DIRECTION('',(1.,0.,0.));
#4977=DIRECTION('',(0.,0.,1.));
#4978=DIRECTION('',(1.,0.,0.));
#4979=DIRECTION('',(-3.06161699786835E-16,-1.83697019872109E-16,1.));
#4980=DIRECTION('',(1.,2.49881746531477E-14,3.0616169978684E-16));
#4981=DIRECTION('',(-6.12323399573735E-17,6.12323399573662E-17,1.));
#4982=DIRECTION('',(1.,-3.38788096113676E-16,6.12323399573736E-17));
#4983=DIRECTION('',(-6.45721357216335E-17,2.08546920675903E-14,-0.999999999999998));
#4984=DIRECTION('',(1.00000000000001,3.95516952522715E-16,-6.45720562283001E-17));
#4985=CARTESIAN_POINT('',(0.,0.,0.));
#4986=CARTESIAN_POINT('',(0.,0.,0.));
#4987=CARTESIAN_POINT('Origin',(1850.,-10.,50.));
#4988=CARTESIAN_POINT('',(1900.,-10.,164.564392373896));
#4989=CARTESIAN_POINT('',(1900.,-60.,105.901699437495));
#4990=CARTESIAN_POINT('Ctrl Pts',(1900.,-10.,164.564392373896));
#4991=CARTESIAN_POINT('Ctrl Pts',(1900.,-12.9524121858339,164.564392373896));
#4992=CARTESIAN_POINT('Ctrl Pts',(1900.,-16.1746243825245,164.259971288743));
#4993=CARTESIAN_POINT('Ctrl Pts',(1900.,-22.4750604296581,162.953267828011));
#4994=CARTESIAN_POINT('Ctrl Pts',(1900.,-25.5533559038372,161.95133081914));
#4995=CARTESIAN_POINT('Ctrl Pts',(1900.,-31.0987829514823,159.563803557099));
#4996=CARTESIAN_POINT('Ctrl Pts',(1900.,-34.0619111847217,157.934749925142));
#4997=CARTESIAN_POINT('Ctrl Pts',(1900.,-39.5645281634961,154.069275368205));
#4998=CARTESIAN_POINT('Ctrl Pts',(1900.,-42.1047088030016,151.833839468401));
#4999=CARTESIAN_POINT('Ctrl Pts',(1900.,-45.392708466791,148.378211629751));
#5000=CARTESIAN_POINT('Ctrl Pts',(1900.,-46.5453898276525,147.043280047649));
#5001=CARTESIAN_POINT('Ctrl Pts',(1900.,-48.7486750764336,144.198599856257));
#5002=CARTESIAN_POINT('Ctrl Pts',(1900.,-49.7992777932797,142.688850339938));
#5003=CARTESIAN_POINT('Ctrl Pts',(1900.,-52.711620114777,138.009792415467));
#5004=CARTESIAN_POINT('Ctrl Pts',(1900.,-54.322564629048,134.681557584665));
#5005=CARTESIAN_POINT('Ctrl Pts',(1900.,-56.2783784849046,129.621788620444));
#5006=CARTESIAN_POINT('Ctrl Pts',(1900.,-56.9525887764449,127.57957011652));
#5007=CARTESIAN_POINT('Ctrl Pts',(1900.,-58.1056212849732,123.34470128774));
#5008=CARTESIAN_POINT('Ctrl Pts',(1900.,-58.584514891738,121.152070400582));
#5009=CARTESIAN_POINT('Ctrl Pts',(1900.,-59.6996033429541,114.516657612121));
#5010=CARTESIAN_POINT('Ctrl Pts',(1900.,-60.,110.011746424968));
#5011=CARTESIAN_POINT('Ctrl Pts',(1900.,-60.,105.901699437495));
#5012=CARTESIAN_POINT('',(1794.09830056251,-60.,0.));
#5013=CARTESIAN_POINT('Origin',(1850.,-60.,50.));
#5014=CARTESIAN_POINT('',(1735.4356076261,-10.,0.));
#5015=CARTESIAN_POINT('Ctrl Pts',(1794.09830056251,-60.,0.));
#5016=CARTESIAN_POINT('Ctrl Pts',(1789.98825357503,-60.,2.3922152669461E-16));
#5017=CARTESIAN_POINT('Ctrl Pts',(1785.48334238788,-59.6996033429542,4.13590306276514E-24));
#5018=CARTESIAN_POINT('Ctrl Pts',(1778.84792959942,-58.5845148917383,4.13590306276514E-24));
#5019=CARTESIAN_POINT('Ctrl Pts',(1776.65529871226,-58.1056212849732,0.));
#5020=CARTESIAN_POINT('Ctrl Pts',(1772.42042988348,-56.9525887764449,0.));
#5021=CARTESIAN_POINT('Ctrl Pts',(1770.37821137956,-56.2783784849046,0.));
#5022=CARTESIAN_POINT('Ctrl Pts',(1765.31844241533,-54.322564629048,0.));
#5023=CARTESIAN_POINT('Ctrl Pts',(1761.99020758453,-52.711620114777,0.));
#5024=CARTESIAN_POINT('Ctrl Pts',(1757.31114966006,-49.7992777932797,0.));
#5025=CARTESIAN_POINT('Ctrl Pts',(1755.80140014374,-48.7486750764336,0.));
#5026=CARTESIAN_POINT('Ctrl Pts',(1752.95671995235,-46.5453898276525,0.));
#5027=CARTESIAN_POINT('Ctrl Pts',(1751.62178837025,-45.392708466791,0.));
#5028=CARTESIAN_POINT('Ctrl Pts',(1748.1661605316,-42.1047088030015,0.));
#5029=CARTESIAN_POINT('Ctrl Pts',(1745.9307246318,-39.5645281634962,0.));
#5030=CARTESIAN_POINT('Ctrl Pts',(1742.06525007486,-34.0619111847215,0.));
#5031=CARTESIAN_POINT('Ctrl Pts',(1740.4361964429,-31.0987829514822,0.));
#5032=CARTESIAN_POINT('Ctrl Pts',(1738.04866918086,-25.5533559038372,0.));
#5033=CARTESIAN_POINT('Ctrl Pts',(1737.04673217199,-22.4750604296578,-6.61744490042422E-23));
#5034=CARTESIAN_POINT('Ctrl Pts',(1735.74002871126,-16.1746243825242,-6.61744490042422E-23));
#5035=CARTESIAN_POINT('Ctrl Pts',(1735.4356076261,-12.9524121858339,0.));
#5036=CARTESIAN_POINT('Ctrl Pts',(1735.4356076261,-10.,0.));
#5037=CARTESIAN_POINT('Origin',(1850.,-10.,50.));
#5038=CARTESIAN_POINT('Origin',(1812.5,-60.,87.5));
#5039=CARTESIAN_POINT('',(1900.,-60.,0.));
#5040=CARTESIAN_POINT('',(1900.,-60.,43.75));
#5041=CARTESIAN_POINT('',(1631.25,-60.,0.));
#5042=CARTESIAN_POINT('',(1862.5,-60.,50.));
#5043=CARTESIAN_POINT('Origin',(1850.,-60.,50.));
#5044=CARTESIAN_POINT('Origin',(1850.,0.,50.));
#5045=CARTESIAN_POINT('',(1950.,-45.,50.));
#5046=CARTESIAN_POINT('Origin',(1850.,-45.,50.));
#5047=CARTESIAN_POINT('',(1950.,0.,50.));
#5048=CARTESIAN_POINT('',(1950.,0.,50.));
#5049=CARTESIAN_POINT('Origin',(1850.,0.,50.));
#5050=CARTESIAN_POINT('Origin',(1850.,-45.,50.));
#5051=CARTESIAN_POINT('',(1862.5,-45.,50.));
#5052=CARTESIAN_POINT('Origin',(1850.,-45.,50.));
#5053=CARTESIAN_POINT('Origin',(1850.,0.,50.));
#5054=CARTESIAN_POINT('',(1862.5,0.,50.));
#5055=CARTESIAN_POINT('Origin',(1850.,0.,50.));
#5056=CARTESIAN_POINT('Origin',(1850.,0.,50.));
#5057=CARTESIAN_POINT('',(1735.4356076261,0.,0.));
#5058=CARTESIAN_POINT('',(1735.4356076261,0.,0.));
#5059=CARTESIAN_POINT('',(1900.,0.,164.564392373896));
#5060=CARTESIAN_POINT('Origin',(1850.,0.,50.));
#5061=CARTESIAN_POINT('',(1900.,0.,164.564392373896));
#5062=CARTESIAN_POINT('Origin',(1850.,-690.,50.));
#5063=CARTESIAN_POINT('',(1900.,-690.,164.564392373896));
#5064=CARTESIAN_POINT('',(1900.,-640.,105.901699437495));
#5065=CARTESIAN_POINT('Ctrl Pts',(1900.,-690.,164.564392373896));
#5066=CARTESIAN_POINT('Ctrl Pts',(1900.,-687.047587814166,164.564392373896));
#5067=CARTESIAN_POINT('Ctrl Pts',(1900.,-683.825375617476,164.259971288743));
#5068=CARTESIAN_POINT('Ctrl Pts',(1900.,-677.524939570342,162.953267828011));
#5069=CARTESIAN_POINT('Ctrl Pts',(1900.,-674.446644096163,161.95133081914));
#5070=CARTESIAN_POINT('Ctrl Pts',(1900.,-668.901217048518,159.563803557099));
#5071=CARTESIAN_POINT('Ctrl Pts',(1900.,-665.938088815278,157.934749925142));
#5072=CARTESIAN_POINT('Ctrl Pts',(1900.,-660.435471836504,154.069275368205));
#5073=CARTESIAN_POINT('Ctrl Pts',(1900.,-657.895291196998,151.833839468401));
#5074=CARTESIAN_POINT('Ctrl Pts',(1900.,-654.607291533209,148.378211629751));
#5075=CARTESIAN_POINT('Ctrl Pts',(1900.,-653.454610172348,147.043280047649));
#5076=CARTESIAN_POINT('Ctrl Pts',(1900.,-651.251324923566,144.198599856257));
#5077=CARTESIAN_POINT('Ctrl Pts',(1900.,-650.20072220672,142.688850339938));
#5078=CARTESIAN_POINT('Ctrl Pts',(1900.,-647.288379885223,138.009792415467));
#5079=CARTESIAN_POINT('Ctrl Pts',(1900.,-645.677435370952,134.681557584665));
#5080=CARTESIAN_POINT('Ctrl Pts',(1900.,-643.721621515095,129.621788620444));
#5081=CARTESIAN_POINT('Ctrl Pts',(1900.,-643.047411223555,127.57957011652));
#5082=CARTESIAN_POINT('Ctrl Pts',(1900.,-641.894378715027,123.34470128774));
#5083=CARTESIAN_POINT('Ctrl Pts',(1900.,-641.415485108262,121.152070400582));
#5084=CARTESIAN_POINT('Ctrl Pts',(1900.,-640.300396657046,114.516657612121));
#5085=CARTESIAN_POINT('Ctrl Pts',(1900.,-640.,110.011746424968));
#5086=CARTESIAN_POINT('Ctrl Pts',(1900.,-640.,105.901699437495));
#5087=CARTESIAN_POINT('',(1735.4356076261,-690.,0.));
#5088=CARTESIAN_POINT('Origin',(1850.,-690.,50.));
#5089=CARTESIAN_POINT('',(1794.09830056251,-640.,0.));
#5090=CARTESIAN_POINT('Ctrl Pts',(1794.09830056251,-640.,0.));
#5091=CARTESIAN_POINT('Ctrl Pts',(1789.98825357503,-640.,2.53100540892481E-16));
#5092=CARTESIAN_POINT('Ctrl Pts',(1785.48334238788,-640.300396657046,4.13590306276514E-24));
#5093=CARTESIAN_POINT('Ctrl Pts',(1778.84792959942,-641.415485108262,4.13590306276514E-24));
#5094=CARTESIAN_POINT('Ctrl Pts',(1776.65529871226,-641.894378715027,0.));
#5095=CARTESIAN_POINT('Ctrl Pts',(1772.42042988348,-643.047411223555,0.));
#5096=CARTESIAN_POINT('Ctrl Pts',(1770.37821137956,-643.721621515095,0.));
#5097=CARTESIAN_POINT('Ctrl Pts',(1765.31844241533,-645.677435370952,0.));
#5098=CARTESIAN_POINT('Ctrl Pts',(1761.99020758453,-647.288379885223,0.));
#5099=CARTESIAN_POINT('Ctrl Pts',(1757.31114966006,-650.20072220672,0.));
#5100=CARTESIAN_POINT('Ctrl Pts',(1755.80140014374,-651.251324923566,0.));
#5101=CARTESIAN_POINT('Ctrl Pts',(1752.95671995235,-653.454610172348,0.));
#5102=CARTESIAN_POINT('Ctrl Pts',(1751.62178837025,-654.607291533209,0.));
#5103=CARTESIAN_POINT('Ctrl Pts',(1748.1661605316,-657.895291196999,0.));
#5104=CARTESIAN_POINT('Ctrl Pts',(1745.9307246318,-660.435471836504,0.));
#5105=CARTESIAN_POINT('Ctrl Pts',(1742.06525007486,-665.938088815278,0.));
#5106=CARTESIAN_POINT('Ctrl Pts',(1740.4361964429,-668.901217048518,0.));
#5107=CARTESIAN_POINT('Ctrl Pts',(1738.04866918086,-674.446644096163,0.));
#5108=CARTESIAN_POINT('Ctrl Pts',(1737.04673217199,-677.524939570342,-6.61744490042422E-23));
#5109=CARTESIAN_POINT('Ctrl Pts',(1735.74002871126,-683.825375617476,-6.61744490042422E-23));
#5110=CARTESIAN_POINT('Ctrl Pts',(1735.4356076261,-687.047587814166,0.));
#5111=CARTESIAN_POINT('Ctrl Pts',(1735.4356076261,-690.,0.));
#5112=CARTESIAN_POINT('Origin',(1850.,-640.,50.));
#5113=CARTESIAN_POINT('Origin',(1812.5,-640.,87.5));
#5114=CARTESIAN_POINT('',(1900.,-640.,0.));
#5115=CARTESIAN_POINT('',(1631.25,-640.,0.));
#5116=CARTESIAN_POINT('',(1900.,-640.,43.75));
#5117=CARTESIAN_POINT('',(1862.5,-640.,50.));
#5118=CARTESIAN_POINT('Origin',(1850.,-640.,50.));
#5119=CARTESIAN_POINT('Origin',(1850.,-700.,50.));
#5120=CARTESIAN_POINT('',(1950.,-655.,50.));
#5121=CARTESIAN_POINT('Origin',(1850.,-655.,50.));
#5122=CARTESIAN_POINT('',(1950.,-700.,50.));
#5123=CARTESIAN_POINT('',(1950.,-700.,50.));
#5124=CARTESIAN_POINT('Origin',(1850.,-700.,50.));
#5125=CARTESIAN_POINT('Origin',(1850.,-655.,50.));
#5126=CARTESIAN_POINT('',(1862.5,-655.,50.));
#5127=CARTESIAN_POINT('Origin',(1850.,-655.,50.));
#5128=CARTESIAN_POINT('Origin',(1850.,-700.,50.));
#5129=CARTESIAN_POINT('',(1862.5,-700.,50.));
#5130=CARTESIAN_POINT('Origin',(1850.,-700.,50.));
#5131=CARTESIAN_POINT('Origin',(1850.,-700.,50.));
#5132=CARTESIAN_POINT('',(1900.,-700.,164.564392373896));
#5133=CARTESIAN_POINT('',(1900.,-700.,164.564392373896));
#5134=CARTESIAN_POINT('',(1735.4356076261,-700.,0.));
#5135=CARTESIAN_POINT('Origin',(1850.,-700.,50.));
#5136=CARTESIAN_POINT('',(1735.4356076261,-700.,0.));
#5137=CARTESIAN_POINT('Origin',(1900.,0.,0.));
#5138=CARTESIAN_POINT('',(1900.,-700.,0.));
#5139=CARTESIAN_POINT('',(1900.,0.,250.));
#5140=CARTESIAN_POINT('',(1900.,0.,0.));
#5141=CARTESIAN_POINT('',(1900.,-700.,250.));
#5142=CARTESIAN_POINT('',(1900.,-700.,250.));
#5143=CARTESIAN_POINT('',(1900.,-700.,0.));
#5144=CARTESIAN_POINT('Origin',(450.,-350.,0.));
#5145=CARTESIAN_POINT('',(164.564392373896,-700.,0.));
#5146=CARTESIAN_POINT('',(900.,-700.,0.));
#5147=CARTESIAN_POINT('',(164.564392373896,-690.,0.));
#5148=CARTESIAN_POINT('',(164.564392373896,-700.,0.));
#5149=CARTESIAN_POINT('',(105.901699437495,-640.,0.));
#5150=CARTESIAN_POINT('Ctrl Pts',(105.901699437495,-640.,0.));
#5151=CARTESIAN_POINT('Ctrl Pts',(110.011746424968,-640.,-2.48082191280962E-16));
#5152=CARTESIAN_POINT('Ctrl Pts',(114.516657612121,-640.300396657046,4.13590306276514E-24));
#5153=CARTESIAN_POINT('Ctrl Pts',(121.152070400582,-641.415485108262,4.13590306276514E-24));
#5154=CARTESIAN_POINT('Ctrl Pts',(123.34470128774,-641.894378715027,0.));
#5155=CARTESIAN_POINT('Ctrl Pts',(127.57957011652,-643.047411223555,0.));
#5156=CARTESIAN_POINT('Ctrl Pts',(129.621788620444,-643.721621515095,0.));
#5157=CARTESIAN_POINT('Ctrl Pts',(134.681557584665,-645.677435370952,0.));
#5158=CARTESIAN_POINT('Ctrl Pts',(138.009792415467,-647.288379885223,0.));
#5159=CARTESIAN_POINT('Ctrl Pts',(142.688850339938,-650.20072220672,0.));
#5160=CARTESIAN_POINT('Ctrl Pts',(144.198599856257,-651.251324923566,0.));
#5161=CARTESIAN_POINT('Ctrl Pts',(147.043280047649,-653.454610172348,0.));
#5162=CARTESIAN_POINT('Ctrl Pts',(148.378211629751,-654.607291533209,0.));
#5163=CARTESIAN_POINT('Ctrl Pts',(151.833839468401,-657.895291196999,0.));
#5164=CARTESIAN_POINT('Ctrl Pts',(154.069275368205,-660.435471836504,0.));
#5165=CARTESIAN_POINT('Ctrl Pts',(157.934749925142,-665.938088815278,0.));
#5166=CARTESIAN_POINT('Ctrl Pts',(159.563803557099,-668.901217048518,0.));
#5167=CARTESIAN_POINT('Ctrl Pts',(161.95133081914,-674.446644096163,0.));
#5168=CARTESIAN_POINT('Ctrl Pts',(162.953267828011,-677.524939570342,-6.61744490042422E-23));
#5169=CARTESIAN_POINT('Ctrl Pts',(164.259971288743,-683.825375617476,-6.61744490042422E-23));
#5170=CARTESIAN_POINT('Ctrl Pts',(164.564392373896,-687.047587814166,0.));
#5171=CARTESIAN_POINT('Ctrl Pts',(164.564392373896,-690.,0.));
#5172=CARTESIAN_POINT('',(0.,-640.,0.));
#5173=CARTESIAN_POINT('',(268.75,-640.,0.));
#5174=CARTESIAN_POINT('',(0.,-60.,0.));
#5175=CARTESIAN_POINT('',(0.,-700.,0.));
#5176=CARTESIAN_POINT('',(105.901699437495,-60.,0.));
#5177=CARTESIAN_POINT('',(268.75,-60.,0.));
#5178=CARTESIAN_POINT('',(164.564392373896,-10.,0.));
#5179=CARTESIAN_POINT('Ctrl Pts',(105.901699437495,-60.,0.));
#5180=CARTESIAN_POINT('Ctrl Pts',(110.011746424968,-60.,-2.13686005725856E-16));
#5181=CARTESIAN_POINT('Ctrl Pts',(114.516657612121,-59.6996033429542,4.13590306276514E-24));
#5182=CARTESIAN_POINT('Ctrl Pts',(121.152070400582,-58.5845148917383,4.13590306276514E-24));
#5183=CARTESIAN_POINT('Ctrl Pts',(123.34470128774,-58.1056212849732,0.));
#5184=CARTESIAN_POINT('Ctrl Pts',(127.57957011652,-56.9525887764449,0.));
#5185=CARTESIAN_POINT('Ctrl Pts',(129.621788620444,-56.2783784849046,0.));
#5186=CARTESIAN_POINT('Ctrl Pts',(134.681557584665,-54.322564629048,0.));
#5187=CARTESIAN_POINT('Ctrl Pts',(138.009792415467,-52.711620114777,0.));
#5188=CARTESIAN_POINT('Ctrl Pts',(142.688850339938,-49.7992777932797,0.));
#5189=CARTESIAN_POINT('Ctrl Pts',(144.198599856257,-48.7486750764336,0.));
#5190=CARTESIAN_POINT('Ctrl Pts',(147.043280047649,-46.5453898276525,0.));
#5191=CARTESIAN_POINT('Ctrl Pts',(148.378211629751,-45.392708466791,0.));
#5192=CARTESIAN_POINT('Ctrl Pts',(151.833839468401,-42.1047088030015,0.));
#5193=CARTESIAN_POINT('Ctrl Pts',(154.069275368205,-39.5645281634962,0.));
#5194=CARTESIAN_POINT('Ctrl Pts',(157.934749925142,-34.0619111847215,0.));
#5195=CARTESIAN_POINT('Ctrl Pts',(159.563803557099,-31.0987829514822,0.));
#5196=CARTESIAN_POINT('Ctrl Pts',(161.95133081914,-25.5533559038372,0.));
#5197=CARTESIAN_POINT('Ctrl Pts',(162.953267828011,-22.4750604296578,-6.61744490042422E-23));
#5198=CARTESIAN_POINT('Ctrl Pts',(164.259971288743,-16.1746243825242,-6.61744490042422E-23));
#5199=CARTESIAN_POINT('Ctrl Pts',(164.564392373896,-12.9524121858339,0.));
#5200=CARTESIAN_POINT('Ctrl Pts',(164.564392373896,-10.,0.));
#5201=CARTESIAN_POINT('',(164.564392373896,0.,0.));
#5202=CARTESIAN_POINT('',(164.564392373896,0.,0.));
#5203=CARTESIAN_POINT('',(900.,0.,0.));
#5204=CARTESIAN_POINT('Origin',(0.,-700.,0.));
#5205=CARTESIAN_POINT('',(0.,-700.,250.));
#5206=CARTESIAN_POINT('',(450.,-700.,250.));
#5207=CARTESIAN_POINT('',(0.,-700.,164.564392373896));
#5208=CARTESIAN_POINT('',(0.,-700.,0.));
#5209=CARTESIAN_POINT('Origin',(50.,-700.,50.));
#5210=CARTESIAN_POINT('Origin',(53.9458268294893,-292.5,250.));
#5211=CARTESIAN_POINT('',(123.945826829489,-292.5,250.));
#5212=CARTESIAN_POINT('',(53.9458268294893,-292.5,250.));
#5213=CARTESIAN_POINT('',(251.972913414745,-292.5,250.));
#5214=CARTESIAN_POINT('',(123.945826829489,-292.5,300.));
#5215=CARTESIAN_POINT('',(123.945826829489,-292.5,250.));
#5216=CARTESIAN_POINT('',(53.9458268294893,-292.5,300.));
#5217=CARTESIAN_POINT('',(123.945826829489,-292.5,300.));
#5218=CARTESIAN_POINT('',(53.9458268294893,-292.5,250.));
#5219=CARTESIAN_POINT('Origin',(53.9458268294893,-272.5,250.));
#5220=CARTESIAN_POINT('',(53.9458268294893,-272.5,250.));
#5221=CARTESIAN_POINT('',(53.9458268294893,-311.25,250.));
#5222=CARTESIAN_POINT('',(53.9458268294893,-272.5,300.));
#5223=CARTESIAN_POINT('',(53.9458268294893,-292.5,300.));
#5224=CARTESIAN_POINT('',(53.9458268294893,-272.5,250.));
#5225=CARTESIAN_POINT('Origin',(123.945826829489,-292.5,250.));
#5226=CARTESIAN_POINT('',(123.945826829489,-272.5,250.));
#5227=CARTESIAN_POINT('',(123.945826829489,-321.25,250.));
#5228=CARTESIAN_POINT('',(123.945826829489,-272.5,300.));
#5229=CARTESIAN_POINT('',(123.945826829489,-272.5,250.));
#5230=CARTESIAN_POINT('',(123.945826829489,-272.5,300.));
#5231=CARTESIAN_POINT('Origin',(11.4458268294893,-272.5,250.));
#5232=CARTESIAN_POINT('',(166.445826829489,-272.5,250.));
#5233=CARTESIAN_POINT('',(230.722913414745,-272.5,250.));
#5234=CARTESIAN_POINT('',(166.445826829489,-272.5,300.));
#5235=CARTESIAN_POINT('',(166.445826829489,-272.5,250.));
#5236=CARTESIAN_POINT('',(11.4458268294893,-272.5,300.));
#5237=CARTESIAN_POINT('Origin',(53.9458268294893,-407.5,250.));
#5238=CARTESIAN_POINT('',(53.9458268294893,-427.5,250.));
#5239=CARTESIAN_POINT('',(53.9458268294893,-407.5,250.));
#5240=CARTESIAN_POINT('',(53.9458268294893,-378.75,250.));
#5241=CARTESIAN_POINT('',(53.9458268294893,-427.5,300.));
#5242=CARTESIAN_POINT('',(53.9458268294893,-427.5,250.));
#5243=CARTESIAN_POINT('',(53.9458268294893,-407.5,300.));
#5244=CARTESIAN_POINT('',(53.9458268294893,-427.5,300.));
#5245=CARTESIAN_POINT('',(53.9458268294893,-407.5,250.));
#5246=CARTESIAN_POINT('Origin',(123.945826829489,-407.5,250.));
#5247=CARTESIAN_POINT('',(123.945826829489,-407.5,250.));
#5248=CARTESIAN_POINT('',(286.972913414745,-407.5,250.));
#5249=CARTESIAN_POINT('',(123.945826829489,-407.5,300.));
#5250=CARTESIAN_POINT('',(53.9458268294893,-407.5,300.));
#5251=CARTESIAN_POINT('',(123.945826829489,-407.5,250.));
#5252=CARTESIAN_POINT('Origin',(123.945826829489,-427.5,250.));
#5253=CARTESIAN_POINT('',(123.945826829489,-427.5,250.));
#5254=CARTESIAN_POINT('',(123.945826829489,-388.75,250.));
#5255=CARTESIAN_POINT('',(123.945826829489,-427.5,300.));
#5256=CARTESIAN_POINT('',(123.945826829489,-407.5,300.));
#5257=CARTESIAN_POINT('',(123.945826829489,-427.5,250.));
#5258=CARTESIAN_POINT('Origin',(166.445826829489,-427.5,250.));
#5259=CARTESIAN_POINT('',(11.4458268294893,-427.5,250.));
#5260=CARTESIAN_POINT('',(308.222913414745,-427.5,250.));
#5261=CARTESIAN_POINT('',(11.4458268294893,-427.5,300.));
#5262=CARTESIAN_POINT('',(11.4458268294893,-427.5,250.));
#5263=CARTESIAN_POINT('',(166.445826829489,-427.5,300.));
#5264=CARTESIAN_POINT('Origin',(450.,-350.,250.));
#5265=CARTESIAN_POINT('',(11.4458268294893,-272.5,250.));
#5266=CARTESIAN_POINT('',(230.722913414745,-272.5,250.));
#5267=CARTESIAN_POINT('',(11.4458268294893,-388.75,250.));
#5268=CARTESIAN_POINT('',(166.445826829489,-427.5,250.));
#5269=CARTESIAN_POINT('',(308.222913414745,-427.5,250.));
#5270=CARTESIAN_POINT('',(166.445826829489,-311.25,250.));
#5271=CARTESIAN_POINT('Origin',(171.445826829489,-402.5,280.));
#5272=CARTESIAN_POINT('',(166.445826829489,-415.,280.));
#5273=CARTESIAN_POINT('Origin',(166.445826829489,-402.5,280.));
#5274=CARTESIAN_POINT('',(171.445826829489,-415.,280.));
#5275=CARTESIAN_POINT('',(171.445826829489,-415.,280.));
#5276=CARTESIAN_POINT('Origin',(171.445826829489,-402.5,280.));
#5277=CARTESIAN_POINT('Origin',(171.445826829489,-402.5,280.));
#5278=CARTESIAN_POINT('',(6.44582682948922,-415.,280.));
#5279=CARTESIAN_POINT('Origin',(6.44582682948922,-402.5,280.));
#5280=CARTESIAN_POINT('',(11.4458268294893,-415.,280.));
#5281=CARTESIAN_POINT('',(171.445826829489,-415.,280.));
#5282=CARTESIAN_POINT('Origin',(11.4458268294893,-402.5,280.));
#5283=CARTESIAN_POINT('Origin',(171.445826829489,-297.5,280.));
#5284=CARTESIAN_POINT('',(166.445826829489,-310.,280.));
#5285=CARTESIAN_POINT('Origin',(166.445826829489,-297.5,280.));
#5286=CARTESIAN_POINT('',(171.445826829489,-310.,280.));
#5287=CARTESIAN_POINT('',(171.445826829489,-310.,280.));
#5288=CARTESIAN_POINT('Origin',(171.445826829489,-297.5,280.));
#5289=CARTESIAN_POINT('Origin',(171.445826829489,-297.5,280.));
#5290=CARTESIAN_POINT('',(6.44582682948922,-310.,280.));
#5291=CARTESIAN_POINT('Origin',(6.44582682948922,-297.5,280.));
#5292=CARTESIAN_POINT('',(11.4458268294893,-310.,280.));
#5293=CARTESIAN_POINT('',(171.445826829489,-310.,280.));
#5294=CARTESIAN_POINT('Origin',(11.4458268294893,-297.5,280.));
#5295=CARTESIAN_POINT('Origin',(11.4458268294893,-427.5,250.));
#5296=CARTESIAN_POINT('',(11.4458268294893,-272.5,300.));
#5297=CARTESIAN_POINT('',(11.4458268294893,-272.5,250.));
#5298=CARTESIAN_POINT('',(11.4458268294893,-427.5,300.));
#5299=CARTESIAN_POINT('Origin',(166.445826829489,-427.5,250.));
#5300=CARTESIAN_POINT('',(166.445826829489,-427.5,300.));
#5301=CARTESIAN_POINT('',(166.445826829489,-427.5,300.));
#5302=CARTESIAN_POINT('',(166.445826829489,-427.5,250.));
#5303=CARTESIAN_POINT('Origin',(166.445826829489,-272.5,250.));
#5304=CARTESIAN_POINT('',(166.445826829489,-272.5,300.));
#5305=CARTESIAN_POINT('Origin',(11.4458268294893,-272.5,250.));
#5306=CARTESIAN_POINT('',(11.4458268294893,-272.5,300.));
#5307=CARTESIAN_POINT('Origin',(171.445826829489,-267.5,250.));
#5308=CARTESIAN_POINT('',(6.44582682948922,-267.5,250.));
#5309=CARTESIAN_POINT('',(171.445826829489,-267.5,250.));
#5310=CARTESIAN_POINT('',(310.722913414745,-267.5,250.));
#5311=CARTESIAN_POINT('',(6.44582682948922,-267.5,300.));
#5312=CARTESIAN_POINT('',(6.44582682948922,-267.5,250.));
#5313=CARTESIAN_POINT('',(171.445826829489,-267.5,300.));
#5314=CARTESIAN_POINT('',(171.445826829489,-267.5,300.));
#5315=CARTESIAN_POINT('',(171.445826829489,-267.5,250.));
#5316=CARTESIAN_POINT('Origin',(171.445826829489,-432.5,250.));
#5317=CARTESIAN_POINT('',(171.445826829489,-432.5,250.));
#5318=CARTESIAN_POINT('',(171.445826829489,-391.25,250.));
#5319=CARTESIAN_POINT('',(171.445826829489,-432.5,300.));
#5320=CARTESIAN_POINT('',(171.445826829489,-432.5,300.));
#5321=CARTESIAN_POINT('',(171.445826829489,-432.5,250.));
#5322=CARTESIAN_POINT('Origin',(6.44582682948922,-432.5,250.));
#5323=CARTESIAN_POINT('',(6.44582682948922,-432.5,250.));
#5324=CARTESIAN_POINT('',(228.222913414745,-432.5,250.));
#5325=CARTESIAN_POINT('',(6.44582682948922,-432.5,300.));
#5326=CARTESIAN_POINT('',(6.44582682948922,-432.5,300.));
#5327=CARTESIAN_POINT('',(6.44582682948922,-432.5,250.));
#5328=CARTESIAN_POINT('Origin',(6.44582682948922,-267.5,250.));
#5329=CARTESIAN_POINT('',(6.44582682948922,-308.75,250.));
#5330=CARTESIAN_POINT('',(6.44582682948922,-267.5,300.));
#5331=CARTESIAN_POINT('Origin',(88.9458268294892,-350.,300.));
#5332=CARTESIAN_POINT('Origin',(450.,-350.,250.));
#5333=CARTESIAN_POINT('',(0.,0.,250.));
#5334=CARTESIAN_POINT('',(900.,0.,250.));
#5335=CARTESIAN_POINT('',(0.,-700.,250.));
#5336=CARTESIAN_POINT('Origin',(50.,-10.,50.));
#5337=CARTESIAN_POINT('',(0.,-10.,164.564392373896));
#5338=CARTESIAN_POINT('',(0.,-60.,105.901699437495));
#5339=CARTESIAN_POINT('Ctrl Pts',(0.,-10.,164.564392373896));
#5340=CARTESIAN_POINT('Ctrl Pts',(-1.75310290366478E-18,-12.9524121858339,
164.564392373896));
#5341=CARTESIAN_POINT('Ctrl Pts',(-6.61744490042422E-23,-16.1746243825245,
164.259971288743));
#5342=CARTESIAN_POINT('Ctrl Pts',(-6.61744490042422E-23,-22.4750604296581,
162.953267828011));
#5343=CARTESIAN_POINT('Ctrl Pts',(0.,-25.5533559038372,161.95133081914));
#5344=CARTESIAN_POINT('Ctrl Pts',(0.,-31.0987829514823,159.563803557099));
#5345=CARTESIAN_POINT('Ctrl Pts',(0.,-34.0619111847217,157.934749925142));
#5346=CARTESIAN_POINT('Ctrl Pts',(0.,-39.5645281634961,154.069275368205));
#5347=CARTESIAN_POINT('Ctrl Pts',(0.,-42.1047088030016,151.833839468401));
#5348=CARTESIAN_POINT('Ctrl Pts',(0.,-45.392708466791,148.378211629751));
#5349=CARTESIAN_POINT('Ctrl Pts',(1.29246970711411E-25,-46.5453898276525,
147.043280047649));
#5350=CARTESIAN_POINT('Ctrl Pts',(1.29246970711411E-25,-48.7486750764336,
144.198599856257));
#5351=CARTESIAN_POINT('Ctrl Pts',(-3.30872245021211E-23,-49.7992777932797,
142.688850339938));
#5352=CARTESIAN_POINT('Ctrl Pts',(-3.30872245021211E-23,-52.711620114777,
138.009792415467));
#5353=CARTESIAN_POINT('Ctrl Pts',(0.,-54.322564629048,134.681557584665));
#5354=CARTESIAN_POINT('Ctrl Pts',(0.,-56.2783784849046,129.621788620444));
#5355=CARTESIAN_POINT('Ctrl Pts',(0.,-56.9525887764449,127.57957011652));
#5356=CARTESIAN_POINT('Ctrl Pts',(0.,-58.1056212849732,123.34470128774));
#5357=CARTESIAN_POINT('Ctrl Pts',(0.,-58.584514891738,121.152070400582));
#5358=CARTESIAN_POINT('Ctrl Pts',(0.,-59.6996033429541,114.516657612121));
#5359=CARTESIAN_POINT('Ctrl Pts',(0.,-60.,110.011746424968));
#5360=CARTESIAN_POINT('Ctrl Pts',(0.,-60.,105.901699437495));
#5361=CARTESIAN_POINT('Origin',(50.,-10.,50.));
#5362=CARTESIAN_POINT('Origin',(50.,-60.,50.));
#5363=CARTESIAN_POINT('Origin',(87.5,-60.,87.5));
#5364=CARTESIAN_POINT('',(0.,-60.,43.75));
#5365=CARTESIAN_POINT('',(37.5,-60.,50.));
#5366=CARTESIAN_POINT('Origin',(50.,-60.,50.));
#5367=CARTESIAN_POINT('Origin',(50.,0.,50.));
#5368=CARTESIAN_POINT('',(-50.,-45.,50.));
#5369=CARTESIAN_POINT('Origin',(50.,-45.,50.));
#5370=CARTESIAN_POINT('',(-50.,0.,50.));
#5371=CARTESIAN_POINT('',(-50.,0.,50.));
#5372=CARTESIAN_POINT('Origin',(50.,0.,50.));
#5373=CARTESIAN_POINT('Origin',(50.,-45.,50.));
#5374=CARTESIAN_POINT('',(37.5,-45.,50.));
#5375=CARTESIAN_POINT('Origin',(50.,-45.,50.));
#5376=CARTESIAN_POINT('Origin',(50.,0.,50.));
#5377=CARTESIAN_POINT('',(37.5,0.,50.));
#5378=CARTESIAN_POINT('Origin',(50.,0.,50.));
#5379=CARTESIAN_POINT('Origin',(50.,0.,50.));
#5380=CARTESIAN_POINT('',(0.,0.,164.564392373896));
#5381=CARTESIAN_POINT('',(0.,0.,164.564392373896));
#5382=CARTESIAN_POINT('Origin',(50.,0.,50.));
#5383=CARTESIAN_POINT('Origin',(0.,0.,0.));
#5384=CARTESIAN_POINT('',(0.,0.,0.));
#5385=CARTESIAN_POINT('Origin',(50.,-690.,50.));
#5386=CARTESIAN_POINT('',(0.,-690.,164.564392373896));
#5387=CARTESIAN_POINT('',(0.,-640.,105.901699437495));
#5388=CARTESIAN_POINT('Ctrl Pts',(0.,-690.,164.564392373896));
#5389=CARTESIAN_POINT('Ctrl Pts',(-2.6402988770926E-19,-687.047587814166,
164.564392373896));
#5390=CARTESIAN_POINT('Ctrl Pts',(-6.61744490042422E-23,-683.825375617476,
164.259971288743));
#5391=CARTESIAN_POINT('Ctrl Pts',(-6.61744490042422E-23,-677.524939570342,
162.953267828011));
#5392=CARTESIAN_POINT('Ctrl Pts',(0.,-674.446644096163,161.95133081914));
#5393=CARTESIAN_POINT('Ctrl Pts',(0.,-668.901217048518,159.563803557099));
#5394=CARTESIAN_POINT('Ctrl Pts',(0.,-665.938088815278,157.934749925142));
#5395=CARTESIAN_POINT('Ctrl Pts',(0.,-660.435471836504,154.069275368205));
#5396=CARTESIAN_POINT('Ctrl Pts',(0.,-657.895291196998,151.833839468401));
#5397=CARTESIAN_POINT('Ctrl Pts',(0.,-654.607291533209,148.378211629751));
#5398=CARTESIAN_POINT('Ctrl Pts',(1.29246970711411E-25,-653.454610172348,
147.043280047649));
#5399=CARTESIAN_POINT('Ctrl Pts',(1.29246970711411E-25,-651.251324923566,
144.198599856257));
#5400=CARTESIAN_POINT('Ctrl Pts',(-3.30872245021211E-23,-650.20072220672,
142.688850339938));
#5401=CARTESIAN_POINT('Ctrl Pts',(-3.30872245021211E-23,-647.288379885223,
138.009792415467));
#5402=CARTESIAN_POINT('Ctrl Pts',(0.,-645.677435370952,134.681557584665));
#5403=CARTESIAN_POINT('Ctrl Pts',(0.,-643.721621515095,129.621788620444));
#5404=CARTESIAN_POINT('Ctrl Pts',(0.,-643.047411223555,127.57957011652));
#5405=CARTESIAN_POINT('Ctrl Pts',(0.,-641.894378715027,123.34470128774));
#5406=CARTESIAN_POINT('Ctrl Pts',(0.,-641.415485108262,121.152070400582));
#5407=CARTESIAN_POINT('Ctrl Pts',(0.,-640.300396657046,114.516657612121));
#5408=CARTESIAN_POINT('Ctrl Pts',(0.,-640.,110.011746424968));
#5409=CARTESIAN_POINT('Ctrl Pts',(0.,-640.,105.901699437495));
#5410=CARTESIAN_POINT('Origin',(50.,-640.,50.));
#5411=CARTESIAN_POINT('Origin',(50.,-690.,50.));
#5412=CARTESIAN_POINT('Origin',(87.5,-640.,87.5));
#5413=CARTESIAN_POINT('',(0.,-640.,43.75));
#5414=CARTESIAN_POINT('',(37.5,-640.,50.));
#5415=CARTESIAN_POINT('Origin',(50.,-640.,50.));
#5416=CARTESIAN_POINT('Origin',(50.,-700.,50.));
#5417=CARTESIAN_POINT('',(-50.,-655.,50.));
#5418=CARTESIAN_POINT('Origin',(50.,-655.,50.));
#5419=CARTESIAN_POINT('',(-50.,-700.,50.));
#5420=CARTESIAN_POINT('',(-50.,-700.,50.));
#5421=CARTESIAN_POINT('Origin',(50.,-700.,50.));
#5422=CARTESIAN_POINT('Origin',(50.,-655.,50.));
#5423=CARTESIAN_POINT('',(37.5,-655.,50.));
#5424=CARTESIAN_POINT('Origin',(50.,-655.,50.));
#5425=CARTESIAN_POINT('Origin',(50.,-700.,50.));
#5426=CARTESIAN_POINT('',(37.5,-700.,50.));
#5427=CARTESIAN_POINT('Origin',(50.,-700.,50.));
#5428=CARTESIAN_POINT('Origin',(50.,-700.,50.));
#5429=CARTESIAN_POINT('',(0.,-700.,164.564392373896));
#5430=CARTESIAN_POINT('Origin',(0.,0.,0.));
#5431=CARTESIAN_POINT('',(0.,0.,0.));
#5432=CARTESIAN_POINT('Origin',(-45.,75.,30.));
#5433=CARTESIAN_POINT('',(-32.5,75.,30.));
#5434=CARTESIAN_POINT('Origin',(-45.,75.,30.));
#5435=CARTESIAN_POINT('',(-32.5,-75.,30.));
#5436=CARTESIAN_POINT('',(-32.5,75.,30.));
#5437=CARTESIAN_POINT('Origin',(-45.,-75.,30.));
#5438=CARTESIAN_POINT('',(-55.,-35.,37.5));
#5439=CARTESIAN_POINT('',(-55.,-35.,22.5));
#5440=CARTESIAN_POINT('Origin',(-45.,-35.,30.));
#5441=CARTESIAN_POINT('',(-55.,35.,37.5));
#5442=CARTESIAN_POINT('',(-55.,75.,37.5));
#5443=CARTESIAN_POINT('',(-55.,35.,22.5));
#5444=CARTESIAN_POINT('Origin',(-45.,35.,30.));
#5445=CARTESIAN_POINT('',(-55.,75.,22.5));
#5446=CARTESIAN_POINT('Origin',(45.,75.,30.));
#5447=CARTESIAN_POINT('',(57.5,75.,30.));
#5448=CARTESIAN_POINT('Origin',(45.,75.,30.));
#5449=CARTESIAN_POINT('',(57.5,35.,30.));
#5450=CARTESIAN_POINT('',(57.5,75.,30.));
#5451=CARTESIAN_POINT('',(55.,35.,37.5));
#5452=CARTESIAN_POINT('Origin',(45.,35.,30.));
#5453=CARTESIAN_POINT('',(55.,-35.,37.5));
#5454=CARTESIAN_POINT('',(55.,75.,37.5));
#5455=CARTESIAN_POINT('',(57.5,-35.,30.));
#5456=CARTESIAN_POINT('Origin',(45.,-35.,30.));
#5457=CARTESIAN_POINT('',(57.5,-75.,30.));
#5458=CARTESIAN_POINT('',(57.5,75.,30.));
#5459=CARTESIAN_POINT('Origin',(45.,-75.,30.));
#5460=CARTESIAN_POINT('',(55.,-35.,22.5));
#5461=CARTESIAN_POINT('Origin',(45.,-35.,30.));
#5462=CARTESIAN_POINT('',(55.,35.,22.5));
#5463=CARTESIAN_POINT('',(55.,75.,22.5));
#5464=CARTESIAN_POINT('Origin',(45.,35.,30.));
#5465=CARTESIAN_POINT('Origin',(-75.,35.,0.));
#5466=CARTESIAN_POINT('',(-55.,35.,2000.));
#5467=CARTESIAN_POINT('',(-55.,35.,0.));
#5468=CARTESIAN_POINT('',(-75.,35.,2000.));
#5469=CARTESIAN_POINT('',(-55.,35.,2000.));
#5470=CARTESIAN_POINT('',(-75.,35.,0.));
#5471=CARTESIAN_POINT('',(-75.,35.,0.));
#5472=CARTESIAN_POINT('',(-55.,35.,0.));
#5473=CARTESIAN_POINT('',(-55.,35.,0.));
#5474=CARTESIAN_POINT('',(-55.,35.,0.));
#5475=CARTESIAN_POINT('Origin',(-55.,35.,0.));
#5476=CARTESIAN_POINT('',(-55.,-35.,2000.));
#5477=CARTESIAN_POINT('',(-55.,-35.,0.));
#5478=CARTESIAN_POINT('',(-55.,-35.,2000.));
#5479=CARTESIAN_POINT('Origin',(75.,-35.,0.));
#5480=CARTESIAN_POINT('',(55.,-35.,2000.));
#5481=CARTESIAN_POINT('',(55.,-35.,0.));
#5482=CARTESIAN_POINT('',(75.,-35.,2000.));
#5483=CARTESIAN_POINT('',(75.,-35.,2000.));
#5484=CARTESIAN_POINT('',(75.,-35.,0.));
#5485=CARTESIAN_POINT('',(75.,-35.,0.));
#5486=CARTESIAN_POINT('',(55.,-35.,0.));
#5487=CARTESIAN_POINT('',(75.,-35.,0.));
#5488=CARTESIAN_POINT('',(55.,-35.,0.));
#5489=CARTESIAN_POINT('Origin',(55.,-35.,0.));
#5490=CARTESIAN_POINT('',(55.,35.,2000.));
#5491=CARTESIAN_POINT('',(55.,35.,0.));
#5492=CARTESIAN_POINT('',(55.,-35.,2000.));
#5493=CARTESIAN_POINT('Origin',(-55.,-35.,0.));
#5494=CARTESIAN_POINT('',(-55.,-35.,0.));
#5495=CARTESIAN_POINT('',(-55.,-35.,0.));
#5496=CARTESIAN_POINT('',(-75.,-35.,0.));
#5497=CARTESIAN_POINT('',(-75.,-35.,0.));
#5498=CARTESIAN_POINT('',(-75.,-35.,2000.));
#5499=CARTESIAN_POINT('',(-75.,-35.,0.));
#5500=CARTESIAN_POINT('',(-75.,-35.,2000.));
#5501=CARTESIAN_POINT('Origin',(-55.,35.,0.));
#5502=CARTESIAN_POINT('',(-55.,-35.,0.));
#5503=CARTESIAN_POINT('Origin',(-75.,75.,0.));
#5504=CARTESIAN_POINT('',(-75.,75.,0.));
#5505=CARTESIAN_POINT('',(-75.,75.,0.));
#5506=CARTESIAN_POINT('',(-75.,75.,2000.));
#5507=CARTESIAN_POINT('',(-75.,75.,2000.));
#5508=CARTESIAN_POINT('',(-75.,75.,0.));
#5509=CARTESIAN_POINT('Origin',(75.,75.,0.));
#5510=CARTESIAN_POINT('',(75.,75.,0.));
#5511=CARTESIAN_POINT('',(75.,75.,0.));
#5512=CARTESIAN_POINT('',(75.,75.,2000.));
#5513=CARTESIAN_POINT('',(75.,75.,2000.));
#5514=CARTESIAN_POINT('',(75.,75.,0.));
#5515=CARTESIAN_POINT('Origin',(75.,35.,0.));
#5516=CARTESIAN_POINT('',(75.,35.,0.));
#5517=CARTESIAN_POINT('',(75.,35.,0.));
#5518=CARTESIAN_POINT('',(75.,35.,2000.));
#5519=CARTESIAN_POINT('',(75.,35.,2000.));
#5520=CARTESIAN_POINT('',(75.,35.,0.));
#5521=CARTESIAN_POINT('Origin',(55.,35.,0.));
#5522=CARTESIAN_POINT('',(55.,35.,0.));
#5523=CARTESIAN_POINT('',(55.,35.,0.));
#5524=CARTESIAN_POINT('',(55.,35.,0.));
#5525=CARTESIAN_POINT('',(55.,35.,2000.));
#5526=CARTESIAN_POINT('Origin',(55.,-35.,0.));
#5527=CARTESIAN_POINT('',(55.,-35.,0.));
#5528=CARTESIAN_POINT('Origin',(75.,-75.,0.));
#5529=CARTESIAN_POINT('',(75.,-75.,0.));
#5530=CARTESIAN_POINT('',(75.,-75.,0.));
#5531=CARTESIAN_POINT('',(75.,-75.,2000.));
#5532=CARTESIAN_POINT('',(75.,-75.,2000.));
#5533=CARTESIAN_POINT('',(75.,-75.,0.));
#5534=CARTESIAN_POINT('Origin',(-75.,-75.,0.));
#5535=CARTESIAN_POINT('',(-75.,-75.,0.));
#5536=CARTESIAN_POINT('',(-75.,-75.,0.));
#5537=CARTESIAN_POINT('',(-75.,-75.,2000.));
#5538=CARTESIAN_POINT('',(-75.,-75.,2000.));
#5539=CARTESIAN_POINT('',(-75.,-75.,0.));
#5540=CARTESIAN_POINT('Origin',(-75.,-35.,0.));
#5541=CARTESIAN_POINT('',(-75.,-35.,0.));
#5542=CARTESIAN_POINT('',(-75.,-35.,2000.));
#5543=CARTESIAN_POINT('Origin',(0.,0.,2000.));
#5544=CARTESIAN_POINT('Origin',(0.,0.,0.));
#5545=CARTESIAN_POINT('',(0.,0.,0.));
#5546=CARTESIAN_POINT('Origin',(-10.,-24.2664970158299,180.));
#5547=CARTESIAN_POINT('',(160.,-24.2664970158299,180.));
#5548=CARTESIAN_POINT('',(-10.,-24.2664970158299,180.));
#5549=CARTESIAN_POINT('',(-15.,-24.2664970158299,180.));
#5550=CARTESIAN_POINT('',(160.,-524.26649701583,180.));
#5551=CARTESIAN_POINT('',(160.,-24.2664970158299,180.));
#5552=CARTESIAN_POINT('',(-10.,-524.26649701583,180.));
#5553=CARTESIAN_POINT('',(160.,-524.26649701583,180.));
#5554=CARTESIAN_POINT('',(-10.,-24.2664970158299,180.));
#5555=CARTESIAN_POINT('Origin',(-10.,-24.2664970158299,10.));
#5556=CARTESIAN_POINT('',(-10.,-24.2664970158299,10.));
#5557=CARTESIAN_POINT('',(-10.,-24.2664970158299,5.));
#5558=CARTESIAN_POINT('',(-10.,-524.26649701583,10.));
#5559=CARTESIAN_POINT('',(-10.,-524.26649701583,180.));
#5560=CARTESIAN_POINT('',(-10.,-24.2664970158299,10.));
#5561=CARTESIAN_POINT('Origin',(160.,-24.2664970158299,10.));
#5562=CARTESIAN_POINT('',(160.,-24.2664970158299,10.));
#5563=CARTESIAN_POINT('',(70.,-24.2664970158299,10.));
#5564=CARTESIAN_POINT('',(160.,-524.26649701583,10.));
#5565=CARTESIAN_POINT('',(-10.,-524.26649701583,10.));
#5566=CARTESIAN_POINT('',(160.,-24.2664970158299,10.));
#5567=CARTESIAN_POINT('Origin',(160.,-24.2664970158299,180.));
#5568=CARTESIAN_POINT('',(160.,-24.2664970158299,90.));
#5569=CARTESIAN_POINT('',(160.,-524.26649701583,10.));
#5570=CARTESIAN_POINT('Origin',(75.,-524.26649701583,95.));
#5571=CARTESIAN_POINT('',(170.,-524.26649701583,0.));
#5572=CARTESIAN_POINT('',(170.,-524.26649701583,190.));
#5573=CARTESIAN_POINT('',(170.,-524.26649701583,0.));
#5574=CARTESIAN_POINT('',(-20.,-524.26649701583,190.));
#5575=CARTESIAN_POINT('',(170.,-524.26649701583,190.));
#5576=CARTESIAN_POINT('',(-20.,-524.26649701583,0.));
#5577=CARTESIAN_POINT('',(-20.,-524.26649701583,190.));
#5578=CARTESIAN_POINT('',(-20.,-524.26649701583,0.));
#5579=CARTESIAN_POINT('Origin',(0.,0.,0.));
#5580=CARTESIAN_POINT('',(0.,40.,0.));
#5581=CARTESIAN_POINT('',(0.,0.,0.));
#5582=CARTESIAN_POINT('',(0.,40.,0.));
#5583=CARTESIAN_POINT('',(0.,40.,190.));
#5584=CARTESIAN_POINT('',(0.,40.,0.));
#5585=CARTESIAN_POINT('',(0.,0.,190.));
#5586=CARTESIAN_POINT('',(0.,40.,190.));
#5587=CARTESIAN_POINT('',(0.,0.,0.));
#5588=CARTESIAN_POINT('Origin',(150.,0.,0.));
#5589=CARTESIAN_POINT('',(150.,0.,0.));
#5590=CARTESIAN_POINT('',(0.,0.,0.));
#5591=CARTESIAN_POINT('',(150.,0.,190.));
#5592=CARTESIAN_POINT('',(0.,0.,190.));
#5593=CARTESIAN_POINT('',(150.,0.,0.));
#5594=CARTESIAN_POINT('Origin',(150.,40.,0.));
#5595=CARTESIAN_POINT('',(150.,40.,0.));
#5596=CARTESIAN_POINT('',(150.,0.,0.));
#5597=CARTESIAN_POINT('',(150.,40.,190.));
#5598=CARTESIAN_POINT('',(150.,0.,190.));
#5599=CARTESIAN_POINT('',(150.,40.,0.));
#5600=CARTESIAN_POINT('Origin',(131.,40.,0.));
#5601=CARTESIAN_POINT('',(131.,40.,0.));
#5602=CARTESIAN_POINT('',(150.,40.,0.));
#5603=CARTESIAN_POINT('',(131.,40.,190.));
#5604=CARTESIAN_POINT('',(150.,40.,190.));
#5605=CARTESIAN_POINT('',(131.,40.,0.));
#5606=CARTESIAN_POINT('Origin',(131.,109.,0.));
#5607=CARTESIAN_POINT('',(131.,109.,0.));
#5608=CARTESIAN_POINT('',(131.,40.,0.));
#5609=CARTESIAN_POINT('',(131.,109.,190.));
#5610=CARTESIAN_POINT('',(131.,40.,190.));
#5611=CARTESIAN_POINT('',(131.,109.,0.));
#5612=CARTESIAN_POINT('Origin',(170.,109.,0.));
#5613=CARTESIAN_POINT('',(170.,109.,0.));
#5614=CARTESIAN_POINT('',(131.,109.,0.));
#5615=CARTESIAN_POINT('',(170.,109.,190.));
#5616=CARTESIAN_POINT('',(131.,109.,190.));
#5617=CARTESIAN_POINT('',(170.,109.,0.));
#5618=CARTESIAN_POINT('Origin',(170.,-24.2664970158299,0.));
#5619=CARTESIAN_POINT('',(170.,-24.2664970158299,0.));
#5620=CARTESIAN_POINT('',(170.,-24.2664970158299,190.));
#5621=CARTESIAN_POINT('Origin',(-20.,-24.2664970158299,0.));
#5622=CARTESIAN_POINT('Origin',(-20.,109.,0.));
#5623=CARTESIAN_POINT('',(-20.,109.,0.));
#5624=CARTESIAN_POINT('',(-20.,-24.2664970158299,0.));
#5625=CARTESIAN_POINT('',(-20.,109.,190.));
#5626=CARTESIAN_POINT('',(-20.,-24.2664970158299,190.));
#5627=CARTESIAN_POINT('',(-20.,109.,0.));
#5628=CARTESIAN_POINT('Origin',(19.,109.,0.));
#5629=CARTESIAN_POINT('',(19.,109.,0.));
#5630=CARTESIAN_POINT('',(-20.,109.,0.));
#5631=CARTESIAN_POINT('',(19.,109.,190.));
#5632=CARTESIAN_POINT('',(-20.,109.,190.));
#5633=CARTESIAN_POINT('',(19.,109.,0.));
#5634=CARTESIAN_POINT('Origin',(19.,40.,0.));
#5635=CARTESIAN_POINT('',(19.,40.,0.));
#5636=CARTESIAN_POINT('',(19.,109.,0.));
#5637=CARTESIAN_POINT('',(19.,40.,190.));
#5638=CARTESIAN_POINT('',(19.,109.,190.));
#5639=CARTESIAN_POINT('',(19.,40.,0.));
#5640=CARTESIAN_POINT('Origin',(0.,40.,0.));
#5641=CARTESIAN_POINT('',(19.,40.,0.));
#5642=CARTESIAN_POINT('',(19.,40.,190.));
#5643=CARTESIAN_POINT('Origin',(75.,42.3667514920851,190.));
#5644=CARTESIAN_POINT('Origin',(75.,42.3667514920851,0.));
#5645=CARTESIAN_POINT('',(0.,0.,0.));
#5646=CARTESIAN_POINT('Origin',(0.,-74.5,-74.5));
#5647=CARTESIAN_POINT('',(0.,-74.5,-74.5));
#5648=CARTESIAN_POINT('',(0.,-74.5,74.5));
#5649=CARTESIAN_POINT('',(0.,-74.5,-74.5));
#5650=CARTESIAN_POINT('',(500.,-74.5,74.5));
#5651=CARTESIAN_POINT('',(0.,-74.5,74.5));
#5652=CARTESIAN_POINT('',(500.,-74.5,-74.5));
#5653=CARTESIAN_POINT('',(500.,-74.5,-74.5));
#5654=CARTESIAN_POINT('',(0.,-74.5,-74.5));
#5655=CARTESIAN_POINT('Origin',(0.,74.5,-74.5));
#5656=CARTESIAN_POINT('',(0.,74.5,-74.5));
#5657=CARTESIAN_POINT('',(0.,74.5,-74.5));
#5658=CARTESIAN_POINT('',(500.,74.5,-74.5));
#5659=CARTESIAN_POINT('',(500.,74.5,-74.5));
#5660=CARTESIAN_POINT('',(0.,74.5,-74.5));
#5661=CARTESIAN_POINT('Origin',(0.,74.5,74.5));
#5662=CARTESIAN_POINT('',(0.,74.5,74.5));
#5663=CARTESIAN_POINT('',(0.,74.5,74.5));
#5664=CARTESIAN_POINT('',(500.,74.5,74.5));
#5665=CARTESIAN_POINT('',(500.,74.5,74.5));
#5666=CARTESIAN_POINT('',(0.,74.5,74.5));
#5667=CARTESIAN_POINT('Origin',(0.,-74.5,74.5));
#5668=CARTESIAN_POINT('',(0.,-74.5,74.5));
#5669=CARTESIAN_POINT('',(500.,-74.5,74.5));
#5670=CARTESIAN_POINT('Origin',(0.,84.5,-84.5));
#5671=CARTESIAN_POINT('',(0.,84.5,84.5));
#5672=CARTESIAN_POINT('',(0.,84.5,-84.5));
#5673=CARTESIAN_POINT('',(0.,84.5,84.5));
#5674=CARTESIAN_POINT('',(500.,84.5,84.5));
#5675=CARTESIAN_POINT('',(0.,84.5,84.5));
#5676=CARTESIAN_POINT('',(500.,84.5,-84.5));
#5677=CARTESIAN_POINT('',(500.,84.5,84.5));
#5678=CARTESIAN_POINT('',(0.,84.5,-84.5));
#5679=CARTESIAN_POINT('Origin',(0.,-84.5,-84.5));
#5680=CARTESIAN_POINT('',(0.,-84.5,-84.5));
#5681=CARTESIAN_POINT('',(0.,84.5,-84.5));
#5682=CARTESIAN_POINT('',(500.,-84.5,-84.5));
#5683=CARTESIAN_POINT('',(500.,84.5,-84.5));
#5684=CARTESIAN_POINT('',(0.,-84.5,-84.5));
#5685=CARTESIAN_POINT('Origin',(0.,-84.5,84.5));
#5686=CARTESIAN_POINT('',(0.,-84.5,84.5));
#5687=CARTESIAN_POINT('',(0.,-84.5,-84.5));
#5688=CARTESIAN_POINT('',(500.,-84.5,84.5));
#5689=CARTESIAN_POINT('',(500.,-84.5,-84.5));
#5690=CARTESIAN_POINT('',(0.,-84.5,84.5));
#5691=CARTESIAN_POINT('Origin',(0.,84.5,84.5));
#5692=CARTESIAN_POINT('',(0.,-84.5,84.5));
#5693=CARTESIAN_POINT('',(500.,-84.5,84.5));
#5694=CARTESIAN_POINT('Origin',(500.,0.,0.));
#5695=CARTESIAN_POINT('Origin',(0.,0.,0.));
#5696=CARTESIAN_POINT('',(0.,0.,0.));
#5697=CARTESIAN_POINT('Origin',(0.,-64.,-64.));
#5698=CARTESIAN_POINT('',(0.,-64.,-64.));
#5699=CARTESIAN_POINT('',(0.,-64.,64.));
#5700=CARTESIAN_POINT('',(0.,-64.,-64.));
#5701=CARTESIAN_POINT('',(500.,-64.,64.));
#5702=CARTESIAN_POINT('',(0.,-64.,64.));
#5703=CARTESIAN_POINT('',(500.,-64.,-64.));
#5704=CARTESIAN_POINT('',(500.,-64.,-64.));
#5705=CARTESIAN_POINT('',(0.,-64.,-64.));
#5706=CARTESIAN_POINT('Origin',(0.,64.,-64.));
#5707=CARTESIAN_POINT('',(0.,64.,-64.));
#5708=CARTESIAN_POINT('',(0.,64.,-64.));
#5709=CARTESIAN_POINT('',(500.,64.,-64.));
#5710=CARTESIAN_POINT('',(500.,64.,-64.));
#5711=CARTESIAN_POINT('',(0.,64.,-64.));
#5712=CARTESIAN_POINT('Origin',(0.,64.,64.));
#5713=CARTESIAN_POINT('',(0.,64.,64.));
#5714=CARTESIAN_POINT('',(0.,64.,64.));
#5715=CARTESIAN_POINT('',(500.,64.,64.));
#5716=CARTESIAN_POINT('',(500.,64.,64.));
#5717=CARTESIAN_POINT('',(0.,64.,64.));
#5718=CARTESIAN_POINT('Origin',(0.,-64.,64.));
#5719=CARTESIAN_POINT('',(0.,-64.,64.));
#5720=CARTESIAN_POINT('',(500.,-64.,64.));
#5721=CARTESIAN_POINT('Origin',(0.,74.,-74.));
#5722=CARTESIAN_POINT('',(0.,74.,74.));
#5723=CARTESIAN_POINT('',(0.,74.,-74.));
#5724=CARTESIAN_POINT('',(0.,74.,74.));
#5725=CARTESIAN_POINT('',(500.,74.,74.));
#5726=CARTESIAN_POINT('',(0.,74.,74.));
#5727=CARTESIAN_POINT('',(500.,74.,-74.));
#5728=CARTESIAN_POINT('',(500.,74.,74.));
#5729=CARTESIAN_POINT('',(0.,74.,-74.));
#5730=CARTESIAN_POINT('Origin',(0.,-74.,-74.));
#5731=CARTESIAN_POINT('',(0.,-74.,-74.));
#5732=CARTESIAN_POINT('',(0.,74.,-74.));
#5733=CARTESIAN_POINT('',(500.,-74.,-74.));
#5734=CARTESIAN_POINT('',(500.,74.,-74.));
#5735=CARTESIAN_POINT('',(0.,-74.,-74.));
#5736=CARTESIAN_POINT('Origin',(0.,-74.,74.));
#5737=CARTESIAN_POINT('',(0.,-74.,74.));
#5738=CARTESIAN_POINT('',(0.,-74.,-74.));
#5739=CARTESIAN_POINT('',(500.,-74.,74.));
#5740=CARTESIAN_POINT('',(500.,-74.,-74.));
#5741=CARTESIAN_POINT('',(0.,-74.,74.));
#5742=CARTESIAN_POINT('Origin',(0.,74.,74.));
#5743=CARTESIAN_POINT('',(0.,-74.,74.));
#5744=CARTESIAN_POINT('',(500.,-74.,74.));
#5745=CARTESIAN_POINT('Origin',(500.,0.,0.));
#5746=CARTESIAN_POINT('Origin',(0.,0.,0.));
#5747=CARTESIAN_POINT('',(0.,0.,0.));
#5748=CARTESIAN_POINT('Origin',(535.,200.,-15.));
#5749=CARTESIAN_POINT('',(550.,-200.,-15.));
#5750=CARTESIAN_POINT('',(535.,-200.,-15.));
#5751=CARTESIAN_POINT('',(517.5,-200.,-15.));
#5752=CARTESIAN_POINT('',(550.,200.,-15.));
#5753=CARTESIAN_POINT('',(550.,100.,-15.));
#5754=CARTESIAN_POINT('',(535.,200.,-15.));
#5755=CARTESIAN_POINT('',(517.5,200.,-15.));
#5756=CARTESIAN_POINT('',(535.,200.,-15.));
#5757=CARTESIAN_POINT('Origin',(535.,200.,0.));
#5758=CARTESIAN_POINT('',(535.,-200.,0.));
#5759=CARTESIAN_POINT('',(535.,-200.,31.75));
#5760=CARTESIAN_POINT('',(535.,200.,0.));
#5761=CARTESIAN_POINT('',(535.,200.,-31.75));
#5762=CARTESIAN_POINT('',(535.,200.,0.));
#5763=CARTESIAN_POINT('Origin',(550.,200.,0.));
#5764=CARTESIAN_POINT('',(550.,-200.,0.));
#5765=CARTESIAN_POINT('',(525.,-200.,0.));
#5766=CARTESIAN_POINT('',(550.,200.,0.));
#5767=CARTESIAN_POINT('',(525.,200.,0.));
#5768=CARTESIAN_POINT('',(550.,100.,0.));
#5769=CARTESIAN_POINT('Origin',(515.208233074527,200.,38.5));
#5770=CARTESIAN_POINT('',(515.208233074527,-200.,-38.5));
#5771=CARTESIAN_POINT('',(515.208233074527,-200.,38.5));
#5772=CARTESIAN_POINT('',(515.208233074527,-200.,51.));
#5773=CARTESIAN_POINT('',(515.208233074527,200.,-38.5));
#5774=CARTESIAN_POINT('',(515.208233074527,200.,-38.5));
#5775=CARTESIAN_POINT('',(515.208233074527,200.,38.5));
#5776=CARTESIAN_POINT('',(515.208233074527,200.,-12.5));
#5777=CARTESIAN_POINT('',(515.208233074527,200.,38.5));
#5778=CARTESIAN_POINT('Origin',(525.,200.,38.5));
#5779=CARTESIAN_POINT('',(534.791766925473,-200.,38.5));
#5780=CARTESIAN_POINT('Origin',(525.,-200.,38.5));
#5781=CARTESIAN_POINT('',(534.791766925473,200.,38.5));
#5782=CARTESIAN_POINT('Origin',(525.,200.,38.5));
#5783=CARTESIAN_POINT('',(534.791766925473,200.,38.5));
#5784=CARTESIAN_POINT('Origin',(534.791766925473,200.,-38.5));
#5785=CARTESIAN_POINT('',(534.791766925473,-200.,-38.5));
#5786=CARTESIAN_POINT('',(534.791766925473,-200.,12.5));
#5787=CARTESIAN_POINT('',(534.791766925473,200.,-38.5));
#5788=CARTESIAN_POINT('',(534.791766925473,200.,-51.));
#5789=CARTESIAN_POINT('',(534.791766925473,200.,-38.5));
#5790=CARTESIAN_POINT('Origin',(525.,200.,-38.5));
#5791=CARTESIAN_POINT('Origin',(525.,-200.,-38.5));
#5792=CARTESIAN_POINT('Origin',(525.,200.,-38.5));
#5793=CARTESIAN_POINT('Origin',(550.,0.,0.));
#5794=CARTESIAN_POINT('',(550.,-200.,-63.5));
#5795=CARTESIAN_POINT('',(550.,-200.,-63.5));
#5796=CARTESIAN_POINT('',(550.,200.,-63.5));
#5797=CARTESIAN_POINT('',(550.,200.,-63.5));
#5798=CARTESIAN_POINT('',(550.,200.,63.5));
#5799=CARTESIAN_POINT('Origin',(500.,200.,-63.5));
#5800=CARTESIAN_POINT('',(500.,200.,-63.5));
#5801=CARTESIAN_POINT('',(500.,200.,-63.5));
#5802=CARTESIAN_POINT('',(500.,200.,63.5));
#5803=CARTESIAN_POINT('',(500.,200.,63.5));
#5804=CARTESIAN_POINT('',(550.,200.,63.5));
#5805=CARTESIAN_POINT('',(500.,200.,63.5));
#5806=CARTESIAN_POINT('',(550.,200.,63.5));
#5807=CARTESIAN_POINT('Origin',(500.,0.,0.));
#5808=CARTESIAN_POINT('',(500.,-53.5,-53.5));
#5809=CARTESIAN_POINT('',(500.,-53.5,53.5));
#5810=CARTESIAN_POINT('',(500.,-53.5,-53.5));
#5811=CARTESIAN_POINT('',(500.,53.5,53.5));
#5812=CARTESIAN_POINT('',(500.,-53.5,53.5));
#5813=CARTESIAN_POINT('',(500.,53.5,-53.5));
#5814=CARTESIAN_POINT('',(500.,53.5,53.5));
#5815=CARTESIAN_POINT('',(500.,53.5,-53.5));
#5816=CARTESIAN_POINT('Origin',(500.,0.,0.));
#5817=CARTESIAN_POINT('',(500.,-63.5,63.5));
#5818=CARTESIAN_POINT('',(500.,-63.5,-63.5));
#5819=CARTESIAN_POINT('',(500.,-63.5,-63.5));
#5820=CARTESIAN_POINT('',(500.,-200.,-63.5));
#5821=CARTESIAN_POINT('',(500.,200.,-63.5));
#5822=CARTESIAN_POINT('',(500.,-200.,63.5));
#5823=CARTESIAN_POINT('',(500.,-200.,-63.5));
#5824=CARTESIAN_POINT('',(500.,-200.,63.5));
#5825=CARTESIAN_POINT('Origin',(500.,0.,0.));
#5826=CARTESIAN_POINT('',(500.,63.5,-63.5));
#5827=CARTESIAN_POINT('',(500.,63.5,63.5));
#5828=CARTESIAN_POINT('',(500.,63.5,63.5));
#5829=CARTESIAN_POINT('',(500.,-200.,63.5));
#5830=CARTESIAN_POINT('',(500.,200.,-63.5));
#5831=CARTESIAN_POINT('Origin',(500.,-200.,63.5));
#5832=CARTESIAN_POINT('',(550.,-200.,63.5));
#5833=CARTESIAN_POINT('',(550.,-200.,-63.5));
#5834=CARTESIAN_POINT('',(500.,-200.,63.5));
#5835=CARTESIAN_POINT('',(500.,-200.,-63.5));
#5836=CARTESIAN_POINT('Origin',(550.,0.,0.));
#5837=CARTESIAN_POINT('',(550.,-200.,63.5));
#5838=CARTESIAN_POINT('Origin',(0.,63.5,63.5));
#5839=CARTESIAN_POINT('',(0.,63.5,63.5));
#5840=CARTESIAN_POINT('',(0.,63.5,63.5));
#5841=CARTESIAN_POINT('',(0.,-63.5,63.5));
#5842=CARTESIAN_POINT('',(0.,-63.5,63.5));
#5843=CARTESIAN_POINT('',(0.,-63.5,63.5));
#5844=CARTESIAN_POINT('Origin',(0.,-53.5,-53.5));
#5845=CARTESIAN_POINT('',(0.,-53.5,-53.5));
#5846=CARTESIAN_POINT('',(0.,-53.5,53.5));
#5847=CARTESIAN_POINT('',(0.,-53.5,-53.5));
#5848=CARTESIAN_POINT('',(0.,-53.5,53.5));
#5849=CARTESIAN_POINT('',(0.,-53.5,-53.5));
#5850=CARTESIAN_POINT('Origin',(0.,53.5,-53.5));
#5851=CARTESIAN_POINT('',(0.,53.5,-53.5));
#5852=CARTESIAN_POINT('',(0.,53.5,-53.5));
#5853=CARTESIAN_POINT('',(0.,53.5,-53.5));
#5854=CARTESIAN_POINT('Origin',(0.,53.5,53.5));
#5855=CARTESIAN_POINT('',(0.,53.5,53.5));
#5856=CARTESIAN_POINT('',(0.,53.5,53.5));
#5857=CARTESIAN_POINT('',(0.,53.5,53.5));
#5858=CARTESIAN_POINT('Origin',(0.,-53.5,53.5));
#5859=CARTESIAN_POINT('',(0.,-53.5,53.5));
#5860=CARTESIAN_POINT('Origin',(0.,63.5,-63.5));
#5861=CARTESIAN_POINT('',(0.,63.5,-63.5));
#5862=CARTESIAN_POINT('',(0.,63.5,63.5));
#5863=CARTESIAN_POINT('',(0.,63.5,-63.5));
#5864=CARTESIAN_POINT('Origin',(0.,-63.5,-63.5));
#5865=CARTESIAN_POINT('',(0.,-63.5,-63.5));
#5866=CARTESIAN_POINT('',(0.,-63.5,-63.5));
#5867=CARTESIAN_POINT('',(0.,63.5,-63.5));
#5868=CARTESIAN_POINT('Origin',(0.,-63.5,63.5));
#5869=CARTESIAN_POINT('',(0.,-63.5,-63.5));
#5870=CARTESIAN_POINT('Origin',(0.,0.,0.));
#5871=CARTESIAN_POINT('',(0.,0.,0.));
#5872=CARTESIAN_POINT('Origin',(33.,7.5,-32.5));
#5873=CARTESIAN_POINT('',(33.,-10.,-15.));
#5874=CARTESIAN_POINT('',(33.,25.,-15.));
#5875=CARTESIAN_POINT('',(33.,-10.,-15.));
#5876=CARTESIAN_POINT('',(33.,25.,-50.));
#5877=CARTESIAN_POINT('',(33.,25.,-15.));
#5878=CARTESIAN_POINT('',(33.,-10.,-50.));
#5879=CARTESIAN_POINT('',(33.,25.,-50.));
#5880=CARTESIAN_POINT('',(33.,-10.,-50.));
#5881=CARTESIAN_POINT('',(33.,15.,-25.));
#5882=CARTESIAN_POINT('',(33.,0.,-25.));
#5883=CARTESIAN_POINT('',(33.,0.,-25.));
#5884=CARTESIAN_POINT('',(33.,0.,-40.));
#5885=CARTESIAN_POINT('',(33.,0.,-40.));
#5886=CARTESIAN_POINT('',(33.,15.,-40.));
#5887=CARTESIAN_POINT('',(33.,15.,-40.));
#5888=CARTESIAN_POINT('',(33.,15.,-25.));
#5889=CARTESIAN_POINT('Origin',(33.,25.,-50.));
#5890=CARTESIAN_POINT('',(283.,25.,-15.));
#5891=CARTESIAN_POINT('',(33.,25.,-15.));
#5892=CARTESIAN_POINT('',(283.,25.,-50.));
#5893=CARTESIAN_POINT('',(283.,25.,-15.));
#5894=CARTESIAN_POINT('',(33.,25.,-50.));
#5895=CARTESIAN_POINT('Origin',(33.,-10.,-50.));
#5896=CARTESIAN_POINT('',(283.,-10.,-50.));
#5897=CARTESIAN_POINT('',(283.,25.,-50.));
#5898=CARTESIAN_POINT('',(33.,-10.,-50.));
#5899=CARTESIAN_POINT('Origin',(33.,-10.,-15.));
#5900=CARTESIAN_POINT('',(283.,-10.,-15.));
#5901=CARTESIAN_POINT('',(283.,-10.,-50.));
#5902=CARTESIAN_POINT('',(33.,-10.,-15.));
#5903=CARTESIAN_POINT('Origin',(33.,25.,-15.));
#5904=CARTESIAN_POINT('',(283.,-10.,-15.));
#5905=CARTESIAN_POINT('Origin',(283.,7.5,-32.5));
#5906=CARTESIAN_POINT('Origin',(3.,15.,-25.));
#5907=CARTESIAN_POINT('',(3.,0.,-25.));
#5908=CARTESIAN_POINT('',(3.,15.,-25.));
#5909=CARTESIAN_POINT('',(3.,7.5,-25.));
#5910=CARTESIAN_POINT('',(3.,0.,-25.));
#5911=CARTESIAN_POINT('',(3.,15.,-25.));
#5912=CARTESIAN_POINT('Origin',(3.,15.,-40.));
#5913=CARTESIAN_POINT('',(3.,15.,-40.));
#5914=CARTESIAN_POINT('',(3.,15.,-20.));
#5915=CARTESIAN_POINT('',(3.,15.,-40.));
#5916=CARTESIAN_POINT('Origin',(3.,0.,-40.));
#5917=CARTESIAN_POINT('',(3.,0.,-40.));
#5918=CARTESIAN_POINT('',(3.,0.,-40.));
#5919=CARTESIAN_POINT('',(3.,0.,-40.));
#5920=CARTESIAN_POINT('Origin',(3.,0.,-1.83697019872103E-16));
#5921=CARTESIAN_POINT('',(3.,0.,-50.));
#5922=CARTESIAN_POINT('',(3.,0.,-1.83697019872103E-16));
#5923=CARTESIAN_POINT('',(3.,180.,-50.));
#5924=CARTESIAN_POINT('',(3.,0.,-50.));
#5925=CARTESIAN_POINT('',(3.,180.,3.67394039744206E-16));
#5926=CARTESIAN_POINT('',(3.,180.,-1.83697019872103E-16));
#5927=CARTESIAN_POINT('',(3.,0.,3.67394039744206E-16));
#5928=CARTESIAN_POINT('',(3.,0.,3.67394039744206E-16));
#5929=CARTESIAN_POINT('',(3.,0.,-1.83697019872103E-16));
#5930=CARTESIAN_POINT('Origin',(-3.,0.,-50.));
#5931=CARTESIAN_POINT('',(-3.,0.,-50.));
#5932=CARTESIAN_POINT('',(-3.,0.,0.));
#5933=CARTESIAN_POINT('',(-3.,0.,-50.));
#5934=CARTESIAN_POINT('',(-3.,180.,0.));
#5935=CARTESIAN_POINT('',(-3.,0.,0.));
#5936=CARTESIAN_POINT('',(-3.,180.,-50.));
#5937=CARTESIAN_POINT('',(-3.,180.,-50.));
#5938=CARTESIAN_POINT('',(-3.,0.,-50.));
#5939=CARTESIAN_POINT('Origin',(0.,0.,-50.));
#5940=CARTESIAN_POINT('Origin',(0.,0.,-50.));
#5941=CARTESIAN_POINT('Origin',(0.,180.,-50.));
#5942=CARTESIAN_POINT('Origin',(0.,0.,0.));
#5943=CARTESIAN_POINT('Origin',(0.,0.,0.));
#5944=CARTESIAN_POINT('Origin',(0.,180.,0.));
#5945=CARTESIAN_POINT('Origin',(0.,180.,-25.));
#5946=CARTESIAN_POINT('Origin',(0.,0.,-25.));
#5947=CARTESIAN_POINT('',(0.,0.,0.));
#5948=CARTESIAN_POINT('Origin',(783.,7.5,-32.5));
#5949=CARTESIAN_POINT('',(783.,-10.,-50.));
#5950=CARTESIAN_POINT('',(783.,25.,-50.));
#5951=CARTESIAN_POINT('',(783.,25.,-50.));
#5952=CARTESIAN_POINT('',(783.,25.,-15.));
#5953=CARTESIAN_POINT('',(783.,25.,-15.));
#5954=CARTESIAN_POINT('',(783.,-10.,-15.));
#5955=CARTESIAN_POINT('',(783.,-10.,-15.));
#5956=CARTESIAN_POINT('',(783.,-10.,-50.));
#5957=CARTESIAN_POINT('Origin',(33.,7.5,-32.5));
#5958=CARTESIAN_POINT('',(33.,-10.,-15.));
#5959=CARTESIAN_POINT('',(33.,25.,-15.));
#5960=CARTESIAN_POINT('',(33.,-10.,-15.));
#5961=CARTESIAN_POINT('',(33.,25.,-50.));
#5962=CARTESIAN_POINT('',(33.,25.,-15.));
#5963=CARTESIAN_POINT('',(33.,-10.,-50.));
#5964=CARTESIAN_POINT('',(33.,25.,-50.));
#5965=CARTESIAN_POINT('',(33.,-10.,-50.));
#5966=CARTESIAN_POINT('',(33.,15.,-25.));
#5967=CARTESIAN_POINT('',(33.,0.,-25.));
#5968=CARTESIAN_POINT('',(33.,0.,-25.));
#5969=CARTESIAN_POINT('',(33.,0.,-40.));
#5970=CARTESIAN_POINT('',(33.,0.,-40.));
#5971=CARTESIAN_POINT('',(33.,15.,-40.));
#5972=CARTESIAN_POINT('',(33.,15.,-40.));
#5973=CARTESIAN_POINT('',(33.,15.,-25.));
#5974=CARTESIAN_POINT('Origin',(33.,25.,-50.));
#5975=CARTESIAN_POINT('',(33.,25.,-15.));
#5976=CARTESIAN_POINT('',(33.,25.,-50.));
#5977=CARTESIAN_POINT('Origin',(33.,-10.,-50.));
#5978=CARTESIAN_POINT('',(33.,-10.,-50.));
#5979=CARTESIAN_POINT('Origin',(33.,-10.,-15.));
#5980=CARTESIAN_POINT('',(33.,-10.,-15.));
#5981=CARTESIAN_POINT('Origin',(33.,25.,-15.));
#5982=CARTESIAN_POINT('Origin',(3.,15.,-25.));
#5983=CARTESIAN_POINT('',(3.,0.,-25.));
#5984=CARTESIAN_POINT('',(3.,15.,-25.));
#5985=CARTESIAN_POINT('',(3.,7.5,-25.));
#5986=CARTESIAN_POINT('',(3.,0.,-25.));
#5987=CARTESIAN_POINT('',(3.,15.,-25.));
#5988=CARTESIAN_POINT('Origin',(3.,15.,-40.));
#5989=CARTESIAN_POINT('',(3.,15.,-40.));
#5990=CARTESIAN_POINT('',(3.,15.,-20.));
#5991=CARTESIAN_POINT('',(3.,15.,-40.));
#5992=CARTESIAN_POINT('Origin',(3.,0.,-40.));
#5993=CARTESIAN_POINT('',(3.,0.,-40.));
#5994=CARTESIAN_POINT('',(3.,0.,-40.));
#5995=CARTESIAN_POINT('',(3.,0.,-40.));
#5996=CARTESIAN_POINT('Origin',(3.,0.,-1.83697019872103E-16));
#5997=CARTESIAN_POINT('',(3.,0.,-50.));
#5998=CARTESIAN_POINT('',(3.,0.,-1.83697019872103E-16));
#5999=CARTESIAN_POINT('',(3.,180.,-50.));
#6000=CARTESIAN_POINT('',(3.,0.,-50.));
#6001=CARTESIAN_POINT('',(3.,180.,3.67394039744206E-16));
#6002=CARTESIAN_POINT('',(3.,180.,-1.83697019872103E-16));
#6003=CARTESIAN_POINT('',(3.,0.,3.67394039744206E-16));
#6004=CARTESIAN_POINT('',(3.,0.,3.67394039744206E-16));
#6005=CARTESIAN_POINT('',(3.,0.,-1.83697019872103E-16));
#6006=CARTESIAN_POINT('Origin',(-3.,0.,-50.));
#6007=CARTESIAN_POINT('',(-3.,0.,-50.));
#6008=CARTESIAN_POINT('',(-3.,0.,0.));
#6009=CARTESIAN_POINT('',(-3.,0.,-50.));
#6010=CARTESIAN_POINT('',(-3.,180.,0.));
#6011=CARTESIAN_POINT('',(-3.,0.,0.));
#6012=CARTESIAN_POINT('',(-3.,180.,-50.));
#6013=CARTESIAN_POINT('',(-3.,180.,-50.));
#6014=CARTESIAN_POINT('',(-3.,0.,-50.));
#6015=CARTESIAN_POINT('Origin',(0.,0.,-50.));
#6016=CARTESIAN_POINT('Origin',(0.,0.,-50.));
#6017=CARTESIAN_POINT('Origin',(0.,180.,-50.));
#6018=CARTESIAN_POINT('Origin',(0.,0.,0.));
#6019=CARTESIAN_POINT('Origin',(0.,0.,0.));
#6020=CARTESIAN_POINT('Origin',(0.,180.,0.));
#6021=CARTESIAN_POINT('Origin',(0.,180.,-25.));
#6022=CARTESIAN_POINT('Origin',(0.,0.,-25.));
#6023=CARTESIAN_POINT('',(0.,0.,0.));
#6024=CARTESIAN_POINT('Origin',(784.,172.5,18.3840986074456));
#6025=CARTESIAN_POINT('',(784.,155.,0.884098607445587));
#6026=CARTESIAN_POINT('',(784.,190.,0.884098607445587));
#6027=CARTESIAN_POINT('',(784.,190.,0.884098607445587));
#6028=CARTESIAN_POINT('',(784.,190.,35.8840986074456));
#6029=CARTESIAN_POINT('',(784.,190.,35.8840986074456));
#6030=CARTESIAN_POINT('',(784.,155.,35.8840986074456));
#6031=CARTESIAN_POINT('',(784.,155.,35.8840986074456));
#6032=CARTESIAN_POINT('',(784.,155.,0.884098607445587));
#6033=CARTESIAN_POINT('Origin',(34.,172.5,18.3840986074456));
#6034=CARTESIAN_POINT('',(34.,155.,35.8840986074456));
#6035=CARTESIAN_POINT('',(34.,190.,35.8840986074456));
#6036=CARTESIAN_POINT('',(34.,155.,35.8840986074456));
#6037=CARTESIAN_POINT('',(34.,190.,0.884098607445587));
#6038=CARTESIAN_POINT('',(34.,190.,35.8840986074456));
#6039=CARTESIAN_POINT('',(34.,155.,0.884098607445587));
#6040=CARTESIAN_POINT('',(34.,190.,0.884098607445587));
#6041=CARTESIAN_POINT('',(34.,155.,0.884098607445587));
#6042=CARTESIAN_POINT('',(34.,165.,7.77463726632444));
#6043=CARTESIAN_POINT('',(34.,180.,7.77463726632444));
#6044=CARTESIAN_POINT('',(34.,165.,7.77463726632444));
#6045=CARTESIAN_POINT('',(34.,180.,22.7746372663244));
#6046=CARTESIAN_POINT('',(34.,180.,7.77463726632444));
#6047=CARTESIAN_POINT('',(34.,165.,22.7746372663244));
#6048=CARTESIAN_POINT('',(34.,180.,22.7746372663244));
#6049=CARTESIAN_POINT('',(34.,165.,22.7746372663244));
#6050=CARTESIAN_POINT('Origin',(34.,190.,0.884098607445587));
#6051=CARTESIAN_POINT('',(34.,190.,35.8840986074456));
#6052=CARTESIAN_POINT('',(34.,190.,0.884098607445587));
#6053=CARTESIAN_POINT('Origin',(34.,155.,0.884098607445587));
#6054=CARTESIAN_POINT('',(34.,155.,0.884098607445587));
#6055=CARTESIAN_POINT('Origin',(34.,155.,35.8840986074456));
#6056=CARTESIAN_POINT('',(34.,155.,35.8840986074456));
#6057=CARTESIAN_POINT('Origin',(34.,190.,35.8840986074456));
#6058=CARTESIAN_POINT('Origin',(4.,165.,7.77463726632444));
#6059=CARTESIAN_POINT('',(4.,180.,7.77463726632444));
#6060=CARTESIAN_POINT('',(4.,165.,7.77463726632444));
#6061=CARTESIAN_POINT('',(4.,82.5,7.77463726632444));
#6062=CARTESIAN_POINT('',(4.,180.,7.77463726632444));
#6063=CARTESIAN_POINT('',(4.,165.,7.77463726632444));
#6064=CARTESIAN_POINT('Origin',(4.,165.,22.7746372663244));
#6065=CARTESIAN_POINT('',(4.,165.,22.7746372663244));
#6066=CARTESIAN_POINT('',(4.,165.,31.3873186331622));
#6067=CARTESIAN_POINT('',(4.,165.,22.7746372663244));
#6068=CARTESIAN_POINT('Origin',(4.,180.,22.7746372663244));
#6069=CARTESIAN_POINT('',(4.,180.,22.7746372663244));
#6070=CARTESIAN_POINT('',(4.,90.,22.7746372663244));
#6071=CARTESIAN_POINT('',(4.,180.,22.7746372663244));
#6072=CARTESIAN_POINT('Origin',(4.,0.,40.));
#6073=CARTESIAN_POINT('',(4.,180.,40.));
#6074=CARTESIAN_POINT('',(4.,180.,40.));
#6075=CARTESIAN_POINT('',(4.,0.,40.));
#6076=CARTESIAN_POINT('',(4.,0.,40.));
#6077=CARTESIAN_POINT('',(4.,0.,0.));
#6078=CARTESIAN_POINT('',(4.,0.,40.));
#6079=CARTESIAN_POINT('',(4.,180.,0.));
#6080=CARTESIAN_POINT('',(4.,0.,0.));
#6081=CARTESIAN_POINT('',(4.,180.,40.));
#6082=CARTESIAN_POINT('Origin',(0.,0.,40.));
#6083=CARTESIAN_POINT('',(-4.,0.,40.));
#6084=CARTESIAN_POINT('Origin',(0.,0.,40.));
#6085=CARTESIAN_POINT('',(-4.,180.,40.));
#6086=CARTESIAN_POINT('Origin',(0.,180.,40.));
#6087=CARTESIAN_POINT('',(-4.,0.,40.));
#6088=CARTESIAN_POINT('Origin',(-4.,0.,2.44929359829471E-16));
#6089=CARTESIAN_POINT('',(-4.,0.,-4.89858719658941E-16));
#6090=CARTESIAN_POINT('',(-4.,0.,2.44929359829471E-16));
#6091=CARTESIAN_POINT('',(-4.,180.,-4.89858719658941E-16));
#6092=CARTESIAN_POINT('',(-4.,180.,2.44929359829471E-16));
#6093=CARTESIAN_POINT('',(-4.,0.,-4.89858719658941E-16));
#6094=CARTESIAN_POINT('Origin',(0.,0.,0.));
#6095=CARTESIAN_POINT('Origin',(0.,0.,0.));
#6096=CARTESIAN_POINT('Origin',(0.,180.,0.));
#6097=CARTESIAN_POINT('Origin',(0.,180.,20.));
#6098=CARTESIAN_POINT('Origin',(0.,0.,20.));
#6099=CARTESIAN_POINT('',(0.,0.,0.));
#6100=CARTESIAN_POINT('Origin',(1086.99506179004,-567.652976712576,40.));
#6101=CARTESIAN_POINT('',(1131.99506179004,-567.652976712576,70.));
#6102=CARTESIAN_POINT('Origin',(1086.99506179004,-567.652976712576,70.));
#6103=CARTESIAN_POINT('',(1131.99506179004,-567.652976712576,40.));
#6104=CARTESIAN_POINT('',(1131.99506179004,-567.652976712576,40.));
#6105=CARTESIAN_POINT('Origin',(1086.99506179004,-567.652976712576,40.));
#6106=CARTESIAN_POINT('Origin',(1086.99506179004,-567.652976712576,70.));
#6107=CARTESIAN_POINT('Origin',(100.,-100.,40.));
#6108=CARTESIAN_POINT('',(145.,-100.,70.));
#6109=CARTESIAN_POINT('Origin',(100.,-100.,70.));
#6110=CARTESIAN_POINT('',(145.,-100.,40.));
#6111=CARTESIAN_POINT('',(145.,-100.,40.));
#6112=CARTESIAN_POINT('Origin',(100.,-100.,40.));
#6113=CARTESIAN_POINT('Origin',(100.,-100.,70.));
#6114=CARTESIAN_POINT('Origin',(1100.,-100.,40.));
#6115=CARTESIAN_POINT('',(1145.,-100.,70.));
#6116=CARTESIAN_POINT('Origin',(1100.,-100.,70.));
#6117=CARTESIAN_POINT('',(1145.,-100.,40.));
#6118=CARTESIAN_POINT('',(1145.,-100.,40.));
#6119=CARTESIAN_POINT('Origin',(1100.,-100.,40.));
#6120=CARTESIAN_POINT('Origin',(1100.,-100.,70.));
#6121=CARTESIAN_POINT('Origin',(100.,-600.,40.));
#6122=CARTESIAN_POINT('',(145.,-600.,70.));
#6123=CARTESIAN_POINT('Origin',(100.,-600.,70.));
#6124=CARTESIAN_POINT('',(145.,-600.,40.));
#6125=CARTESIAN_POINT('',(145.,-600.,40.));
#6126=CARTESIAN_POINT('Origin',(100.,-600.,40.));
#6127=CARTESIAN_POINT('Origin',(100.,-600.,70.));
#6128=CARTESIAN_POINT('Origin',(0.,0.,0.));
#6129=CARTESIAN_POINT('',(0.,-700.,0.));
#6130=CARTESIAN_POINT('',(0.,0.,0.));
#6131=CARTESIAN_POINT('',(0.,-700.,0.));
#6132=CARTESIAN_POINT('',(0.,-700.,40.));
#6133=CARTESIAN_POINT('',(0.,-700.,0.));
#6134=CARTESIAN_POINT('',(0.,0.,40.));
#6135=CARTESIAN_POINT('',(0.,-700.,40.));
#6136=CARTESIAN_POINT('',(0.,0.,0.));
#6137=CARTESIAN_POINT('Origin',(1200.,0.,0.));
#6138=CARTESIAN_POINT('',(1200.,0.,0.));
#6139=CARTESIAN_POINT('',(0.,0.,0.));
#6140=CARTESIAN_POINT('',(1200.,0.,40.));
#6141=CARTESIAN_POINT('',(0.,0.,40.));
#6142=CARTESIAN_POINT('',(1200.,0.,0.));
#6143=CARTESIAN_POINT('Origin',(1200.,-700.,0.));
#6144=CARTESIAN_POINT('',(1200.,-700.,0.));
#6145=CARTESIAN_POINT('',(1200.,0.,0.));
#6146=CARTESIAN_POINT('',(1200.,-700.,40.));
#6147=CARTESIAN_POINT('',(1200.,0.,40.));
#6148=CARTESIAN_POINT('',(1200.,-700.,0.));
#6149=CARTESIAN_POINT('Origin',(0.,-700.,0.));
#6150=CARTESIAN_POINT('',(1200.,-700.,0.));
#6151=CARTESIAN_POINT('',(1200.,-700.,40.));
#6152=CARTESIAN_POINT('Origin',(600.,-350.,40.));
#6153=CARTESIAN_POINT('Origin',(600.,-350.,0.));
#6154=CARTESIAN_POINT('',(0.,0.,0.));
#6155=CARTESIAN_POINT('',(96.4458268294903,-349.500000000002,250.));
#6156=CARTESIAN_POINT('',(163.600027974661,-430.399972025338,1545.364586538));
#6157=CARTESIAN_POINT('',(0.,0.,0.));
#6158=CARTESIAN_POINT('',(600.000000000001,-355.,1641.10389547502));
#6159=CARTESIAN_POINT('',(1022.03842999315,-349.999999999982,1646.23061385508));
#6160=CARTESIAN_POINT('',(1450.,-349.999999999968,1645.364586538));
#6161=CARTESIAN_POINT('',(0.,0.,0.));
#6162=CARTESIAN_POINT('',(0.,0.,0.));
#6163=CARTESIAN_POINT('',(0.,0.,0.));
#6164=CARTESIAN_POINT('',(0.,0.,0.));
#6165=CARTESIAN_POINT('',(0.,0.,0.));
#6166=CARTESIAN_POINT('',(1980.00000000001,-699.999999999955,1669.364586538));
#6167=CARTESIAN_POINT('',(1984.37628447596,-174.714513524221,1621.50517619424));
#6168=CARTESIAN_POINT('',(696.854869066207,-702.188514782963,316.051718224337));
#6169=UNCERTAINTY_MEASURE_WITH_UNIT(LENGTH_MEASURE(0.01),#6193,
'DISTANCE_ACCURACY_VALUE',
'Maximum model space distance between geometric entities at asserted c
onnectivities');
#6170=UNCERTAINTY_MEASURE_WITH_UNIT(LENGTH_MEASURE(0.01),#6193,
'DISTANCE_ACCURACY_VALUE',
'Maximum model space distance between geometric entities at asserted c
onnectivities');
#6171=UNCERTAINTY_MEASURE_WITH_UNIT(LENGTH_MEASURE(0.01),#6193,
'DISTANCE_ACCURACY_VALUE',
'Maximum model space distance between geometric entities at asserted c
onnectivities');
#6172=UNCERTAINTY_MEASURE_WITH_UNIT(LENGTH_MEASURE(0.01),#6193,
'DISTANCE_ACCURACY_VALUE',
'Maximum model space distance between geometric entities at asserted c
onnectivities');
#6173=UNCERTAINTY_MEASURE_WITH_UNIT(LENGTH_MEASURE(0.01),#6193,
'DISTANCE_ACCURACY_VALUE',
'Maximum model space distance between geometric entities at asserted c
onnectivities');
#6174=UNCERTAINTY_MEASURE_WITH_UNIT(LENGTH_MEASURE(0.01),#6193,
'DISTANCE_ACCURACY_VALUE',
'Maximum model space distance between geometric entities at asserted c
onnectivities');
#6175=UNCERTAINTY_MEASURE_WITH_UNIT(LENGTH_MEASURE(0.01),#6193,
'DISTANCE_ACCURACY_VALUE',
'Maximum model space distance between geometric entities at asserted c
onnectivities');
#6176=UNCERTAINTY_MEASURE_WITH_UNIT(LENGTH_MEASURE(0.01),#6193,
'DISTANCE_ACCURACY_VALUE',
'Maximum model space distance between geometric entities at asserted c
onnectivities');
#6177=UNCERTAINTY_MEASURE_WITH_UNIT(LENGTH_MEASURE(0.01),#6193,
'DISTANCE_ACCURACY_VALUE',
'Maximum model space distance between geometric entities at asserted c
onnectivities');
#6178=UNCERTAINTY_MEASURE_WITH_UNIT(LENGTH_MEASURE(0.01),#6193,
'DISTANCE_ACCURACY_VALUE',
'Maximum model space distance between geometric entities at asserted c
onnectivities');
#6179=UNCERTAINTY_MEASURE_WITH_UNIT(LENGTH_MEASURE(0.01),#6193,
'DISTANCE_ACCURACY_VALUE',
'Maximum model space distance between geometric entities at asserted c
onnectivities');
#6180=UNCERTAINTY_MEASURE_WITH_UNIT(LENGTH_MEASURE(0.01),#6193,
'DISTANCE_ACCURACY_VALUE',
'Maximum model space distance between geometric entities at asserted c
onnectivities');
#6181=(
GEOMETRIC_REPRESENTATION_CONTEXT(3)
GLOBAL_UNCERTAINTY_ASSIGNED_CONTEXT((#6169))
GLOBAL_UNIT_ASSIGNED_CONTEXT((#6193,#6195,#6196))
REPRESENTATION_CONTEXT('','3D')
);
#6182=(
GEOMETRIC_REPRESENTATION_CONTEXT(3)
GLOBAL_UNCERTAINTY_ASSIGNED_CONTEXT((#6170))
GLOBAL_UNIT_ASSIGNED_CONTEXT((#6193,#6195,#6196))
REPRESENTATION_CONTEXT('','3D')
);
#6183=(
GEOMETRIC_REPRESENTATION_CONTEXT(3)
GLOBAL_UNCERTAINTY_ASSIGNED_CONTEXT((#6171))
GLOBAL_UNIT_ASSIGNED_CONTEXT((#6193,#6195,#6196))
REPRESENTATION_CONTEXT('','3D')
);
#6184=(
GEOMETRIC_REPRESENTATION_CONTEXT(3)
GLOBAL_UNCERTAINTY_ASSIGNED_CONTEXT((#6172))
GLOBAL_UNIT_ASSIGNED_CONTEXT((#6193,#6195,#6196))
REPRESENTATION_CONTEXT('','3D')
);
#6185=(
GEOMETRIC_REPRESENTATION_CONTEXT(3)
GLOBAL_UNCERTAINTY_ASSIGNED_CONTEXT((#6173))
GLOBAL_UNIT_ASSIGNED_CONTEXT((#6193,#6195,#6196))
REPRESENTATION_CONTEXT('','3D')
);
#6186=(
GEOMETRIC_REPRESENTATION_CONTEXT(3)
GLOBAL_UNCERTAINTY_ASSIGNED_CONTEXT((#6174))
GLOBAL_UNIT_ASSIGNED_CONTEXT((#6193,#6195,#6196))
REPRESENTATION_CONTEXT('','3D')
);
#6187=(
GEOMETRIC_REPRESENTATION_CONTEXT(3)
GLOBAL_UNCERTAINTY_ASSIGNED_CONTEXT((#6175))
GLOBAL_UNIT_ASSIGNED_CONTEXT((#6193,#6195,#6196))
REPRESENTATION_CONTEXT('','3D')
);
#6188=(
GEOMETRIC_REPRESENTATION_CONTEXT(3)
GLOBAL_UNCERTAINTY_ASSIGNED_CONTEXT((#6176))
GLOBAL_UNIT_ASSIGNED_CONTEXT((#6193,#6195,#6196))
REPRESENTATION_CONTEXT('','3D')
);
#6189=(
GEOMETRIC_REPRESENTATION_CONTEXT(3)
GLOBAL_UNCERTAINTY_ASSIGNED_CONTEXT((#6177))
GLOBAL_UNIT_ASSIGNED_CONTEXT((#6193,#6195,#6196))
REPRESENTATION_CONTEXT('','3D')
);
#6190=(
GEOMETRIC_REPRESENTATION_CONTEXT(3)
GLOBAL_UNCERTAINTY_ASSIGNED_CONTEXT((#6178))
GLOBAL_UNIT_ASSIGNED_CONTEXT((#6193,#6195,#6196))
REPRESENTATION_CONTEXT('','3D')
);
#6191=(
GEOMETRIC_REPRESENTATION_CONTEXT(3)
GLOBAL_UNCERTAINTY_ASSIGNED_CONTEXT((#6179))
GLOBAL_UNIT_ASSIGNED_CONTEXT((#6193,#6195,#6196))
REPRESENTATION_CONTEXT('','3D')
);
#6192=(
GEOMETRIC_REPRESENTATION_CONTEXT(3)
GLOBAL_UNCERTAINTY_ASSIGNED_CONTEXT((#6180))
GLOBAL_UNIT_ASSIGNED_CONTEXT((#6193,#6195,#6196))
REPRESENTATION_CONTEXT('','3D')
);
#6193=(
LENGTH_UNIT()
NAMED_UNIT(*)
SI_UNIT(.MILLI.,.METRE.)
);
#6194=(
LENGTH_UNIT()
NAMED_UNIT(*)
SI_UNIT($,.METRE.)
);
#6195=(
NAMED_UNIT(*)
PLANE_ANGLE_UNIT()
SI_UNIT($,.RADIAN.)
);
#6196=(
NAMED_UNIT(*)
SI_UNIT($,.STERADIAN.)
SOLID_ANGLE_UNIT()
);
#6197=SHAPE_DEFINITION_REPRESENTATION(#6208,#6234);
#6198=SHAPE_DEFINITION_REPRESENTATION(#6209,#6235);
#6199=SHAPE_DEFINITION_REPRESENTATION(#6210,#6236);
#6200=SHAPE_DEFINITION_REPRESENTATION(#6211,#6237);
#6201=SHAPE_DEFINITION_REPRESENTATION(#6212,#6238);
#6202=SHAPE_DEFINITION_REPRESENTATION(#6213,#6239);
#6203=SHAPE_DEFINITION_REPRESENTATION(#6214,#6240);
#6204=SHAPE_DEFINITION_REPRESENTATION(#6215,#6241);
#6205=SHAPE_DEFINITION_REPRESENTATION(#6216,#6242);
#6206=SHAPE_DEFINITION_REPRESENTATION(#6217,#6243);
#6207=SHAPE_DEFINITION_REPRESENTATION(#6218,#6244);
#6208=PRODUCT_DEFINITION_SHAPE('',$,#6246);
#6209=PRODUCT_DEFINITION_SHAPE('',$,#6247);
#6210=PRODUCT_DEFINITION_SHAPE('',$,#6248);
#6211=PRODUCT_DEFINITION_SHAPE('',$,#6249);
#6212=PRODUCT_DEFINITION_SHAPE('',$,#6250);
#6213=PRODUCT_DEFINITION_SHAPE('',$,#6251);
#6214=PRODUCT_DEFINITION_SHAPE('',$,#6252);
#6215=PRODUCT_DEFINITION_SHAPE('',$,#6253);
#6216=PRODUCT_DEFINITION_SHAPE('',$,#6254);
#6217=PRODUCT_DEFINITION_SHAPE('',$,#6255);
#6218=PRODUCT_DEFINITION_SHAPE('',$,#6256);
#6219=PRODUCT_DEFINITION_SHAPE($,$,#56);
#6220=PRODUCT_DEFINITION_SHAPE($,$,#57);
#6221=PRODUCT_DEFINITION_SHAPE($,$,#58);
#6222=PRODUCT_DEFINITION_SHAPE($,$,#59);
#6223=PRODUCT_DEFINITION_SHAPE($,$,#60);
#6224=PRODUCT_DEFINITION_SHAPE($,$,#61);
#6225=PRODUCT_DEFINITION_SHAPE($,$,#62);
#6226=PRODUCT_DEFINITION_SHAPE($,$,#63);
#6227=PRODUCT_DEFINITION_SHAPE($,$,#64);
#6228=PRODUCT_DEFINITION_SHAPE($,$,#65);
#6229=PRODUCT_DEFINITION_SHAPE($,$,#66);
#6230=PRODUCT_DEFINITION_SHAPE($,$,#67);
#6231=PRODUCT_DEFINITION_SHAPE($,$,#68);
#6232=PRODUCT_DEFINITION_SHAPE($,$,#69);
#6233=PRODUCT_DEFINITION_SHAPE($,$,#70);
#6234=SHAPE_REPRESENTATION('',(#3713,#3989,#3990,#3991,#3992,#3993,#3994,
#3995,#3996,#3997,#3998,#3999,#4000,#4001,#4002,#4003),#6181);
#6235=SHAPE_REPRESENTATION('',(#3714),#6182);
#6236=SHAPE_REPRESENTATION('',(#3807),#6183);
#6237=SHAPE_REPRESENTATION('',(#3836),#6184);
#6238=SHAPE_REPRESENTATION('',(#3856),#6185);
#6239=SHAPE_REPRESENTATION('',(#3867),#6186);
#6240=SHAPE_REPRESENTATION('',(#3878),#6187);
#6241=SHAPE_REPRESENTATION('',(#3906),#6188);
#6242=SHAPE_REPRESENTATION('',(#3926),#6189);
#6243=SHAPE_REPRESENTATION('',(#3946),#6190);
#6244=SHAPE_REPRESENTATION('',(#3966),#6191);
#6245=PRODUCT_DEFINITION_CONTEXT('part definition',#6280,'design');
#6246=PRODUCT_DEFINITION('2026-09-28-10-46-09-335','new assembly',#6257,
#6245);
#6247=PRODUCT_DEFINITION('2026-09-27-09-05-50-995','Base',#6258,#6245);
#6248=PRODUCT_DEFINITION('2026-09-27-15-48-26-619','vertical lift',#6259,
#6245);
#6249=PRODUCT_DEFINITION('2026-09-27-16-32-39-397','arm1',#6260,#6245);
#6250=PRODUCT_DEFINITION('2026-09-27-17-00-19-704','arm2',#6261,#6245);
#6251=PRODUCT_DEFINITION('2026-09-27-17-02-31-837','arm3',#6262,#6245);
#6252=PRODUCT_DEFINITION('2026-09-27-17-04-29-260','arm4',#6263,#6245);
#6253=PRODUCT_DEFINITION('2026-09-28-10-32-03-007','gripper1',#6264,#6245);
#6254=PRODUCT_DEFINITION('2026-09-28-10-32-03-007_1','gripper1new',#6265,
#6245);
#6255=PRODUCT_DEFINITION('2026-09-28-10-38-16-344','gripper2',#6266,#6245);
#6256=PRODUCT_DEFINITION('2026-09-28-11-38-08-105','plate1',#6267,#6245);
#6257=PRODUCT_DEFINITION_FORMATION('',$,#6282);
#6258=PRODUCT_DEFINITION_FORMATION('',$,#6283);
#6259=PRODUCT_DEFINITION_FORMATION('',$,#6284);
#6260=PRODUCT_DEFINITION_FORMATION('',$,#6285);
#6261=PRODUCT_DEFINITION_FORMATION('',$,#6286);
#6262=PRODUCT_DEFINITION_FORMATION('',$,#6287);
#6263=PRODUCT_DEFINITION_FORMATION('',$,#6288);
#6264=PRODUCT_DEFINITION_FORMATION('',$,#6289);
#6265=PRODUCT_DEFINITION_FORMATION('',$,#6290);
#6266=PRODUCT_DEFINITION_FORMATION('',$,#6291);
#6267=PRODUCT_DEFINITION_FORMATION('',$,#6292);
#6268=PRODUCT_RELATED_PRODUCT_CATEGORY('new assembly','new assembly',(#6282));
#6269=PRODUCT_RELATED_PRODUCT_CATEGORY('Base','Base',(#6283));
#6270=PRODUCT_RELATED_PRODUCT_CATEGORY('vertical lift','vertical lift',
(#6284));
#6271=PRODUCT_RELATED_PRODUCT_CATEGORY('arm1','arm1',(#6285));
#6272=PRODUCT_RELATED_PRODUCT_CATEGORY('arm2','arm2',(#6286));
#6273=PRODUCT_RELATED_PRODUCT_CATEGORY('arm3','arm3',(#6287));
#6274=PRODUCT_RELATED_PRODUCT_CATEGORY('arm4','arm4',(#6288));
#6275=PRODUCT_RELATED_PRODUCT_CATEGORY('gripper1','gripper1',(#6289));
#6276=PRODUCT_RELATED_PRODUCT_CATEGORY('gripper1new','gripper1new',(#6290));
#6277=PRODUCT_RELATED_PRODUCT_CATEGORY('gripper2','gripper2',(#6291));
#6278=PRODUCT_RELATED_PRODUCT_CATEGORY('plate1','plate1',(#6292));
#6279=APPLICATION_PROTOCOL_DEFINITION('international standard',
'automotive_design',2009,#6280);
#6280=APPLICATION_CONTEXT(
'Core Data for Automotive Mechanical Design Process');
#6281=PRODUCT_CONTEXT('part definition',#6280,'mechanical');
#6282=PRODUCT('2026-09-28-10-46-09-335','new assembly',$,(#6281));
#6283=PRODUCT('2026-09-27-09-05-50-995','Base',$,(#6281));
#6284=PRODUCT('2026-09-27-15-48-26-619','vertical lift',$,(#6281));
#6285=PRODUCT('2026-09-27-16-32-39-397','arm1',$,(#6281));
#6286=PRODUCT('2026-09-27-17-00-19-704','arm2',$,(#6281));
#6287=PRODUCT('2026-09-27-17-02-31-837','arm3',$,(#6281));
#6288=PRODUCT('2026-09-27-17-04-29-260','arm4',$,(#6281));
#6289=PRODUCT('2026-09-28-10-32-03-007','gripper1',$,(#6281));
#6290=PRODUCT('2026-09-28-10-32-03-007_1','gripper1new',$,(#6281));
#6291=PRODUCT('2026-09-28-10-38-16-344','gripper2',$,(#6281));
#6292=PRODUCT('2026-09-28-11-38-08-105','plate1',$,(#6281));
#6293=PRESENTATION_STYLE_ASSIGNMENT((#6295));
#6294=PRESENTATION_STYLE_ASSIGNMENT((#6296));
#6295=SURFACE_STYLE_USAGE(.BOTH.,#6297);
#6296=SURFACE_STYLE_USAGE(.BOTH.,#6298);
#6297=SURFACE_SIDE_STYLE('',(#6299));
#6298=SURFACE_SIDE_STYLE('',(#6300));
#6299=SURFACE_STYLE_FILL_AREA(#6301);
#6300=SURFACE_STYLE_FILL_AREA(#6302);
#6301=FILL_AREA_STYLE('Steel - Satin',(#6303));
#6302=FILL_AREA_STYLE('Opaque(160,160,160)',(#6304));
#6303=FILL_AREA_STYLE_COLOUR('Steel - Satin',#6305);
#6304=FILL_AREA_STYLE_COLOUR('Opaque(160,160,160)',#6306);
#6305=COLOUR_RGB('Steel - Satin',0.627450980392157,0.627450980392157,0.627450980392157);
#6306=COLOUR_RGB('Opaque(160,160,160)',0.627450980392157,0.627450980392157,
0.627450980392157);
ENDSEC;
END-ISO-10303-21;
